# YCB 003_cracker_box (google_16k), bounding box recentred at the origin; texture cracker_box_texture.png
v -0.033781 -0.064872 -0.013652
v -0.033505 -0.067532 -0.020365
v -0.032728 -0.077727 -0.016556
v -0.002717 -0.079802 -0.104027
v -0.005173 -0.079517 -0.104523
v -0.000426 -0.079706 -0.104398
v -0.005998 -0.078282 -0.105274
v -0.032473 -0.073179 -0.059763
v -0.032453 -0.072180 -0.068177
v -0.032088 -0.076511 -0.067406
v -0.002529 -0.075264 -0.105398
v 0.000583 -0.078352 -0.105177
v -0.026524 -0.079238 -0.023783
v -0.021150 -0.079430 -0.023853
v -0.025656 -0.079336 -0.017777
v -0.032942 -0.052447 -0.095717
v -0.033011 -0.047325 -0.096125
v -0.032877 -0.053031 -0.097245
v -0.015251 -0.079609 -0.017412
v 0.002948 -0.079791 -0.104138
v 0.003715 -0.078650 -0.104937
v -0.032462 -0.049929 -0.099444
v -0.023950 -0.079466 -0.011935
v 0.001349 -0.079852 -0.101553
v -0.032833 -0.046930 -0.097553
v -0.033439 -0.050951 -0.094646
v -0.033577 -0.047958 -0.094770
v -0.033387 -0.061317 -0.069625
v -0.032563 -0.069784 -0.078633
v -0.002595 -0.074098 -0.106541
v 0.000160 -0.074961 -0.105303
v -0.033689 -0.049295 -0.090458
v -0.033417 -0.052478 -0.092967
v -0.033291 -0.055309 -0.091992
v 0.003613 -0.076638 -0.105207
v -0.033477 -0.056420 -0.088764
v -0.033652 -0.052444 -0.089245
v 0.001961 -0.073727 -0.106443
v 0.003225 -0.074566 -0.105029
v 0.004455 -0.074122 -0.106033
v -0.033831 -0.053121 -0.085445
v -0.033219 -0.064637 -0.059123
v -0.026901 -0.079497 -0.013137
v -0.028386 -0.079379 -0.016296
v 0.005739 -0.079803 -0.104149
v -0.029324 -0.079490 -0.013705
v -0.033576 -0.047510 -0.092468
v 0.009913 -0.079466 -0.104426
v 0.009007 -0.079865 -0.103845
v 0.006994 -0.078980 -0.104762
v 0.005429 -0.077428 -0.105245
v 0.004708 -0.076123 -0.106011
v 0.007806 -0.076591 -0.105821
v 0.009102 -0.074189 -0.105744
v 0.012546 -0.078169 -0.104909
v -0.033712 -0.045298 -0.093108
v -0.033928 -0.055484 -0.059993
v -0.033915 -0.047582 -0.088122
v -0.031974 -0.045026 -0.100069
v -0.031576 -0.048790 -0.100885
v 0.012045 -0.079885 -0.103953
v -0.033269 -0.068857 -0.031395
v -0.032750 -0.075687 -0.026398
v -0.033134 -0.045242 -0.096213
v -0.032693 -0.043118 -0.098125
v 0.013446 -0.076934 -0.105533
v -0.031893 -0.042654 -0.099832
v -0.032789 -0.043441 -0.096688
v -0.034081 -0.051641 -0.068802
v -0.033616 -0.057488 -0.077198
v -0.031044 -0.044229 -0.102362
v 0.009346 -0.080003 -0.100664
v -0.031197 -0.040865 -0.101166
v -0.030833 -0.040718 -0.103098
v -0.031468 -0.038878 -0.101144
v 0.013573 -0.079957 -0.100532
v -0.031992 -0.039418 -0.099944
v 0.002036 -0.071480 -0.106631
v -0.003320 -0.071803 -0.106587
v -0.032547 -0.040952 -0.097557
v -0.033127 -0.039633 -0.096305
v 0.006509 -0.072739 -0.106620
v -0.033277 -0.042464 -0.095261
v -0.033846 -0.055195 -0.066199
v -0.033805 -0.042117 -0.091451
v -0.033826 -0.042945 -0.092822
v 0.002395 -0.067173 -0.106395
v 0.004486 -0.069727 -0.106550
v 0.005084 -0.065278 -0.106491
v 0.007259 -0.067446 -0.106594
v -0.030963 -0.078681 -0.010479
v -0.030336 -0.079224 -0.012802
v -0.029965 -0.079357 -0.008779
v -0.033006 -0.075723 -0.008303
v -0.032827 -0.077857 -0.011421
v -0.033320 -0.041401 -0.093974
v 0.006393 -0.064346 -0.106472
v -0.032918 -0.077568 -0.008405
v -0.033827 -0.039646 -0.092433
v 0.009918 -0.072392 -0.106529
v -0.031713 -0.078442 -0.012966
v 0.009902 -0.069383 -0.106453
v -0.031908 -0.078375 -0.008330
v -0.032253 -0.035086 -0.099070
v -0.033441 -0.036863 -0.094881
v 0.011419 -0.073255 -0.105616
v -0.033540 -0.057490 -0.085373
v -0.033483 -0.055523 -0.083968
v -0.033973 -0.050981 -0.085111
v -0.033687 -0.052798 -0.082875
v 0.012067 -0.070576 -0.105408
v 0.015581 -0.070399 -0.105359
v -0.033889 -0.054216 -0.081679
v -0.032991 -0.077740 -0.005861
v 0.010898 -0.068610 -0.105687
v -0.031820 -0.078517 -0.004905
v -0.033747 -0.050461 -0.083420
v -0.032979 -0.077804 -0.002894
v -0.034176 -0.049459 -0.085334
v -0.034254 -0.045896 -0.084696
v -0.033137 -0.075735 0.000092
v -0.034200 -0.043200 -0.085800
v 0.009816 -0.065280 -0.106487
v -0.033098 -0.067322 -0.051465
v -0.033579 -0.060993 -0.052378
v 0.007700 -0.062865 -0.106591
v -0.033886 -0.047386 -0.082993
v 0.011281 -0.065390 -0.105494
v -0.033857 -0.057534 -0.053870
v -0.033569 -0.069995 0.001486
v 0.016914 -0.073024 -0.105273
v -0.033506 -0.063056 -0.046668
v -0.034160 -0.048160 -0.080750
v 0.015495 -0.063927 -0.105318
v -0.033902 -0.051470 -0.079601
v -0.027195 -0.079378 -0.008523
v -0.034339 -0.043368 -0.083896
v 0.018182 -0.066697 -0.105169
v -0.024611 -0.079652 -0.007776
v 0.010962 -0.062354 -0.105540
v -0.034158 -0.042580 -0.082119
v -0.026104 -0.079464 -0.005215
v -0.034575 -0.039921 -0.079699
v 0.020756 -0.064202 -0.104874
v 0.017708 -0.061876 -0.105200
v -0.034243 -0.039159 -0.087703
v -0.021149 -0.079609 -0.003217
v -0.018038 -0.079630 -0.008654
v -0.030482 -0.078528 -0.103693
v -0.031041 -0.075932 -0.103295
v -0.029749 -0.078171 -0.105148
v -0.034045 -0.039354 -0.090179
v -0.029489 -0.075576 -0.104905
v -0.022213 -0.079716 -0.002926
v -0.031048 -0.076959 -0.101068
v -0.030198 -0.079347 -0.004188
v -0.029909 -0.070903 -0.104702
v -0.031653 -0.071953 -0.101924
v -0.027323 -0.073509 -0.105662
v -0.027832 -0.069836 -0.105510
v -0.034087 -0.032683 -0.091526
v -0.034203 -0.049266 -0.063973
v -0.031142 -0.078692 -0.002287
v -0.029169 -0.066407 -0.105057
v -0.030399 -0.079453 0.000491
v -0.034257 -0.034853 -0.088821
v -0.025520 -0.068252 -0.105729
v -0.026958 -0.062872 -0.105659
v -0.034520 -0.040965 -0.084039
v -0.030000 -0.065270 -0.104384
v -0.034437 -0.038861 -0.084759
v -0.021611 -0.079674 -0.000552
v -0.027412 -0.079496 -0.000643
v -0.029750 -0.063214 -0.104855
v -0.034694 -0.038493 -0.083108
v -0.034337 -0.039437 -0.081179
v -0.034537 -0.037142 -0.082245
v -0.034169 -0.053098 -0.053484
v -0.024985 -0.079661 0.002632
v -0.031584 -0.074903 -0.100791
v -0.031593 -0.074618 -0.098879
v -0.034374 -0.036190 -0.085821
v -0.031898 -0.070854 -0.099060
v -0.034394 -0.048116 -0.059263
v -0.031769 -0.073315 -0.096654
v -0.034783 -0.034894 -0.082676
v -0.032037 -0.070005 -0.097332
v -0.034551 -0.044397 -0.056355
v -0.032154 -0.071988 -0.095611
v -0.034716 -0.031465 -0.084446
v -0.034750 -0.032354 -0.082136
v -0.032012 -0.072493 -0.094104
v -0.032288 -0.069841 -0.093282
v -0.031282 -0.033515 -0.101663
v -0.030312 -0.032563 -0.104294
v -0.030353 -0.037820 -0.104315
v -0.033916 -0.061843 -0.019700
v -0.031919 -0.032723 -0.099756
v -0.030970 -0.069884 -0.103204
v -0.005717 -0.079715 -0.056893
v -0.013788 -0.079428 -0.058451
v -0.005224 -0.079665 -0.061808
v -0.032063 -0.068760 -0.100548
v -0.031026 -0.065675 -0.102625
v -0.030334 -0.028500 -0.104211
v -0.028761 -0.033038 -0.105387
v -0.034017 -0.059627 -0.014710
v -0.034116 -0.059896 -0.017328
v -0.030841 -0.028607 -0.102543
v -0.002632 -0.079677 -0.058804
v -0.031988 -0.065854 -0.100553
v -0.032443 -0.065391 -0.098654
v -0.032054 -0.027327 -0.099604
v -0.031689 -0.078183 -0.042755
v -0.030279 -0.079039 -0.045815
v -0.030333 -0.079029 -0.040098
v -0.034043 -0.062829 -0.000845
v -0.032249 -0.077804 -0.037622
v -0.031636 -0.078528 -0.035125
v -0.032652 -0.029251 -0.097794
v -0.032943 -0.034034 -0.096740
v -0.031130 -0.062073 -0.102525
v -0.032563 -0.077571 -0.032677
v -0.032456 -0.077225 -0.041979
v -0.030127 -0.059845 -0.104209
v -0.031500 -0.062379 -0.101417
v -0.032337 -0.062798 -0.100117
v -0.032280 -0.077520 -0.046601
v -0.032547 -0.074242 -0.048625
v -0.028138 -0.079189 -0.046641
v -0.034374 -0.055504 -0.013796
v -0.033357 -0.031701 -0.095569
v -0.032425 -0.064723 -0.096144
v -0.033602 -0.026693 -0.094271
v -0.033340 -0.023959 -0.095602
v -0.032752 -0.065621 -0.094196
v -0.032538 -0.066628 -0.092849
v -0.033142 -0.068459 -0.041872
v -0.032631 -0.074984 -0.038782
v -0.032627 -0.062186 -0.098619
v -0.033684 -0.033383 -0.093691
v -0.032310 -0.059505 -0.099865
v -0.028578 -0.027396 -0.105312
v -0.032917 -0.062067 -0.094637
v -0.030346 -0.024419 -0.104246
v -0.028514 -0.022671 -0.105301
v -0.032789 -0.057989 -0.096094
v -0.023431 -0.025086 -0.105847
v -0.032697 -0.058817 -0.097571
v -0.034453 -0.053003 -0.028213
v -0.034427 -0.052110 -0.033575
v -0.034252 -0.055360 -0.031921
v -0.030755 -0.023378 -0.102891
v -0.032307 -0.024135 -0.099002
v -0.032622 -0.067932 -0.090386
v -0.032977 -0.062693 -0.091998
v -0.030429 -0.021774 -0.104084
v -0.029508 -0.018927 -0.104722
v -0.032994 -0.064384 -0.087180
v -0.030406 -0.018145 -0.103990
v -0.034460 -0.053654 -0.020292
v -0.033961 -0.061014 -0.024988
v -0.033237 -0.057973 -0.094544
v -0.028442 -0.016487 -0.105196
v -0.034734 -0.048682 -0.023695
v -0.033185 -0.061002 -0.088717
v -0.032886 -0.063550 -0.085205
v -0.032578 -0.065963 -0.085623
v -0.035202 -0.039170 -0.033929
v -0.034633 -0.048345 -0.036000
v -0.034736 -0.047388 -0.030173
v -0.031097 -0.018543 -0.102087
v -0.034341 -0.051194 -0.032060
v -0.034626 -0.049707 -0.032651
v -0.032752 -0.019046 -0.097728
v -0.033857 -0.060301 -0.036844
v -0.032063 -0.017267 -0.099605
v -0.033206 -0.058810 -0.084495
v -0.033448 -0.059074 -0.082852
v -0.032808 -0.067331 -0.083142
v -0.031299 -0.014542 -0.101411
v -0.022941 -0.032802 -0.105895
v -0.033479 -0.059031 -0.080643
v -0.025074 -0.018086 -0.105685
v -0.020576 -0.021903 -0.106050
v -0.019571 -0.025116 -0.106075
v -0.027070 -0.079128 -0.040114
v -0.029744 -0.079281 -0.035291
v -0.025369 -0.075833 -0.105839
v -0.021672 -0.075738 -0.106101
v -0.024639 -0.077219 -0.105425
v -0.035150 -0.040355 -0.027119
v -0.033805 -0.030031 -0.093482
v -0.021900 -0.079729 -0.104621
v -0.025028 -0.078633 -0.105359
v -0.019482 -0.079482 -0.104773
v -0.026998 -0.079311 -0.034790
v -0.020955 -0.079498 -0.102070
v -0.023500 -0.079582 -0.104516
v -0.027184 -0.079882 -0.104416
v -0.033934 -0.030834 -0.091119
v -0.030289 -0.079134 -0.030187
v -0.034490 -0.031912 -0.089369
v -0.018434 -0.079670 -0.103368
v -0.020274 -0.078232 -0.105435
v -0.034373 -0.056520 -0.018118
v -0.027192 -0.079371 -0.031759
v -0.017705 -0.076761 -0.105494
v -0.034069 -0.028729 -0.091062
v -0.029195 -0.079570 -0.104509
v -0.029749 -0.079782 -0.102931
v -0.022625 -0.079255 -0.036189
v -0.019641 -0.079399 -0.030562
v -0.028179 -0.079203 -0.101858
v -0.026400 -0.079270 -0.101972
v -0.034009 -0.021441 -0.092826
v -0.033257 -0.020859 -0.095652
v -0.025227 -0.079100 -0.046679
v -0.029649 -0.079172 -0.101083
v -0.034701 -0.030785 -0.086622
v -0.034668 -0.028641 -0.086240
v -0.029220 -0.079204 -0.099368
v -0.024965 -0.079291 -0.098670
v -0.034480 -0.022071 -0.088136
v -0.021925 -0.079215 -0.042062
v -0.022020 -0.079322 -0.046156
v -0.034763 -0.051932 -0.016106
v -0.028499 -0.076654 -0.105466
v -0.034783 -0.048160 -0.018643
v -0.019427 -0.079261 -0.038592
v -0.018468 -0.079295 -0.042380
v -0.020552 -0.079442 -0.100014
v -0.034580 -0.051314 -0.013287
v -0.034836 -0.048469 -0.013880
v -0.015880 -0.079273 -0.043137
v -0.016735 -0.079199 -0.040312
v -0.016600 -0.079790 -0.104428
v -0.014496 -0.078255 -0.105417
v -0.014497 -0.079720 -0.104285
v -0.034845 -0.047760 -0.010059
v -0.013487 -0.079750 -0.104585
v -0.016077 -0.079293 -0.038335
v -0.013812 -0.079634 -0.101928
v -0.015582 -0.079588 -0.100784
v -0.033656 -0.018324 -0.094244
v -0.010449 -0.079051 -0.104972
v -0.010980 -0.079743 -0.104110
v -0.013247 -0.079382 -0.035792
v -0.008664 -0.079654 -0.039629
v -0.034999 -0.043622 -0.018434
v -0.032894 -0.014474 -0.097342
v -0.008670 -0.079753 -0.101783
v -0.033777 -0.013525 -0.094742
v -0.016492 -0.079687 -0.098761
v -0.035253 -0.037440 -0.020320
v -0.017295 -0.079237 -0.035000
v -0.021145 -0.079402 -0.096042
v -0.017612 -0.079471 -0.095716
v -0.034239 -0.016725 -0.091263
v -0.034614 -0.017870 -0.087964
v -0.034967 -0.045043 -0.015269
v -0.014904 -0.079366 -0.031969
v -0.010751 -0.079768 -0.097462
v -0.011969 -0.079680 -0.093607
v -0.034336 -0.012407 -0.091740
v -0.035157 -0.040948 -0.016171
v -0.034410 -0.015906 -0.089020
v -0.034659 -0.013362 -0.089016
v -0.035088 -0.042325 -0.013305
v -0.021116 -0.062997 -0.106061
v -0.019348 -0.065563 -0.106157
v -0.023489 -0.064955 -0.105916
v -0.021855 -0.071346 -0.106030
v -0.014401 -0.079570 -0.027239
v -0.012078 -0.079546 -0.029340
v -0.020507 -0.060547 -0.105959
v -0.025582 -0.059925 -0.105608
v -0.018265 -0.075534 -0.106220
v -0.016737 -0.073164 -0.106323
v -0.032063 -0.078392 -0.029421
v -0.020638 -0.058036 -0.105980
v -0.035337 -0.034702 -0.016683
v -0.018929 -0.060761 -0.106160
v -0.018485 -0.070056 -0.106186
v -0.033059 -0.077864 0.001022
v -0.016095 -0.065359 -0.106289
v -0.013026 -0.068486 -0.106418
v -0.023655 -0.079350 -0.030370
v -0.012858 -0.063212 -0.106399
v -0.025026 -0.057237 -0.105696
v -0.020140 -0.054864 -0.106093
v -0.033301 -0.075193 0.008522
v -0.032640 -0.077739 -0.027090
v -0.030452 -0.079136 -0.026174
v -0.014702 -0.056852 -0.106384
v -0.011177 -0.061263 -0.106517
v -0.010773 -0.058348 -0.106466
v -0.029822 -0.079296 -0.020626
v -0.010531 -0.068185 -0.106413
v -0.009649 -0.064330 -0.106380
v -0.013819 -0.076323 -0.105404
v -0.032130 -0.078593 0.000417
v -0.012463 -0.074906 -0.106435
v -0.015485 -0.075676 -0.106147
v -0.031324 -0.078699 0.001063
v -0.005840 -0.068482 -0.106444
v -0.008765 -0.070577 -0.106454
v -0.005597 -0.065855 -0.106555
v -0.006709 -0.079796 -0.104154
v -0.033083 -0.078001 0.003994
v -0.010015 -0.060126 -0.106449
v -0.009641 -0.076022 -0.105410
v -0.008022 -0.074554 -0.106504
v -0.006089 -0.075674 -0.105428
v -0.005689 -0.062266 -0.106438
v -0.017410 -0.079468 -0.022167
v -0.012612 -0.071553 -0.106454
v -0.002294 -0.060582 -0.106479
v -0.007529 -0.073679 -0.106602
v -0.008536 -0.079716 -0.022741
v -0.033951 -0.058099 -0.050382
v -0.031207 -0.077063 -0.096068
v -0.027284 -0.079079 -0.097433
v -0.033558 -0.059821 -0.049473
v -0.029433 -0.079049 -0.093965
v -0.030074 -0.078693 -0.095594
v -0.033774 -0.059141 -0.047518
v -0.033945 -0.055780 -0.049773
v -0.034167 -0.054079 -0.046508
v -0.027995 -0.078962 -0.094008
v -0.017456 -0.051998 -0.106299
v -0.024263 -0.079153 -0.095199
v -0.034285 -0.059055 0.001888
v -0.034541 -0.053245 -0.004143
v -0.014293 -0.053063 -0.106412
v -0.010023 -0.055608 -0.106444
v -0.034473 -0.056012 0.001874
v -0.025250 -0.079104 -0.089982
v -0.010756 -0.052756 -0.106547
v -0.012031 -0.051073 -0.106436
v -0.013664 -0.049002 -0.106418
v -0.030172 -0.078684 -0.091285
v -0.011217 -0.046437 -0.106512
v -0.010443 -0.048787 -0.106636
v -0.034127 -0.061866 0.005708
v -0.033718 -0.069629 0.012912
v -0.031671 -0.076579 -0.093742
v -0.034194 -0.061789 0.013734
v -0.031326 -0.077169 -0.090771
v -0.000852 -0.054654 -0.106467
v -0.028397 -0.078883 -0.090468
v -0.029834 -0.079018 -0.088977
v -0.033228 -0.077986 0.014330
v -0.009404 -0.051830 -0.106406
v -0.027669 -0.078953 -0.085207
v -0.034299 -0.054007 -0.050557
v -0.005591 -0.053362 -0.106464
v -0.005043 -0.050335 -0.106543
v -0.032126 -0.073283 -0.090368
v -0.009716 -0.047687 -0.106430
v -0.017542 -0.079432 -0.093143
v -0.034574 -0.046389 -0.052351
v -0.020624 -0.079296 -0.089402
v -0.005786 -0.047598 -0.106458
v -0.034108 -0.063319 0.016867
v -0.034476 -0.050672 -0.049968
v -0.000457 -0.050521 -0.106535
v -0.034214 -0.052932 -0.048872
v -0.000364 -0.052782 -0.106636
v -0.034505 -0.049344 -0.048328
v -0.014021 -0.079594 -0.087879
v -0.024094 -0.050758 -0.105757
v -0.034432 -0.056794 0.006823
v -0.034640 -0.052082 0.002724
v -0.019648 -0.051597 -0.106109
v -0.034736 -0.047713 -0.049680
v -0.034800 -0.045075 -0.049041
v -0.024123 -0.044957 -0.105800
v -0.019078 -0.047009 -0.106148
v -0.016541 -0.047709 -0.106341
v -0.034648 -0.048704 -0.046580
v -0.024467 -0.079079 -0.083485
v -0.034609 -0.046705 -0.045641
v -0.034526 -0.046619 -0.047731
v -0.034421 -0.056440 0.015162
v -0.015766 -0.079454 -0.084600
v -0.014701 -0.044146 -0.106441
v -0.005093 -0.079913 -0.098947
v -0.006899 -0.079824 -0.095537
v -0.002018 -0.068499 -0.106453
v -0.034773 -0.048594 0.012038
v -0.002487 -0.066801 -0.106652
v -0.009144 -0.079737 -0.093263
v -0.000194 -0.067382 -0.106718
v -0.001148 -0.079864 -0.097186
v -0.003096 -0.079972 -0.093852
v -0.005297 -0.079827 -0.092077
v -0.000300 -0.065154 -0.106591
v -0.003755 -0.079823 -0.101025
v 0.002165 -0.061472 -0.106406
v -0.034915 -0.044088 -0.012831
v 0.004814 -0.061781 -0.106542
v -0.035022 -0.040848 -0.011580
v -0.035340 -0.037300 -0.015051
v -0.035108 -0.038852 -0.014513
v 0.005726 -0.059369 -0.106524
v 0.003518 -0.057496 -0.106448
v -0.034500 -0.049793 -0.041785
v -0.035248 -0.035841 -0.012920
v -0.035039 -0.037836 -0.011361
v -0.034873 -0.044225 -0.042130
v -0.034918 -0.045705 0.000228
v -0.035165 -0.039197 -0.005062
v 0.007415 -0.058417 -0.106623
v 0.009424 -0.058147 -0.106512
v 0.004666 -0.056088 -0.106601
v 0.000247 -0.079792 -0.096030
v -0.001280 -0.079834 -0.092365
v -0.035187 -0.037994 -0.039515
v 0.001264 -0.053835 -0.106369
v 0.001905 -0.079915 -0.098639
v -0.035200 -0.035617 -0.010315
v 0.005196 -0.079926 -0.097609
v 0.005756 -0.055257 -0.106438
v -0.035374 -0.031197 -0.009138
v 0.009596 -0.079977 -0.096133
v 0.004849 -0.052408 -0.106550
v 0.007673 -0.051185 -0.106623
v 0.009653 -0.053962 -0.106548
v 0.004103 -0.049492 -0.106456
v 0.010025 -0.059932 -0.106292
v -0.034395 -0.045764 -0.076695
v 0.004126 -0.079862 -0.093144
v 0.011086 -0.057103 -0.105485
v -0.034613 -0.042656 -0.072215
v -0.034272 -0.044096 -0.078631
v -0.035088 -0.041542 0.004228
v -0.035380 -0.028396 0.000030
v -0.035221 -0.033565 0.006597
v -0.034887 -0.035171 -0.075005
v 0.013866 -0.079905 -0.089903
v 0.009564 -0.079909 -0.085705
v -0.034311 -0.047837 -0.065809
v 0.011274 -0.052164 -0.105757
v 0.012704 -0.054286 -0.105486
v 0.016012 -0.056355 -0.105247
v -0.009048 -0.079734 -0.090923
v 0.018416 -0.059074 -0.105034
v -0.004922 -0.079798 -0.089433
v -0.007154 -0.079885 -0.087680
v -0.034683 -0.034772 -0.077363
v -0.010327 -0.079667 -0.085891
v -0.034535 -0.034784 -0.080531
v -0.006200 -0.044186 -0.106568
v -0.008835 -0.079867 -0.085511
v -0.034958 -0.031126 -0.078616
v -0.004214 -0.045050 -0.106469
v -0.034544 -0.032287 -0.081165
v -0.034725 -0.030554 -0.079718
v -0.000168 -0.047978 -0.106466
v -0.005460 -0.079773 -0.085027
v -0.001231 -0.044413 -0.106585
v -0.009127 -0.079624 -0.079680
v -0.000025 -0.046475 -0.106653
v -0.002926 -0.079725 -0.079738
v -0.000594 -0.079864 -0.088245
v 0.001075 -0.079781 -0.090315
v -0.002291 -0.040002 -0.106443
v -0.000088 -0.042526 -0.106608
v 0.002050 -0.044378 -0.106395
v 0.001454 -0.079767 -0.087697
v -0.034976 -0.036570 -0.068539
v 0.004352 -0.040035 -0.106471
v -0.034668 -0.042305 -0.066558
v -0.034864 -0.045444 0.006391
v 0.002849 -0.037717 -0.106441
v 0.001142 -0.079729 -0.083111
v 0.001069 -0.035749 -0.106569
v 0.005389 -0.036478 -0.106512
v -0.017641 -0.041851 -0.106356
v -0.019757 -0.043454 -0.106103
v -0.034928 -0.037520 -0.062279
v -0.034518 -0.043453 -0.062785
v -0.018449 -0.038632 -0.106160
v 0.005333 -0.079835 -0.083646
v -0.014345 -0.038246 -0.106480
v -0.011324 -0.040421 -0.106506
v 0.001203 -0.079653 -0.078146
v 0.006372 -0.079786 -0.078672
v -0.010165 -0.042991 -0.106443
v -0.035015 -0.041354 0.007970
v -0.016180 -0.035101 -0.106398
v -0.035871 -0.011293 -0.042804
v -0.035850 -0.015368 -0.048209
v -0.035769 -0.018204 -0.043731
v -0.035850 -0.011583 -0.049753
v -0.013464 -0.033803 -0.106466
v -0.035260 -0.028383 -0.067074
v -0.035304 -0.029829 -0.063993
v -0.029884 -0.078971 -0.081618
v -0.030277 -0.078572 -0.084254
v -0.029428 -0.079028 -0.085029
v -0.010827 -0.034605 -0.106496
v -0.027888 -0.078949 -0.078709
v -0.008996 -0.037296 -0.106415
v -0.005070 -0.039289 -0.106562
v -0.030886 -0.077857 -0.075977
v -0.031765 -0.076684 -0.079099
v -0.030060 -0.078888 -0.078082
v -0.035806 -0.013165 -0.037789
v -0.035211 -0.030023 -0.061296
v -0.028009 -0.078978 -0.074708
v -0.010353 -0.036401 -0.106574
v -0.031721 -0.077153 -0.074498
v -0.032243 -0.075336 -0.078438
v -0.035787 -0.004085 -0.047911
v -0.030217 -0.078830 -0.073721
v -0.032352 -0.075917 -0.074745
v -0.034922 -0.026923 -0.085261
v -0.034984 -0.022331 -0.085399
v -0.034949 -0.024926 -0.083659
v -0.006883 -0.037596 -0.106554
v -0.035012 -0.020840 -0.083734
v -0.031474 -0.077657 -0.067223
v -0.030224 -0.079109 -0.070304
v -0.032110 -0.074941 -0.073543
v -0.032214 -0.075964 -0.072308
v -0.035120 -0.022333 -0.080708
v -0.031750 -0.077228 -0.071397
v -0.035111 -0.017661 -0.077893
v -0.035283 -0.018571 -0.080490
v -0.030307 -0.078995 -0.066690
v -0.012746 -0.030606 -0.106471
v -0.010582 -0.032603 -0.106531
v -0.034896 -0.029230 -0.083534
v -0.006606 -0.035669 -0.106587
v -0.034839 -0.028836 -0.081438
v -0.021436 -0.079226 -0.075880
v -0.023810 -0.079148 -0.077711
v -0.035816 -0.006626 -0.036275
v -0.006794 -0.031991 -0.106486
v -0.034884 -0.025630 -0.079404
v -0.009515 -0.030280 -0.106555
v -0.022047 -0.079187 -0.071598
v -0.027682 -0.078908 -0.071740
v -0.035053 -0.024574 -0.075661
v -0.017015 -0.028783 -0.106320
v -0.018964 -0.031053 -0.106199
v -0.035791 -0.000804 -0.038583
v -0.018995 -0.079300 -0.073358
v -0.018897 -0.079358 -0.070379
v -0.035267 -0.023461 -0.077014
v -0.021314 -0.079231 -0.069403
v -0.028094 -0.078923 -0.068811
v -0.025439 -0.079103 -0.068569
v -0.013709 -0.028303 -0.106482
v -0.010973 -0.027571 -0.106565
v -0.028330 -0.079073 -0.065876
v -0.014567 -0.025354 -0.106455
v -0.035092 -0.019227 -0.085603
v -0.011753 -0.024428 -0.106488
v -0.009174 -0.026578 -0.106446
v -0.009717 -0.023674 -0.106612
v -0.023521 -0.079184 -0.066343
v -0.017067 -0.023306 -0.106332
v -0.013774 -0.021873 -0.106459
v -0.034915 -0.017683 -0.085467
v -0.004804 -0.027280 -0.106474
v -0.019773 -0.079419 -0.068752
v -0.021360 -0.079401 -0.065104
v -0.035765 -0.003213 -0.029567
v -0.034987 -0.011476 -0.086343
v -0.035656 0.006583 -0.027681
v -0.003057 -0.031201 -0.106551
v -0.035162 -0.016310 -0.082389
v 0.000322 -0.037944 -0.106597
v -0.021034 -0.079202 -0.061815
v -0.015419 -0.079404 -0.067047
v -0.035403 -0.013241 -0.078933
v -0.032011 -0.075860 -0.088243
v -0.035264 -0.010646 -0.083784
v -0.035278 -0.010851 -0.082013
v -0.031718 -0.076591 -0.085056
v -0.032180 -0.074769 -0.086623
v 0.001720 -0.029223 -0.106505
v 0.000244 -0.032596 -0.106442
v -0.035349 -0.021852 -0.072740
v -0.035368 -0.029348 -0.039963
v -0.035525 -0.028364 -0.030962
v -0.035378 -0.037870 -0.030678
v 0.005878 -0.030950 -0.106504
v 0.004742 -0.028107 -0.106498
v -0.035528 -0.033467 -0.030058
v 0.006095 -0.050391 -0.106429
v -0.035311 -0.036236 -0.028892
v -0.035458 -0.016736 -0.075758
v -0.032592 -0.070466 -0.088240
v -0.032208 -0.072805 -0.086670
v -0.032404 -0.071675 -0.085816
v -0.035369 -0.015050 -0.073710
v -0.035463 -0.033138 -0.027346
v -0.032269 -0.073852 -0.084997
v -0.031555 -0.077011 -0.082041
v 0.010213 -0.050466 -0.106313
v -0.032351 -0.074722 -0.082834
v -0.035546 -0.018187 -0.068515
v 0.010107 -0.047252 -0.106450
v -0.032145 -0.073129 -0.083265
v -0.032151 -0.074171 -0.078757
v -0.035287 -0.026995 -0.043416
v -0.035311 -0.029598 -0.044497
v -0.035482 -0.021517 -0.064176
v 0.004395 -0.046012 -0.106486
v -0.032391 -0.069456 -0.086175
v -0.035514 -0.024078 -0.037305
v -0.035617 -0.023145 -0.047385
v -0.032460 -0.069519 -0.082423
v -0.035454 -0.010207 -0.078697
v -0.021867 -0.079226 -0.083075
v -0.035268 -0.010913 -0.077030
v 0.006857 -0.042773 -0.106538
v -0.035594 -0.008708 -0.074692
v 0.007582 -0.044968 -0.106625
v -0.015373 -0.079466 -0.081284
v 0.011205 -0.048037 -0.105539
v 0.011654 -0.045448 -0.105547
v 0.009926 -0.042825 -0.106453
v -0.035770 -0.008699 -0.069122
v -0.035450 -0.005621 -0.072627
v -0.020593 -0.079249 -0.080039
v -0.014295 -0.079529 -0.078807
v 0.011063 -0.042085 -0.105578
v -0.035356 -0.036311 -0.024837
v 0.013773 -0.051085 -0.105373
v 0.016665 -0.052596 -0.105223
v -0.035520 -0.031309 -0.021282
v -0.035681 -0.015362 -0.068345
v 0.016344 -0.047534 -0.105209
v -0.017536 -0.079340 -0.075965
v 0.022398 -0.056944 -0.104648
v 0.021099 -0.052318 -0.104716
v 0.019488 -0.048548 -0.104913
v -0.035031 -0.035832 -0.056891
v -0.035260 -0.031316 -0.059008
v -0.035456 -0.023880 -0.059963
v 0.023120 -0.049164 -0.104482
v -0.035239 -0.031822 -0.052903
v 0.020849 -0.043038 -0.104686
v -0.035487 -0.025554 -0.054235
v 0.023644 -0.044268 -0.104370
v -0.032939 -0.064377 -0.080354
v 0.014859 -0.043743 -0.105283
v -0.035308 -0.028852 -0.049216
v -0.035643 -0.023776 -0.053275
v 0.007485 -0.037590 -0.106652
v 0.009791 -0.037945 -0.106509
v 0.007399 -0.032714 -0.106626
v 0.011194 -0.037264 -0.105653
v -0.035753 -0.016062 -0.032109
v -0.033129 -0.063708 -0.075503
v 0.014627 -0.038842 -0.105272
v -0.035514 -0.017643 -0.065061
v -0.035642 -0.020591 -0.025779
v 0.009855 -0.034871 -0.106438
v -0.035706 -0.019964 -0.059085
v 0.009446 -0.029434 -0.106579
v -0.035597 -0.023733 -0.016576
v 0.010963 -0.033522 -0.105501
v -0.035634 -0.020041 -0.055815
v -0.035719 -0.013233 -0.061089
v 0.018094 -0.040791 -0.104964
v -0.035676 -0.009728 -0.065926
v -0.011747 -0.079712 -0.080835
v 0.017644 -0.033188 -0.104954
v 0.014131 -0.032628 -0.105289
v -0.035704 -0.009668 -0.062371
v 0.024720 -0.039219 -0.104163
v 0.021613 -0.037920 -0.104552
v -0.035809 -0.013216 -0.055490
v -0.035736 -0.007942 -0.059227
v -0.035604 -0.006605 -0.063322
v -0.035709 -0.001787 -0.064847
v -0.011579 -0.079537 -0.075623
v -0.015753 -0.079562 -0.074350
v -0.031556 -0.078787 0.005016
v -0.030562 -0.079393 0.004838
v -0.035839 -0.011339 -0.028134
v -0.035730 -0.018985 -0.050356
v -0.033122 -0.077920 0.007845
v -0.005995 -0.079637 -0.071957
v -0.031392 -0.078730 0.009479
v -0.030496 -0.079505 0.010820
v -0.028598 -0.079532 0.007627
v -0.024965 -0.079659 0.008155
v -0.035900 -0.014606 -0.052165
v -0.024939 -0.079871 0.012499
v -0.033221 -0.077883 0.011618
v -0.032352 -0.078528 0.011600
v -0.035652 -0.016811 -0.049866
v 0.001356 -0.079595 -0.074022
v -0.030917 -0.079456 0.015035
v -0.035490 -0.032462 -0.013414
v -0.027826 -0.079746 0.013928
v -0.035515 -0.029069 -0.014678
v -0.035792 -0.008083 -0.053989
v -0.031632 -0.078688 0.013899
v -0.001835 -0.079555 -0.071957
v -0.028914 -0.079606 0.016626
v -0.035796 -0.001865 -0.055286
v 0.001557 -0.079628 -0.068165
v -0.014130 -0.079457 -0.071768
v -0.032034 -0.078808 0.019589
v -0.032819 -0.078485 0.016718
v -0.031087 -0.079547 0.018991
v -0.035481 -0.027259 -0.007856
v -0.033299 -0.077979 0.018368
v -0.033098 -0.078303 0.020378
v -0.028541 -0.079665 0.022313
v -0.035846 0.000265 -0.050784
v -0.032110 -0.076750 -0.062506
v -0.035713 -0.013949 -0.021228
v -0.030296 -0.078904 -0.063545
v -0.003891 -0.079582 -0.065416
v -0.031487 -0.077869 -0.061274
v -0.035624 -0.016771 -0.014147
v -0.034274 -0.046139 -0.064222
v -0.034600 -0.045058 -0.065729
v -0.030189 -0.079124 -0.060319
v -0.027951 -0.078980 -0.062141
v -0.024585 -0.079103 -0.063604
v -0.035614 -0.012561 -0.016251
v -0.023452 -0.079351 -0.062659
v 0.001160 -0.079608 -0.064325
v -0.022998 -0.079300 -0.060074
v -0.034689 -0.041387 -0.059077
v -0.030559 -0.078761 -0.056671
v -0.029617 -0.079154 -0.057210
v -0.031811 -0.077801 -0.056206
v -0.032168 -0.076989 -0.058167
v -0.027353 -0.079041 -0.059042
v -0.027859 -0.079015 -0.055396
v -0.002785 -0.079610 -0.062620
v -0.023639 -0.079146 -0.055841
v -0.025542 -0.079136 -0.054217
v -0.034795 -0.039697 -0.053281
v -0.035516 -0.020145 -0.004391
v -0.029774 -0.079102 -0.053219
v -0.032216 -0.077427 -0.052898
v -0.029949 -0.057969 -0.104634
v -0.034704 -0.040112 -0.056725
v -0.027496 -0.059946 -0.105570
v -0.034984 -0.035346 -0.054335
v -0.034909 -0.042010 -0.049278
v -0.026856 -0.054707 -0.105729
v -0.029770 -0.079078 -0.049972
v -0.030569 -0.078784 -0.051937
v -0.031250 -0.056230 -0.102021
v -0.025842 -0.079097 -0.051720
v -0.030330 -0.053039 -0.104030
v -0.029576 -0.052886 -0.104953
v -0.034789 -0.042394 -0.046763
v -0.034959 -0.036856 -0.051358
v -0.025099 -0.054128 -0.105606
v -0.035444 -0.021880 0.002251
v -0.035078 -0.038574 -0.049204
v -0.025600 -0.050825 -0.105800
v -0.027997 -0.051965 -0.105484
v -0.032437 -0.056585 -0.099834
v -0.031491 -0.056892 -0.101247
v -0.032413 -0.054363 -0.099613
v -0.031499 -0.053490 -0.101094
v -0.035128 -0.032075 -0.049884
v -0.035557 -0.013833 -0.006424
v -0.030188 -0.047460 -0.104414
v -0.031064 -0.049364 -0.102597
v -0.034972 -0.038902 -0.044439
v -0.029397 -0.046640 -0.105105
v -0.035187 -0.036339 -0.045547
v -0.027360 -0.047765 -0.105693
v -0.034889 -0.038759 -0.047435
v -0.034999 -0.036010 -0.047262
v -0.020667 -0.079343 -0.058304
v -0.035371 -0.033488 -0.048047
v -0.035285 -0.032543 -0.046262
v -0.035448 -0.018825 0.000227
v -0.015123 -0.079491 -0.056230
v -0.025445 -0.043700 -0.105784
v -0.023842 -0.041405 -0.105786
v -0.035152 -0.033072 -0.043410
v -0.019205 -0.079372 -0.054823
v -0.035760 -0.008423 -0.023651
v -0.035759 -0.010250 -0.019266
v -0.029967 -0.042569 -0.104866
v -0.027713 -0.041971 -0.105595
v -0.029222 -0.038170 -0.105209
v -0.015846 -0.079411 -0.051689
v -0.024698 -0.040212 -0.105857
v -0.035663 -0.000773 -0.019085
v -0.010594 -0.079717 -0.055542
v -0.035537 -0.028614 -0.045599
v -0.023322 -0.038431 -0.105811
v -0.006909 -0.079834 -0.053285
v -0.035645 -0.007042 -0.012952
v -0.027832 -0.037741 -0.105582
v -0.035705 -0.000248 -0.024681
v -0.013236 -0.079532 -0.053623
v -0.025407 -0.036346 -0.105826
v -0.035514 -0.026711 -0.045282
v -0.010101 -0.079537 -0.052596
v -0.003894 -0.079794 -0.053400
v -0.005868 -0.079704 -0.051026
v -0.007934 -0.079609 -0.049627
v -0.023353 -0.035020 -0.105833
v -0.023701 -0.079272 -0.051993
v -0.020458 -0.079267 -0.051948
v -0.035546 0.007513 -0.017406
v -0.019383 -0.033752 -0.105996
v -0.031603 -0.078383 -0.020309
v -0.031198 -0.078939 -0.022252
v -0.020827 -0.079337 -0.049687
v -0.030399 -0.079061 -0.017839
v -0.031674 -0.078594 -0.018098
v -0.032728 -0.077593 -0.022228
v -0.019181 -0.079258 -0.047751
v -0.016231 -0.079456 -0.047422
v -0.030976 -0.078549 -0.015550
v -0.030006 -0.079428 -0.015922
v -0.035512 -0.006524 -0.003655
v -0.035575 -0.000374 -0.011450
v -0.014178 -0.079408 -0.048931
v -0.012202 -0.079406 -0.049050
v -0.011263 -0.079627 -0.044597
v -0.010113 -0.079774 -0.047161
v -0.008928 -0.079622 -0.046226
v -0.004552 -0.079871 -0.049766
v -0.005712 -0.079895 -0.046148
v -0.005696 -0.079729 -0.042584
v -0.035441 0.006666 -0.008882
v -0.035474 0.000192 -0.005755
v 0.032195 -0.051320 -0.056223
v 0.031686 -0.057046 -0.059169
v 0.032052 -0.051814 -0.058547
v 0.026902 -0.080696 0.003633
v 0.026831 -0.080873 0.006192
v 0.023751 -0.080824 0.006233
v 0.031756 -0.055349 -0.055108
v 0.032136 -0.055376 -0.064014
v 0.032862 -0.053730 -0.072450
v 0.032586 -0.051457 -0.064575
v 0.022645 -0.079695 -0.104107
v 0.018838 -0.080054 -0.103954
v 0.016611 -0.078277 -0.104824
v 0.024325 -0.080062 -0.103221
v 0.032024 -0.052251 -0.052449
v 0.016857 -0.079873 -0.101357
v 0.015349 -0.079886 -0.104075
v 0.027907 -0.079248 0.001680
v 0.027069 -0.080557 0.000058
v 0.031464 -0.059143 -0.064102
v 0.031859 -0.057811 -0.065159
v 0.027480 -0.078676 0.007831
v 0.031417 -0.057897 -0.053676
v 0.031403 -0.056274 -0.049275
v 0.031697 -0.054026 -0.051283
v 0.027672 -0.077139 0.003114
v 0.025999 -0.080917 0.008572
v 0.015189 -0.079884 -0.098667
v 0.031385 -0.059945 -0.060956
v 0.018742 -0.079903 -0.098436
v 0.031915 -0.051055 -0.049724
v 0.027076 -0.076010 0.009377
v 0.027367 -0.074872 0.006132
v 0.020698 -0.079800 -0.101520
v 0.031452 -0.059746 -0.058207
v 0.032480 -0.048635 -0.058464
v 0.032435 -0.047539 -0.054988
v 0.024675 -0.079644 -0.100390
v 0.032208 -0.052775 -0.059636
v 0.032188 -0.049236 -0.051817
v 0.022596 -0.080950 0.008790
v 0.019361 -0.080734 0.003534
v 0.021813 -0.079758 -0.097014
v 0.021863 -0.081572 0.014576
v 0.018860 -0.081043 0.009153
v 0.024287 -0.081592 0.010637
v 0.030593 -0.061278 -0.045412
v 0.031230 -0.055985 -0.044635
v 0.026041 -0.080770 0.011286
v 0.030884 -0.057072 -0.042027
v 0.024395 -0.079717 -0.094642
v 0.027442 -0.079664 -0.096688
v 0.027223 -0.079096 0.010078
v 0.030018 -0.065695 -0.041062
v 0.030001 -0.067202 -0.046523
v 0.030430 -0.063734 -0.047584
v 0.033539 -0.052564 -0.079829
v 0.032781 -0.056115 -0.075966
v 0.033390 -0.055059 -0.082291
v 0.018464 -0.077353 -0.105305
v 0.023197 -0.077495 -0.105175
v 0.026910 -0.079223 0.012620
v 0.030311 -0.062574 -0.042056
v 0.026785 -0.079857 -0.103816
v 0.034135 -0.051788 -0.086458
v 0.033852 -0.049928 -0.080124
v 0.019827 -0.075090 -0.105203
v 0.033533 -0.051471 -0.079233
v 0.024085 -0.074095 -0.104787
v 0.027008 -0.072377 0.009122
v 0.030601 -0.060265 -0.041112
v 0.026494 -0.077019 0.015018
v 0.028068 -0.077709 -0.005269
v 0.028175 -0.079092 -0.007141
v 0.028267 -0.078993 -0.011265
v 0.029829 -0.066843 -0.035927
v 0.030172 -0.062589 -0.036203
v 0.034140 -0.049573 -0.083987
v 0.034306 -0.046297 -0.081464
v 0.028434 -0.073983 -0.010049
v 0.030014 -0.063685 -0.033168
v 0.030593 -0.058890 -0.038684
v 0.028107 -0.074400 -0.004126
v 0.034139 -0.045179 -0.078767
v 0.033775 -0.048378 -0.076143
v 0.020497 -0.070876 -0.105035
v 0.028312 -0.071200 -0.005950
v 0.028695 -0.072221 -0.013731
v 0.028641 -0.068087 -0.009203
v 0.031032 -0.054523 -0.039753
v 0.033264 -0.051833 -0.076358
v 0.033913 -0.046518 -0.076409
v 0.031426 -0.053588 -0.045220
v 0.033885 -0.045013 -0.075559
v 0.025485 -0.071222 -0.104554
v 0.027912 -0.076974 -0.000629
v 0.033630 -0.046981 -0.073274
v 0.024296 -0.067500 -0.104572
v 0.027848 -0.072934 -0.000134
v 0.034558 -0.044282 -0.083391
v 0.034534 -0.046372 -0.086078
v 0.027867 -0.079930 -0.101946
v 0.034698 -0.043208 -0.085442
v 0.034965 -0.038628 -0.083060
v 0.029555 -0.079425 -0.103563
v 0.029415 -0.079090 -0.102100
v 0.031887 -0.048789 -0.047193
v 0.034521 -0.043225 -0.080504
v 0.028034 -0.069753 -0.001856
v 0.027661 -0.078168 -0.104884
v 0.032274 -0.046822 -0.050876
v 0.028186 -0.066801 -0.003632
v 0.029554 -0.078183 -0.104413
v 0.034649 -0.040085 -0.079918
v 0.027627 -0.068512 0.002662
v 0.027390 -0.075500 -0.104593
v 0.030698 -0.075629 -0.103387
v 0.030518 -0.078320 -0.103735
v 0.029746 -0.074772 -0.103941
v 0.030560 -0.077395 -0.103196
v 0.034849 -0.037733 -0.084941
v 0.031597 -0.047661 -0.040266
v 0.031373 -0.074735 -0.101303
v 0.028179 -0.072270 -0.104298
v 0.035021 -0.036643 -0.083941
v 0.028462 -0.064315 -0.005945
v 0.028993 -0.062538 -0.013243
v 0.035039 -0.036664 -0.085997
v 0.030665 -0.071121 -0.103253
v 0.034841 -0.037868 -0.079204
v 0.034844 -0.036668 -0.081262
v 0.032077 -0.042849 -0.043029
v 0.027456 -0.079623 -0.099791
v 0.028221 -0.062805 -0.003365
v 0.034913 -0.033898 -0.084692
v 0.034962 -0.034243 -0.079755
v 0.029219 -0.079025 -0.100732
v 0.028817 -0.060909 -0.009446
v 0.034206 -0.043599 -0.076339
v 0.028353 -0.058206 -0.004023
v 0.034367 -0.042333 -0.077844
v 0.028745 -0.079223 -0.098144
v 0.029916 -0.078637 -0.099310
v 0.029830 -0.076743 -0.100615
v 0.031122 -0.075306 -0.098474
v 0.033060 -0.045490 -0.061687
v 0.028806 -0.079410 -0.094914
v 0.034463 -0.039534 -0.076726
v 0.034563 -0.040877 -0.076431
v 0.029957 -0.078122 -0.096873
v 0.027655 -0.071297 0.003098
v 0.034318 -0.040775 -0.073380
v 0.032980 -0.043724 -0.058525
v 0.027357 -0.069865 0.006068
v 0.032607 -0.045184 -0.057136
v 0.031172 -0.073603 -0.099451
v 0.032507 -0.044205 -0.057694
v 0.032217 -0.071321 -0.100082
v 0.027866 -0.063928 0.000217
v 0.033238 -0.040731 -0.058667
v 0.033480 -0.042016 -0.064866
v 0.031475 -0.073753 -0.096841
v 0.032072 -0.071750 -0.097462
v 0.032696 -0.069570 -0.097226
v 0.034817 -0.037605 -0.075734
v 0.034763 -0.035918 -0.077093
v 0.032669 -0.044874 -0.053972
v 0.032733 -0.042538 -0.054352
v 0.026620 -0.072988 0.012474
v 0.026695 -0.069629 0.011540
v 0.032234 -0.047460 -0.053158
v 0.034009 -0.042720 -0.072193
v 0.032705 -0.040417 -0.049869
v 0.034187 -0.039348 -0.072236
v 0.032844 -0.042283 -0.057172
v 0.027073 -0.066302 0.008425
v 0.027486 -0.063702 0.003754
v 0.032743 -0.040920 -0.057154
v 0.034450 -0.037823 -0.073771
v 0.026794 -0.064576 0.009808
v 0.033090 -0.037791 -0.056372
v 0.033369 -0.037230 -0.057645
v 0.028048 -0.067453 -0.104161
v 0.027128 -0.062608 -0.104176
v 0.033041 -0.037256 -0.053330
v 0.022729 -0.061428 -0.104628
v 0.028081 -0.059043 -0.000909
v 0.034559 -0.035058 -0.073167
v 0.033812 -0.039740 -0.066386
v 0.033970 -0.036248 -0.065213
v 0.027683 -0.057009 0.003158
v 0.033962 -0.031513 -0.060544
v 0.028197 -0.054923 -0.002202
v 0.025765 -0.058305 -0.104250
v 0.034842 -0.031578 -0.074956
v 0.034427 -0.032665 -0.069122
v 0.034198 -0.032316 -0.064821
v 0.034259 -0.030202 -0.062725
v 0.034532 -0.030440 -0.065792
v 0.027477 -0.058614 0.004209
v 0.029902 -0.068776 -0.103744
v 0.026981 -0.062480 0.008675
v 0.030635 -0.065964 -0.103043
v 0.026986 -0.060886 0.007953
v 0.035034 -0.030202 -0.071253
v 0.033648 -0.032866 -0.057651
v 0.034843 -0.030323 -0.069227
v 0.027011 -0.058163 0.008306
v 0.029856 -0.063717 -0.103694
v 0.033136 -0.035321 -0.056239
v 0.033265 -0.034363 -0.054629
v 0.032049 -0.065715 -0.100551
v 0.032485 -0.066935 -0.099360
v 0.033175 -0.053552 -0.076431
v 0.032780 -0.068642 -0.099035
v 0.012116 -0.081098 0.011936
v 0.018248 -0.081593 0.017474
v 0.034081 -0.027103 -0.058926
v 0.034152 -0.032003 -0.057866
v 0.033700 -0.031267 -0.056732
v 0.023828 -0.081929 0.017864
v 0.033417 -0.049685 -0.073625
v 0.031875 -0.060971 -0.100287
v 0.032648 -0.063207 -0.098892
v 0.029714 -0.061033 -0.103657
v 0.030584 -0.061936 -0.102984
v 0.030523 -0.060117 -0.103223
v 0.027798 -0.055444 -0.103974
v 0.032725 -0.038563 -0.050918
v 0.020981 -0.082018 0.022585
v 0.029723 -0.055240 -0.103604
v 0.025174 -0.081580 0.017849
v 0.024190 -0.082016 0.021587
v 0.030581 -0.056062 -0.103085
v 0.014058 -0.081727 0.023620
v 0.023191 -0.081733 0.024052
v 0.025243 -0.081731 0.022769
v 0.015903 -0.079887 -0.095001
v 0.012478 -0.079915 -0.093450
v 0.033017 -0.048345 -0.066999
v 0.033287 -0.045994 -0.066133
v 0.020913 -0.079829 -0.093755
v 0.026047 -0.080572 0.015914
v 0.026309 -0.079376 0.017127
v 0.032841 -0.036145 -0.049462
v 0.017705 -0.079850 -0.092042
v 0.033737 -0.044372 -0.072223
v 0.032273 -0.037823 -0.041296
v 0.032617 -0.033456 -0.043514
v 0.025979 -0.080552 0.019572
v 0.026120 -0.074532 0.017861
v 0.032912 -0.035125 -0.051221
v 0.025762 -0.075772 0.019724
v 0.033086 -0.032893 -0.049343
v 0.033384 -0.030167 -0.052066
v 0.026146 -0.070920 0.016308
v 0.025718 -0.077856 0.021491
v 0.033667 -0.026020 -0.053426
v 0.017828 -0.079752 -0.089479
v 0.025800 -0.073398 0.020558
v 0.025755 -0.073435 0.024765
v 0.021560 -0.079754 -0.090125
v 0.025936 -0.068803 0.018694
v 0.025853 -0.070992 0.021484
v 0.026132 -0.079311 0.021281
v 0.026165 -0.080447 0.022553
v 0.024707 -0.079729 -0.092616
v 0.025629 -0.081309 0.026861
v 0.026070 -0.078221 0.024954
v 0.026384 -0.080121 0.025286
v 0.025915 -0.075844 0.025139
v 0.028308 -0.079595 -0.092826
v 0.028436 -0.079570 -0.089675
v 0.029102 -0.079217 -0.089896
v 0.033167 -0.023860 -0.046220
v 0.015710 -0.081908 0.026053
v 0.024810 -0.079673 -0.088375
v 0.030426 -0.058822 -0.034810
v 0.015969 -0.081598 0.029606
v 0.019414 -0.081625 0.026501
v 0.021860 -0.079701 -0.085251
v 0.029961 -0.060342 -0.025836
v 0.029779 -0.065302 -0.029990
v 0.029270 -0.078929 -0.084888
v 0.029740 -0.078100 -0.085914
v 0.027865 -0.079599 -0.084602
v 0.013080 -0.081746 0.029979
v 0.009000 -0.081553 0.028073
v 0.030878 -0.051712 -0.032802
v 0.010178 -0.081499 0.032300
v 0.030383 -0.054714 -0.027440
v 0.011103 -0.081314 0.034069
v 0.013969 -0.081611 0.032817
v 0.016270 -0.081656 0.031455
v -0.021030 -0.079937 0.008344
v -0.021798 -0.079860 0.011511
v 0.020336 -0.081621 0.030887
v 0.021776 -0.081502 0.035498
v 0.024483 -0.081725 0.028948
v 0.015106 -0.079883 -0.082503
v 0.026186 -0.080271 0.030547
v 0.025485 -0.081159 0.031843
v -0.025048 -0.079720 0.015253
v 0.023657 -0.081683 0.032330
v -0.026716 -0.079826 0.016606
v 0.031596 -0.043487 -0.036359
v 0.031370 -0.044527 -0.033282
v 0.025518 -0.081276 0.035376
v 0.026410 -0.079265 0.030142
v 0.026344 -0.080036 0.033847
v -0.020999 -0.079983 0.019365
v 0.025172 -0.081405 0.037591
v -0.015751 -0.080191 0.014166
v 0.025820 -0.067848 0.024610
v 0.026468 -0.079039 0.026476
v 0.030752 -0.044146 -0.024609
v 0.031049 -0.046875 -0.030464
v 0.026132 -0.078073 0.028358
v -0.025720 -0.079790 0.019495
v -0.022734 -0.080115 0.020083
v 0.031058 -0.043944 -0.029170
v 0.026066 -0.072309 0.030471
v 0.025859 -0.070857 0.026960
v 0.029516 -0.062352 -0.019918
v 0.029594 -0.055701 -0.016323
v 0.024751 -0.079760 -0.078518
v 0.021057 -0.079762 -0.078909
v 0.026226 -0.076367 0.031062
v -0.025023 -0.079862 0.022737
v 0.026625 -0.079544 -0.079297
v 0.028303 -0.079540 -0.081059
v 0.026344 -0.074432 0.035702
v 0.019352 -0.079839 -0.070871
v 0.030151 -0.050685 -0.021332
v -0.018935 -0.080255 0.023697
v 0.026048 -0.068186 0.032202
v 0.023480 -0.079727 -0.073898
v 0.029370 -0.059608 -0.016644
v 0.025869 -0.079785 -0.072808
v -0.015724 -0.080321 0.024141
v 0.029427 -0.057483 -0.015286
v 0.029408 -0.078666 -0.080915
v 0.026131 -0.067674 0.015960
v 0.028158 -0.079599 -0.074910
v 0.026530 -0.066110 0.012914
v 0.029371 -0.079095 -0.077366
v 0.029730 -0.050454 -0.015965
v 0.026267 -0.059978 0.014123
v 0.029636 -0.077142 -0.077930
v 0.029216 -0.078912 -0.071823
v 0.029424 -0.078628 -0.074698
v -0.008072 -0.080625 0.020749
v -0.010433 -0.080517 0.024230
v 0.029571 -0.076607 -0.073096
v 0.029923 -0.075049 -0.074992
v 0.025791 -0.066339 0.021458
v 0.025822 -0.064130 0.019050
v 0.026251 -0.062429 0.015009
v -0.009407 -0.080574 0.029285
v 0.006319 -0.079752 -0.072132
v 0.011674 -0.079843 -0.072447
v 0.025787 -0.059277 0.019101
v -0.005774 -0.080777 0.028446
v -0.002743 -0.079742 -0.050974
v 0.026431 -0.057943 0.013061
v 0.027120 -0.053413 0.006842
v 0.027607 -0.052188 0.003123
v 0.005458 -0.079516 -0.069981
v 0.026862 -0.054742 0.009374
v -0.003515 -0.079705 -0.046282
v 0.009180 -0.079760 -0.068593
v 0.026582 -0.052488 0.011485
v 0.031809 -0.034375 -0.032896
v 0.002251 -0.079669 -0.050146
v 0.004795 -0.079511 -0.067737
v 0.025927 -0.056762 0.017061
v 0.009053 -0.079761 -0.062924
v 0.026049 -0.054158 0.016588
v -0.000350 -0.079773 -0.044189
v 0.016392 -0.079874 -0.065672
v 0.026419 -0.054701 0.013076
v 0.026360 -0.049007 0.013703
v 0.025980 -0.050340 0.017037
v 0.002284 -0.079769 -0.038904
v 0.004579 -0.079770 -0.044203
v 0.032317 -0.030931 -0.037791
v 0.025893 -0.063575 0.026961
v 0.025680 -0.063081 0.023739
v -0.005510 -0.079608 -0.037547
v 0.025752 -0.060809 0.021138
v -0.003229 -0.079824 -0.040123
v 0.025548 -0.058458 0.024674
v 0.032697 -0.025480 -0.040738
v 0.025939 -0.067037 0.027969
v 0.025875 -0.064778 0.028965
v 0.025684 -0.060083 0.028167
v 0.023414 -0.079852 -0.062346
v 0.026072 -0.064177 0.031103
v 0.025727 -0.055808 0.021581
v 0.004823 -0.079623 -0.063188
v 0.007403 -0.079796 -0.039279
v 0.003534 -0.079838 -0.032317
v 0.031193 -0.037280 -0.027127
v 0.012660 -0.079889 -0.034874
v 0.011914 -0.079689 -0.039038
v 0.025765 -0.051954 0.020640
v 0.002456 -0.079584 -0.060741
v 0.003260 -0.079558 -0.056680
v 0.025679 -0.048335 0.021940
v -0.000759 -0.079645 -0.053451
v 0.031302 -0.030416 -0.025922
v 0.025659 -0.054388 0.026150
v 0.025662 -0.055686 0.028194
v 0.006229 -0.079601 -0.057899
v 0.025794 -0.050490 0.025203
v 0.030476 -0.039218 -0.020115
v 0.006380 -0.079599 -0.052899
v 0.009547 -0.079756 -0.055196
v 0.030577 -0.031127 -0.019082
v 0.029385 -0.052943 -0.013354
v 0.028875 -0.059281 -0.010507
v 0.029026 -0.056386 -0.010177
v 0.031980 -0.025615 -0.031931
v 0.029301 -0.052023 -0.011367
v 0.017447 -0.079885 -0.055351
v 0.021119 -0.079866 -0.059234
v 0.029197 -0.047530 -0.010058
v 0.028748 -0.054994 -0.007215
v 0.032434 -0.019014 -0.036001
v 0.031595 -0.017190 -0.026769
v 0.031241 -0.023684 -0.024108
v 0.028958 -0.049804 -0.007974
v 0.029929 -0.043614 -0.016060
v 0.026911 -0.079506 -0.070453
v 0.028457 -0.079412 -0.070142
v 0.009497 -0.079683 -0.048460
v 0.014069 -0.079908 -0.048842
v 0.026164 -0.079673 -0.068608
v 0.028894 -0.079182 -0.066706
v 0.029350 -0.078473 -0.066939
v 0.029513 -0.076782 -0.070135
v -0.004023 -0.079853 -0.014674
v -0.011089 -0.079789 -0.010486
v 0.028910 -0.044157 -0.007013
v 0.018647 -0.079867 -0.051384
v 0.030262 -0.071801 -0.071332
v 0.029505 -0.037664 -0.010873
v 0.028055 -0.079487 -0.065217
v 0.006594 -0.079653 -0.048514
v 0.026135 -0.079623 -0.063100
v 0.029166 -0.078306 -0.063639
v 0.028421 -0.079624 -0.062882
v -0.004773 -0.080021 -0.005585
v -0.009829 -0.079963 -0.003573
v 0.028596 -0.050430 -0.004395
v 0.029552 -0.076170 -0.066707
v 0.028012 -0.050278 -0.000148
v 0.028601 -0.047265 -0.004043
v 0.029579 -0.075261 -0.061863
v 0.029869 -0.073294 -0.064722
v 0.001680 -0.080011 -0.010107
v 0.012868 -0.079910 -0.043279
v 0.027597 -0.047832 0.003359
v -0.001977 -0.080080 -0.003062
v 0.022010 -0.079899 -0.054748
v 0.024663 -0.079836 -0.058630
v 0.004145 -0.080325 -0.000440
v 0.014694 -0.079911 -0.042207
v 0.016777 -0.079876 -0.047743
v 0.028028 -0.044928 0.000522
v 0.024980 -0.079800 -0.056462
v 0.024001 -0.079833 -0.054685
v 0.022394 -0.079919 -0.052116
v 0.027792 -0.080151 -0.054836
v 0.027006 -0.080086 -0.052469
v 0.004070 -0.079954 -0.018619
v 0.028325 -0.079828 -0.053100
v 0.027762 -0.080180 -0.049859
v 0.009584 -0.079717 -0.043758
v 0.007006 -0.079645 -0.043235
v 0.029140 -0.037747 -0.007637
v 0.027045 -0.079880 -0.061798
v 0.027983 -0.079952 -0.058231
v 0.029074 -0.079021 -0.058902
v 0.028746 -0.039833 -0.004941
v 0.028831 -0.037523 -0.005945
v 0.028409 -0.041797 -0.002350
v -0.017052 -0.079715 -0.003265
v 0.029588 -0.074079 -0.058748
v 0.027874 -0.040541 0.001885
v 0.028533 -0.036725 -0.002665
v 0.027976 -0.037612 0.000863
v 0.030019 -0.071225 -0.060310
v -0.014219 -0.079750 -0.003352
v 0.028475 -0.034178 -0.002473
v 0.028962 -0.078885 -0.054321
v 0.029151 -0.076473 -0.055620
v -0.012536 -0.080057 0.001196
v 0.029956 -0.034800 -0.014371
v 0.029274 -0.075255 -0.052806
v -0.016971 -0.079967 0.003366
v 0.029769 -0.071442 -0.054836
v 0.019483 -0.079977 -0.050188
v 0.028944 -0.078897 -0.051005
v -0.006647 -0.080040 -0.002243
v 0.029846 -0.078406 -0.094163
v 0.029463 -0.034383 -0.010563
v 0.029973 -0.031968 -0.014108
v 0.030793 -0.074656 -0.095440
v 0.030125 -0.076273 -0.090328
v 0.022492 -0.079947 -0.048241
v 0.023761 -0.079866 -0.051008
v 0.029934 -0.077928 -0.091297
v 0.029740 -0.077607 -0.088528
v -0.008096 -0.080184 0.000017
v -0.007624 -0.080141 0.002659
v 0.030073 -0.028046 -0.014568
v 0.030620 -0.025454 -0.018607
v 0.031668 -0.070821 -0.094201
v 0.031757 -0.069658 -0.091325
v -0.000557 -0.080371 0.003486
v -0.013756 -0.080021 0.004379
v -0.011175 -0.080074 0.003605
v 0.025670 -0.079862 -0.048322
v 0.030864 -0.072764 -0.088719
v 0.030455 -0.074077 -0.084428
v 0.027891 -0.080211 -0.046176
v 0.018452 -0.080069 -0.043568
v 0.030502 -0.019838 -0.017000
v 0.021925 -0.080026 -0.044563
v 0.033423 -0.066386 -0.096913
v 0.025628 -0.079957 -0.045391
v 0.032324 -0.067686 -0.094391
v 0.007156 -0.080103 -0.006335
v 0.008713 -0.080216 -0.007388
v 0.009916 -0.080160 -0.010348
v 0.029859 -0.025892 -0.012369
v 0.032886 -0.065124 -0.093733
v 0.033672 -0.063159 -0.095563
v 0.032476 -0.061702 -0.099559
v 0.033461 -0.061736 -0.097031
v 0.029221 -0.030747 -0.007723
v 0.033360 -0.064225 -0.097583
v 0.022380 -0.080113 -0.041924
v 0.025227 -0.079964 -0.043098
v 0.011153 -0.080121 -0.008866
v 0.029017 -0.032753 -0.005954
v 0.024430 -0.080041 -0.040196
v 0.014539 -0.080348 -0.005144
v 0.029470 -0.028328 -0.009732
v 0.033793 -0.059663 -0.096169
v 0.028829 -0.079067 -0.045431
v 0.034018 -0.060379 -0.094839
v 0.008479 -0.080327 -0.002760
v 0.032397 -0.065229 -0.088936
v 0.031953 -0.066537 -0.085572
v 0.027339 -0.080233 -0.043558
v 0.028462 -0.079798 -0.042778
v 0.033505 -0.061334 -0.093012
v 0.011689 -0.080364 -0.004078
v 0.028498 -0.029990 -0.002613
v 0.027722 -0.080246 -0.041653
v 0.034153 -0.057175 -0.093427
v 0.033046 -0.061577 -0.088866
v 0.028865 -0.027071 -0.004802
v 0.012055 -0.080342 -0.001518
v 0.028829 -0.079059 -0.039192
v 0.033529 -0.058944 -0.089762
v 0.016889 -0.080233 -0.008790
v 0.028804 -0.077901 -0.039572
v 0.029015 -0.076537 -0.043824
v 0.031119 -0.070673 -0.084876
v 0.028969 -0.023255 -0.004975
v 0.029223 -0.022395 -0.007465
v 0.029913 -0.024059 -0.013428
v 0.029653 -0.071473 -0.049427
v 0.032629 -0.062803 -0.085617
v 0.019959 -0.080209 -0.010268
v 0.023142 -0.080358 -0.007083
v 0.029841 -0.022865 -0.011860
v 0.029542 -0.015068 -0.009094
v 0.030420 -0.011853 -0.015589
v 0.020274 -0.080444 -0.003007
v 0.033272 -0.058776 -0.085224
v 0.029101 -0.075972 -0.048756
v 0.033216 -0.056594 -0.084171
v 0.033209 -0.057604 -0.083191
v 0.032350 -0.061719 -0.080792
v 0.014767 -0.080522 -0.000946
v 0.032907 -0.057058 -0.080382
v 0.023881 -0.080509 -0.000674
v 0.029309 -0.074076 -0.042341
v 0.030102 -0.074350 -0.078880
v 0.029175 -0.018975 -0.006664
v 0.031239 -0.068941 -0.080980
v 0.029451 -0.071939 -0.041868
v 0.027131 -0.044971 0.007623
v 0.011809 -0.080571 0.002172
v 0.030534 -0.072003 -0.076632
v 0.026607 -0.047150 0.010938
v 0.027274 -0.042163 0.006368
v 0.030597 -0.070609 -0.075476
v 0.027093 -0.040571 0.008181
v 0.029792 -0.069092 -0.044317
v 0.026598 -0.043032 0.011166
v 0.032000 -0.064913 -0.081878
v 0.007140 -0.080739 0.007887
v 0.031153 -0.067774 -0.075663
v 0.027506 -0.038415 0.005122
v 0.031471 -0.066171 -0.078578
v 0.016977 -0.080102 -0.040528
v 0.014425 -0.079984 -0.037514
v 0.032009 -0.062288 -0.077426
v 0.027589 -0.035309 0.004575
v 0.027715 -0.031608 0.003478
v 0.018490 -0.080068 -0.038296
v 0.014936 -0.080766 0.004875
v 0.027429 -0.039363 0.006778
v 0.027599 -0.035105 0.006477
v 0.027134 -0.034967 0.007827
v 0.023607 -0.053522 -0.104475
v 0.014689 -0.080481 0.001303
v 0.023378 -0.080138 -0.033653
v 0.024915 -0.080000 -0.037341
v 0.027415 -0.032393 0.007005
v 0.026610 -0.037121 0.011366
v 0.027610 -0.049858 -0.103870
v 0.026812 -0.030193 0.010656
v 0.025360 -0.047744 -0.104231
v 0.026362 -0.042886 0.014120
v 0.026456 -0.039394 0.013393
v 0.025912 -0.040347 0.017508
v 0.018263 -0.080687 0.004529
v 0.016733 -0.080101 -0.033150
v 0.026413 -0.036616 0.014399
v 0.026571 -0.033378 0.012135
v 0.030555 -0.052395 -0.103092
v 0.030003 -0.050883 -0.103538
v 0.014924 -0.080014 -0.029661
v 0.030760 -0.048575 -0.102662
v 0.031049 -0.050311 -0.101617
v 0.027265 -0.030295 0.008933
v 0.019801 -0.080175 -0.034760
v 0.031987 -0.057124 -0.100097
v 0.026227 -0.032503 0.015947
v 0.026007 -0.038089 0.017881
v 0.028950 -0.067077 -0.016022
v 0.031115 -0.053761 -0.101637
v 0.025794 -0.032540 0.019013
v 0.025688 -0.035344 0.019463
v 0.029271 -0.062848 -0.016688
v 0.032512 -0.054378 -0.099174
v 0.032719 -0.055510 -0.098384
v 0.033227 -0.057545 -0.097236
v 0.027771 -0.080178 -0.039047
v 0.025971 -0.029995 0.018272
v 0.026183 -0.029049 0.016586
v 0.032651 -0.052339 -0.098348
v 0.032339 -0.050328 -0.099221
v -0.020981 -0.079767 0.003250
v 0.031914 -0.048653 -0.100069
v 0.028049 -0.027198 0.001336
v 0.034282 -0.055047 -0.094790
v 0.027268 -0.080397 -0.034973
v -0.017759 -0.079939 0.007737
v 0.028400 -0.023752 -0.000831
v 0.028057 -0.079968 -0.035235
v 0.034432 -0.053056 -0.092146
v 0.027920 -0.025257 0.001935
v -0.015056 -0.080058 0.007716
v 0.029006 -0.075878 -0.038752
v 0.033628 -0.051728 -0.096320
v 0.027323 -0.028492 0.007104
v 0.028663 -0.078966 -0.033450
v 0.027438 -0.025879 0.006121
v 0.033708 -0.048273 -0.095824
v 0.033366 -0.047540 -0.096932
v 0.025804 -0.080135 -0.033272
v 0.034650 -0.049936 -0.093215
v 0.027391 -0.026334 0.007927
v 0.027681 -0.021420 0.004666
v 0.027031 -0.080356 -0.029735
v 0.027617 -0.023396 0.005692
v 0.028190 -0.079748 -0.031671
v 0.027981 -0.080147 -0.029507
v 0.025699 -0.043574 -0.104010
v 0.027762 -0.045515 -0.103887
v -0.008895 -0.080439 0.012851
v 0.030406 -0.047228 -0.103385
v 0.028598 -0.017987 -0.002382
v 0.028931 -0.016807 -0.004379
v 0.028268 -0.019637 0.000533
v 0.029662 -0.043553 -0.103517
v 0.028639 -0.077596 -0.032982
v -0.001551 -0.080600 0.010374
v -0.004180 -0.080662 0.014915
v 0.028582 -0.078819 -0.028701
v 0.030473 -0.044533 -0.103048
v 0.031721 -0.043470 -0.100402
v 0.027853 -0.040099 -0.103776
v 0.030404 -0.041169 -0.103101
v 0.032692 -0.045262 -0.098266
v 0.027541 -0.018863 0.005557
v 0.028293 -0.015810 0.000685
v 0.027440 -0.016298 0.006638
v 0.028461 -0.013233 -0.001154
v 0.028242 -0.013735 0.000768
v 0.029359 -0.072083 -0.035850
v 0.031495 -0.041229 -0.100719
v 0.030073 -0.038719 -0.103335
v 0.027925 -0.012425 0.003662
v 0.031855 -0.037609 -0.099893
v 0.026667 -0.027435 0.011446
v 0.026949 -0.025351 0.009909
v 0.027357 -0.023429 0.008523
v 0.032917 -0.039071 -0.097656
v 0.027294 -0.021353 0.008376
v 0.000462 -0.080855 0.014004
v 0.029293 -0.071502 -0.032708
v 0.027067 -0.018347 0.009957
v 0.027397 -0.018415 0.008734
v 0.034189 -0.045365 -0.094522
v 0.033717 -0.043614 -0.095937
v 0.033089 -0.042179 -0.097340
v 0.026331 -0.025878 0.015502
v 0.028838 -0.074790 -0.028801
v 0.026370 -0.019370 0.015322
v 0.025862 -0.022560 0.019397
v 0.033997 -0.054796 -0.087595
v 0.033617 -0.055430 -0.086342
v 0.026658 -0.017474 0.012657
v 0.034424 -0.051524 -0.089218
v 0.029785 -0.066749 -0.032276
v -0.001074 -0.080898 0.020671
v 0.034661 -0.047238 -0.089826
v 0.034541 -0.051219 -0.087454
v 0.034618 -0.048134 -0.087742
v -0.007448 -0.079647 -0.030912
v 0.027251 -0.016402 0.009484
v 0.002940 -0.081201 0.018594
v 0.027432 -0.012723 0.007436
v 0.027663 -0.009672 0.005599
v 0.007720 -0.081155 0.015995
v 0.034377 -0.049150 -0.086593
v 0.026820 -0.015689 0.011696
v -0.002287 -0.079829 -0.034324
v 0.027279 -0.014239 0.010265
v 0.026963 -0.012932 0.011554
v 0.027322 -0.009617 0.007558
v 0.002792 -0.081187 0.022937
v 0.007995 -0.081411 0.022453
v 0.027070 -0.010212 0.011162
v 0.027152 -0.008050 0.010083
v 0.034910 -0.044281 -0.092155
v 0.034131 -0.039358 -0.094794
v 0.034804 -0.039622 -0.092829
v 0.026807 -0.049881 0.009581
v 0.033558 -0.036200 -0.096196
v -0.002268 -0.081002 0.024830
v 0.034731 -0.034306 -0.093206
v 0.035116 -0.037942 -0.090920
v -0.005886 -0.079754 -0.026479
v -0.001441 -0.079743 -0.029206
v 0.034886 -0.043704 -0.086594
v 0.034781 -0.043290 -0.087934
v 0.035009 -0.040867 -0.087112
v 0.026186 -0.044069 0.014690
v 0.001257 -0.079846 -0.025901
v 0.034984 -0.039886 -0.088800
v 0.035198 -0.035523 -0.087536
v 0.025923 -0.045371 0.018281
v 0.025969 -0.041337 0.017861
v 0.025700 -0.044457 0.022391
v 0.030948 -0.067626 -0.071758
v 0.031058 -0.066635 -0.073278
v 0.004673 -0.081308 0.028512
v 0.025705 -0.041803 0.021496
v 0.008285 -0.079972 -0.026351
v 0.031582 -0.064128 -0.074123
v 0.025888 -0.037843 0.019815
v 0.030443 -0.069241 -0.065862
v 0.030868 -0.066815 -0.068494
v 0.031423 -0.062905 -0.069820
v -0.000172 -0.081021 0.032378
v 0.031377 -0.062360 -0.065836
v 0.031995 -0.060494 -0.072697
v 0.032500 -0.058852 -0.076037
v 0.032609 -0.057237 -0.077567
v 0.027170 -0.080456 -0.003716
v 0.026979 -0.080453 -0.007204
v 0.027715 -0.080143 -0.007954
v 0.028096 -0.079253 -0.003088
v 0.032338 -0.057767 -0.074130
v 0.031760 -0.059950 -0.068312
v 0.031912 -0.058395 -0.069351
v 0.032373 -0.056368 -0.070221
v 0.030438 -0.068234 -0.060489
v 0.031008 -0.064129 -0.063448
v 0.030171 -0.068726 -0.055497
v 0.030492 -0.066264 -0.056666
v 0.030824 -0.064899 -0.058396
v 0.030933 -0.062424 -0.054911
v 0.015679 -0.080095 -0.022187
v 0.018261 -0.080110 -0.024519
v 0.017960 -0.080142 -0.027915
v 0.019484 -0.080140 -0.019492
v 0.011960 -0.080084 -0.015581
v 0.022184 -0.080190 -0.013410
v 0.021646 -0.080243 -0.019615
v 0.024564 -0.080233 -0.018179
v 0.024372 -0.080328 -0.010745
v 0.022581 -0.080187 -0.027244
v 0.027376 -0.080305 -0.026398
v 0.028236 -0.079463 -0.026192
v 0.028037 -0.080157 -0.024734
v 0.028542 -0.079174 -0.024005
v 0.028575 -0.076947 -0.025445
v 0.023705 -0.080203 -0.022443
v 0.027400 -0.080353 -0.022685
v 0.028122 -0.080005 -0.020701
v 0.028555 -0.076286 -0.020080
v 0.027578 -0.080274 -0.017830
v 0.028489 -0.078911 -0.016615
v 0.029166 -0.070495 -0.025167
v 0.028837 -0.072721 -0.023123
v 0.028777 -0.073710 -0.020658
v 0.029439 -0.068875 -0.028078
v 0.029403 -0.067227 -0.025808
v 0.029117 -0.069740 -0.022884
v 0.029270 -0.066830 -0.021582
v 0.028821 -0.070905 -0.017888
v 0.029285 -0.064138 -0.019642
v 0.027396 -0.080375 -0.011333
v 0.028517 -0.076102 -0.014689
v 0.028017 -0.079936 -0.013646
v 0.030472 -0.065795 -0.053601
v 0.030191 -0.066836 -0.050327
v 0.030880 -0.061420 -0.049909
v 0.030971 -0.060725 -0.052425
v -0.017376 -0.019805 -0.106313
v -0.008689 0.080500 -0.087175
v -0.005237 0.080343 -0.088247
v -0.011024 0.080445 -0.089217
v -0.035616 0.013744 -0.042653
v -0.035696 0.015771 -0.050584
v -0.035736 0.010804 -0.048445
v 0.035322 0.038534 -0.092934
v 0.034950 0.036182 -0.094935
v 0.035015 0.040365 -0.095359
v 0.035258 0.039238 -0.088006
v 0.035410 0.035814 -0.090041
v -0.017697 0.080876 -0.093021
v -0.017129 0.080680 -0.087021
v -0.015230 0.080501 -0.088679
v -0.015066 -0.016792 -0.106543
v -0.035745 0.014932 -0.043845
v -0.035591 0.016549 -0.047991
v 0.021899 0.041325 -0.103849
v 0.024457 0.042532 -0.103285
v 0.027992 0.038963 -0.102499
v -0.035743 0.018032 -0.046567
v -0.035667 0.019260 -0.048895
v -0.031533 0.005598 -0.101363
v -0.033151 0.003778 -0.097371
v -0.032753 0.008886 -0.098972
v -0.010821 0.080562 -0.086730
v -0.033015 0.007973 -0.097708
v -0.013699 0.080480 -0.085372
v -0.027731 -0.014569 -0.105469
v -0.023290 -0.016686 -0.105849
v 0.021629 0.045755 -0.103830
v 0.024061 0.046793 -0.103303
v 0.028184 0.045073 -0.102306
v -0.002890 0.080468 -0.086838
v -0.035670 0.008054 -0.033656
v -0.035761 0.006000 -0.042041
v -0.012418 0.080403 -0.081666
v -0.009022 0.080372 -0.082856
v -0.006841 0.080319 -0.085141
v -0.030382 -0.012148 -0.104110
v -0.029137 -0.011181 -0.104927
v -0.030350 -0.015115 -0.104152
v -0.031054 -0.012877 -0.102452
v -0.035666 0.010903 -0.039115
v -0.006620 0.080295 -0.081187
v 0.029798 0.037567 -0.102304
v 0.030433 0.039761 -0.101855
v 0.030959 0.036366 -0.101133
v 0.029564 0.040825 -0.102349
v 0.031466 0.041075 -0.100408
v 0.029619 0.045145 -0.102167
v 0.032733 0.036800 -0.098715
v 0.000291 0.080302 -0.092283
v -0.007426 0.080503 -0.094731
v -0.001272 0.080231 -0.088085
v 0.030491 0.043033 -0.101600
v -0.030517 -0.009665 -0.104002
v -0.031171 -0.007255 -0.102236
v -0.030460 -0.005443 -0.104089
v -0.029015 -0.006188 -0.105093
v 0.032297 0.045677 -0.099657
v -0.027308 -0.010501 -0.105481
v 0.004348 0.080067 -0.088073
v -0.022972 -0.012468 -0.105944
v 0.001447 0.080116 -0.085753
v 0.003829 0.080319 -0.086888
v -0.027158 -0.005707 -0.105514
v 0.026382 0.049083 -0.102758
v 0.023051 0.049139 -0.103538
v -0.003873 0.080314 -0.083058
v -0.000630 0.080240 -0.085528
v -0.001501 0.080155 -0.082831
v 0.028048 0.050952 -0.102283
v 0.029754 0.050656 -0.102004
v -0.019386 -0.017132 -0.106268
v -0.035604 0.012452 -0.034460
v 0.030650 0.047358 -0.101458
v 0.001362 0.080257 -0.082887
v 0.003648 0.080074 -0.083346
v 0.002422 0.080001 -0.081542
v 0.024104 0.053673 -0.103210
v 0.005696 0.079908 -0.084390
v -0.021733 -0.014516 -0.106085
v -0.021661 0.080592 -0.084811
v 0.031823 0.048257 -0.100096
v -0.016338 0.080518 -0.079877
v -0.019960 0.080609 -0.079434
v -0.015448 -0.014686 -0.106409
v -0.035528 0.015761 -0.043029
v 0.033782 0.046660 -0.097934
v -0.035647 0.017492 -0.043779
v -0.035542 0.023763 -0.046546
v -0.009243 0.080400 -0.078545
v -0.011214 0.080391 -0.076664
v -0.035585 0.020956 -0.044448
v -0.018916 0.080555 -0.076206
v 0.033883 0.041910 -0.097250
v 0.033745 0.038052 -0.097198
v -0.014849 0.080479 -0.077272
v -0.013077 0.080526 -0.078587
v -0.012354 -0.013019 -0.106453
v -0.035577 0.020476 -0.042036
v -0.009642 -0.015431 -0.106613
v 0.034465 0.036675 -0.096254
v -0.015484 0.080508 -0.073881
v -0.035587 0.015725 -0.038346
v 0.034257 0.044097 -0.096940
v -0.012623 0.080539 -0.074913
v -0.035564 0.017398 -0.040807
v -0.028778 -0.001560 -0.105071
v 0.035178 0.042564 -0.094689
v -0.035426 0.014721 -0.035057
v -0.025210 -0.005991 -0.105655
v 0.035244 0.041847 -0.092559
v -0.011772 0.080363 -0.073178
v -0.005441 0.080308 -0.077012
v -0.008384 0.080370 -0.075370
v 0.035168 0.044519 -0.094346
v -0.035652 0.015973 -0.034272
v -0.035527 0.018169 -0.035925
v -0.007403 0.080229 -0.072504
v -0.022233 -0.003358 -0.106044
v -0.027126 -0.000071 -0.105475
v -0.035511 0.020911 -0.038575
v -0.035599 0.020400 -0.037016
v 0.033383 0.049250 -0.098709
v -0.003389 0.080191 -0.081077
v 0.034897 0.046017 -0.095612
v -0.021940 0.004564 -0.106049
v -0.027555 0.007081 -0.105249
v -0.035624 0.024426 -0.054571
v -0.035755 0.018927 -0.056715
v -0.035688 0.017462 -0.053808
v 0.034169 0.049473 -0.097332
v 0.034719 0.050018 -0.095644
v -0.035603 0.023066 -0.050475
v -0.035732 0.020281 -0.059200
v 0.034770 0.048538 -0.093328
v -0.001206 0.080026 -0.079018
v -0.035484 0.029625 -0.057634
v -0.035597 0.027935 -0.063327
v -0.035584 0.025835 -0.057510
v 0.001367 0.080103 -0.078834
v -0.017000 -0.006987 -0.106327
v 0.003468 0.079941 -0.076857
v -0.035708 0.023080 -0.062315
v 0.007913 0.057005 -0.106218
v 0.006489 0.055728 -0.106102
v 0.006338 0.060154 -0.105966
v -0.012120 -0.001750 -0.106484
v 0.001327 0.080083 -0.075118
v -0.003425 0.080182 -0.075221
v 0.010537 0.056129 -0.105238
v 0.009171 0.053187 -0.106265
v 0.008949 0.057157 -0.106126
v 0.009958 0.059206 -0.105403
v -0.035700 0.019441 -0.051438
v 0.008643 0.061860 -0.106113
v -0.003348 0.080195 -0.073349
v -0.035494 0.026523 -0.052022
v 0.010101 0.061724 -0.105097
v 0.011495 0.059735 -0.105065
v -0.000017 0.079999 -0.073007
v -0.035466 0.027957 -0.049591
v -0.003252 0.080126 -0.069080
v 0.014351 0.058136 -0.104801
v 0.012989 0.053287 -0.105063
v 0.016463 0.056005 -0.104584
v 0.016486 0.057907 -0.104674
v 0.006488 0.064503 -0.105780
v 0.012401 0.063465 -0.104906
v -0.035379 0.031363 -0.052478
v 0.009801 0.064701 -0.105130
v 0.008849 0.066188 -0.105818
v -0.035449 0.033660 -0.064352
v 0.006264 0.068040 -0.105630
v -0.035336 0.033925 -0.058010
v -0.017771 0.009833 -0.106338
v 0.011019 0.068012 -0.104953
v 0.016409 0.063876 -0.104523
v 0.017887 0.059909 -0.104293
v 0.016388 0.066411 -0.104486
v -0.032287 -0.013177 -0.099343
v -0.031888 -0.010064 -0.100106
v 0.018165 0.053027 -0.104398
v 0.018407 0.055062 -0.104192
v -0.033184 -0.012182 -0.096183
v -0.035251 0.036838 -0.060864
v -0.035213 0.039457 -0.064916
v 0.008775 0.068304 -0.106334
v 0.009925 0.067825 -0.105342
v 0.008952 0.069596 -0.106115
v 0.021268 0.052760 -0.103677
v -0.032877 -0.005092 -0.098115
v -0.033137 -0.009356 -0.096385
v 0.020759 0.057033 -0.103857
v 0.012780 0.070576 -0.104866
v 0.016105 0.068741 -0.104447
v 0.009251 0.069963 -0.104932
v 0.007833 0.071895 -0.104889
v -0.032136 -0.004733 -0.099640
v -0.033793 -0.010812 -0.094532
v -0.035143 0.036026 -0.050075
v 0.022508 0.057216 -0.103412
v -0.033673 -0.008427 -0.095010
v -0.033998 -0.012019 -0.093021
v 0.016753 0.070951 -0.104448
v -0.035128 0.037990 -0.054838
v -0.035024 0.040889 -0.058472
v -0.034256 -0.008707 -0.092281
v 0.023774 0.057679 -0.103328
v 0.008265 0.075130 -0.104894
v -0.033186 -0.004874 -0.096415
v 0.012974 0.075538 -0.104757
v 0.028189 0.056147 -0.102141
v -0.033664 -0.006211 -0.095151
v -0.034294 -0.005620 -0.092356
v -0.033873 -0.002907 -0.094632
v 0.016807 0.075852 -0.104368
v 0.020568 0.059109 -0.103728
v 0.019761 0.069807 -0.103863
v -0.031161 -0.002369 -0.102257
v 0.020639 0.071894 -0.103733
v -0.030515 -0.001102 -0.103966
v 0.021164 0.062922 -0.103657
v -0.035351 0.029907 -0.045388
v -0.035282 0.031540 -0.048763
v 0.020481 0.075980 -0.103669
v 0.008206 0.076328 -0.104351
v 0.013667 0.077043 -0.104216
v -0.035189 0.033531 -0.046321
v -0.030378 0.003039 -0.103921
v -0.035424 0.024386 -0.042714
v -0.035426 0.028750 -0.043030
v 0.020412 0.067094 -0.103709
v 0.022962 0.060546 -0.103206
v -0.028594 0.004946 -0.105009
v 0.025234 0.060325 -0.102827
v 0.022529 0.065608 -0.103240
v 0.023137 0.070092 -0.103187
v -0.035348 0.027140 -0.040233
v -0.035144 0.032838 -0.041146
v 0.026136 0.069199 -0.102512
v 0.025907 0.064120 -0.102600
v -0.032993 0.001041 -0.097910
v -0.034216 -0.000284 -0.093816
v -0.035413 0.023183 -0.035241
v 0.027709 0.061049 -0.102194
v -0.034346 0.002021 -0.093010
v 0.023314 0.073932 -0.103139
v 0.028284 0.066818 -0.101897
v -0.035355 0.030391 -0.039728
v -0.030513 0.006736 -0.103669
v -0.030316 0.010030 -0.103679
v -0.029077 0.011037 -0.104598
v 0.029112 0.071300 -0.101636
v 0.026914 0.073830 -0.102194
v -0.031513 0.010549 -0.101609
v -0.030378 0.013071 -0.103581
v 0.029996 0.055533 -0.101690
v -0.034919 0.041297 -0.052878
v -0.032776 0.013715 -0.099042
v -0.034761 0.042780 -0.048949
v -0.027529 0.014573 -0.105130
v -0.028922 0.014821 -0.104232
v 0.006967 0.080149 -0.094071
v 0.010019 0.079867 -0.088147
v 0.031717 0.053740 -0.100331
v 0.033825 0.052298 -0.098078
v 0.010888 0.080059 -0.094722
v -0.031308 0.015865 -0.102305
v -0.029928 0.018064 -0.103662
v -0.035080 0.036072 -0.043658
v 0.013322 0.079830 -0.094640
v 0.014415 0.079519 -0.090227
v -0.032049 0.018531 -0.100709
v -0.034950 0.039490 -0.046360
v 0.034107 0.056959 -0.097966
v 0.033607 0.059759 -0.098416
v 0.034463 0.053153 -0.096463
v 0.034246 0.055693 -0.094778
v 0.033595 0.060556 -0.096381
v 0.034042 0.053977 -0.098380
v 0.033488 0.056690 -0.098906
v 0.033185 0.061210 -0.097398
v 0.033618 0.058099 -0.092496
v 0.033069 0.062180 -0.093437
v -0.030233 0.024117 -0.103731
v -0.030831 0.020435 -0.102918
v 0.029902 0.059038 -0.101652
v -0.027597 0.020513 -0.104980
v 0.032983 0.061340 -0.091672
v 0.033165 0.059388 -0.089749
v -0.027242 0.023833 -0.105022
v -0.023448 0.021508 -0.105800
v -0.034849 0.040236 -0.043079
v -0.031548 0.022617 -0.101611
v 0.032748 0.061763 -0.088291
v 0.032106 0.065391 -0.090618
v -0.034772 0.043590 -0.045888
v 0.029882 0.062079 -0.101554
v 0.034437 0.051839 -0.093274
v -0.027843 0.027431 -0.104859
v 0.031652 0.060106 -0.100401
v 0.034054 0.054663 -0.093294
v 0.034169 0.052821 -0.091193
v 0.034184 0.051188 -0.090265
v -0.024742 0.008658 -0.105619
v 0.034485 0.049924 -0.090112
v 0.033582 0.055858 -0.093159
v 0.033804 0.053946 -0.089716
v 0.033760 0.055702 -0.090548
v 0.034216 0.049864 -0.087793
v 0.034067 0.052475 -0.087066
v -0.035571 0.011131 -0.026054
v 0.033424 0.058453 -0.099267
v 0.033141 0.061572 -0.099480
v 0.033774 0.054357 -0.087620
v 0.033593 0.053941 -0.085078
v 0.033412 0.056239 -0.087435
v 0.032868 0.059493 -0.085303
v -0.035593 0.013874 -0.032715
v 0.030031 0.067072 -0.101431
v 0.032659 0.063622 -0.099754
v 0.031758 0.066637 -0.100444
v -0.035374 0.015870 -0.028757
v -0.035433 0.015252 -0.031560
v 0.032167 0.067959 -0.099418
v 0.032380 0.064678 -0.097674
v 0.031267 0.068441 -0.097790
v 0.033086 0.063002 -0.098923
v -0.033736 0.003360 -0.096117
v -0.034089 0.004025 -0.094017
v -0.033681 0.006588 -0.096006
v 0.032632 0.064836 -0.094088
v 0.032756 0.064592 -0.096316
v -0.034375 0.008561 -0.093215
v -0.013441 0.009649 -0.106494
v 0.032632 0.065948 -0.095038
v -0.034641 0.006905 -0.091096
v -0.034391 0.005467 -0.093196
v 0.031853 0.068425 -0.096316
v 0.030365 0.069933 -0.101249
v -0.035415 0.018086 -0.025192
v -0.035470 0.019151 -0.033861
v -0.034329 -0.008242 -0.090632
v -0.034666 -0.008851 -0.089094
v 0.030243 0.071928 -0.100988
v 0.031736 0.070386 -0.099514
v -0.035190 0.017732 -0.032601
v -0.034772 -0.007824 -0.086385
v -0.035135 -0.006732 -0.084974
v 0.030397 0.071333 -0.097910
v 0.030610 0.073520 -0.099177
v -0.035313 0.020109 -0.030999
v -0.006406 0.008802 -0.106497
v 0.032450 0.063931 -0.092928
v 0.031759 0.067881 -0.092657
v 0.032003 0.067343 -0.095281
v -0.035182 0.021125 -0.033253
v -0.035033 0.026758 -0.034105
v -0.035359 0.025761 -0.031418
v -0.034485 -0.002878 -0.090608
v -0.034802 -0.004385 -0.088863
v 0.031361 0.068331 -0.089516
v 0.031402 0.069736 -0.096454
v 0.031055 0.071446 -0.093678
v -0.008033 0.016041 -0.106518
v -0.005226 0.012435 -0.106591
v 0.030297 0.074681 -0.096551
v 0.031129 0.071853 -0.096011
v -0.034802 -0.000674 -0.089391
v 0.030260 0.074961 -0.094725
v -0.035234 0.025086 -0.027425
v -0.035128 0.028198 -0.030403
v -0.034876 -0.009740 -0.085161
v -0.035353 -0.008858 -0.083478
v 0.032251 0.062838 -0.085687
v 0.032751 0.061443 -0.086676
v 0.032081 0.064451 -0.088029
v 0.031573 0.066919 -0.085156
v 0.031806 0.064133 -0.081892
v -0.035395 -0.007813 -0.080088
v 0.033390 0.056447 -0.085755
v 0.033104 0.056808 -0.084213
v 0.033497 0.053572 -0.082142
v -0.035421 0.012922 -0.015855
v -0.035451 -0.005380 -0.080620
v -0.035232 -0.005119 -0.084179
v 0.032860 0.057791 -0.081861
v 0.032546 0.059682 -0.080053
v -0.035149 -0.001348 -0.085061
v -0.035238 0.022834 -0.017782
v 0.032288 0.061130 -0.083548
v 0.032120 0.062002 -0.080814
v 0.032982 0.057429 -0.080244
v 0.033147 0.055014 -0.079541
v 0.032140 0.061076 -0.077350
v -0.035139 0.027226 -0.023699
v -0.034355 0.000194 -0.091394
v -0.023284 0.013140 -0.105915
v 0.031791 0.064031 -0.079400
v -0.034411 0.003841 -0.091456
v -0.035171 0.027920 -0.019874
v 0.031360 0.066930 -0.079351
v 0.031975 0.065820 -0.088170
v -0.035030 0.030108 -0.016447
v -0.034994 0.035139 -0.038473
v 0.031209 0.068235 -0.086586
v 0.031242 0.069336 -0.088204
v -0.034853 -0.000015 -0.087398
v -0.034819 0.002487 -0.089813
v -0.035304 0.026502 -0.035847
v -0.035264 0.029268 -0.036929
v 0.030919 0.070545 -0.085963
v 0.030596 0.072315 -0.090373
v -0.035396 0.000975 -0.084121
v -0.035271 0.002682 -0.084678
v 0.029978 0.074609 -0.091827
v 0.029943 0.073953 -0.088398
v -0.035054 0.029947 -0.034533
v 0.030830 0.071136 -0.087933
v -0.035114 0.031046 -0.036681
v -0.019702 0.020558 -0.106123
v -0.034890 0.033207 -0.035529
v -0.034784 0.035896 -0.036582
v -0.035324 0.029470 -0.032883
v -0.019544 0.024785 -0.106238
v -0.013125 0.020328 -0.106452
v 0.031229 0.066942 -0.082014
v -0.035070 0.006282 -0.086764
v -0.034885 0.009616 -0.090050
v 0.030770 0.069970 -0.081426
v 0.030221 0.073181 -0.084607
v -0.035147 0.032909 -0.034026
v 0.029641 0.075836 -0.087654
v 0.029898 0.074103 -0.085927
v -0.034993 0.032247 -0.031066
v -0.035393 -0.006272 -0.076123
v -0.023754 0.025797 -0.105738
v -0.035430 -0.003175 -0.078682
v 0.030173 0.072850 -0.080045
v -0.035630 -0.005279 -0.078068
v -0.034982 0.036314 -0.033110
v -0.034596 0.039631 -0.033033
v -0.035376 -0.001728 -0.081546
v -0.035526 -0.002868 -0.083042
v -0.034787 0.039261 -0.038616
v 0.018607 0.077435 -0.103511
v 0.023041 0.077736 -0.102651
v 0.023873 0.079251 -0.102476
v 0.006517 0.078649 -0.104454
v 0.012478 0.078738 -0.104224
v -0.035059 0.037028 -0.038012
v -0.034677 0.041318 -0.039150
v 0.016095 0.078829 -0.103901
v 0.013464 0.079683 -0.103766
v 0.011436 0.080107 -0.103666
v -0.035547 -0.000058 -0.078534
v -0.035485 0.002270 -0.081440
v -0.035487 0.003872 -0.079692
v 0.014862 0.080044 -0.103657
v 0.016407 0.079814 -0.103328
v 0.014227 0.079854 -0.102258
v -0.034554 0.044213 -0.040446
v 0.018252 0.080021 -0.102524
v -0.009540 -0.020500 -0.106576
v 0.009468 0.080151 -0.101290
v 0.008646 0.080117 -0.103708
v 0.014883 0.080081 -0.100399
v 0.012506 0.080094 -0.099238
v -0.035642 -0.000861 -0.074036
v -0.006098 -0.023864 -0.106613
v -0.034469 0.039736 -0.036974
v 0.019172 0.079122 -0.103395
v 0.018390 0.079266 -0.100384
v -0.035402 -0.003406 -0.075873
v -0.034485 0.043043 -0.035748
v 0.020758 0.080306 -0.102233
v -0.005147 -0.020980 -0.106675
v -0.034779 0.039716 -0.035067
v -0.034250 0.043707 -0.037943
v 0.016932 0.080163 -0.099552
v 0.021471 0.078904 -0.099153
v -0.035479 -0.000313 -0.072608
v 0.020346 0.079835 -0.098176
v -0.034221 0.045140 -0.034655
v -0.035735 -0.002219 -0.076963
v -0.035324 -0.000913 -0.077256
v -0.035429 -0.001248 -0.075554
v -0.035677 -0.000196 -0.076786
v 0.025280 0.076060 -0.102647
v -0.002099 -0.022134 -0.106649
v -0.035518 0.001728 -0.077418
v 0.029478 0.075407 -0.101360
v -0.005779 -0.018009 -0.106668
v -0.035449 0.002121 -0.075221
v 0.027208 0.078935 -0.101619
v -0.006260 -0.015237 -0.106549
v -0.002960 -0.025009 -0.106613
v 0.000254 -0.026280 -0.106438
v 0.029399 0.076709 -0.100545
v 0.028969 0.078428 -0.100746
v 0.000710 -0.024164 -0.106646
v 0.022330 0.079909 -0.100458
v -0.035479 0.006429 -0.084167
v -0.035084 0.031227 -0.027689
v 0.023835 0.078945 -0.098077
v 0.024833 0.079504 -0.098892
v 0.023344 0.079579 -0.096791
v 0.028240 0.077926 -0.097726
v 0.002504 -0.024317 -0.106468
v 0.029585 0.074656 -0.098053
v 0.027338 0.078849 -0.099238
v -0.035356 0.006796 -0.082634
v 0.005743 -0.024397 -0.106531
v 0.026608 0.079057 -0.096752
v -0.035514 0.006711 -0.080393
v 0.026604 0.079414 -0.098178
v -0.035252 0.009589 -0.086335
v 0.026563 0.079121 -0.095436
v 0.028125 0.078640 -0.093692
v 0.028724 0.078393 -0.095690
v 0.000348 -0.019499 -0.106634
v 0.003869 -0.021507 -0.106629
v 0.029379 0.077183 -0.096167
v 0.023558 0.079784 -0.101596
v 0.026761 0.079543 -0.101076
v -0.035507 0.010429 -0.084228
v -0.034713 0.037999 -0.024787
v 0.006891 0.080240 -0.098851
v 0.007488 -0.020220 -0.106589
v -0.034628 0.040972 -0.030096
v 0.014327 0.079600 -0.096001
v 0.015439 0.079892 -0.096488
v -0.035508 0.005202 -0.077892
v -0.035658 0.003500 -0.076971
v 0.002466 -0.018558 -0.106556
v -0.035487 0.005706 -0.074477
v -0.035707 0.005788 -0.076264
v -0.034411 0.041023 -0.020947
v -0.034767 0.036583 -0.017647
v 0.015790 0.079728 -0.093176
v 0.017680 0.079551 -0.091829
v -0.003110 -0.013081 -0.106579
v 0.001424 -0.014761 -0.106634
v -0.035428 0.012775 -0.082865
v -0.004824 -0.006495 -0.106500
v 0.021762 0.079356 -0.094298
v -0.035696 0.008999 -0.076583
v 0.020508 0.079372 -0.091934
v -0.035710 0.011932 -0.076935
v -0.035525 0.013216 -0.078941
v 0.026687 0.078872 -0.092724
v -0.033289 0.011931 -0.097306
v -0.034251 0.047790 -0.031921
v 0.004735 -0.016315 -0.106602
v -0.033748 0.009844 -0.095957
v -0.034162 0.048729 -0.027580
v 0.028488 0.078564 -0.091291
v 0.002342 -0.012101 -0.106495
v 0.018832 0.079431 -0.089360
v -0.034296 0.012187 -0.093892
v 0.007305 -0.014053 -0.106549
v 0.021947 0.079225 -0.088618
v 0.015523 0.079629 -0.088468
v 0.009690 -0.016027 -0.106459
v 0.017026 0.079419 -0.086993
v 0.009617 -0.012208 -0.106454
v -0.034287 0.044283 -0.025825
v 0.019028 0.079381 -0.084933
v 0.000276 -0.006346 -0.106500
v 0.025443 0.078972 -0.088516
v -0.033031 0.018595 -0.098392
v -0.033946 0.015084 -0.095158
v 0.021426 0.079241 -0.082792
v -0.033802 0.017495 -0.096041
v 0.009493 -0.007887 -0.106479
v -0.034447 0.011560 -0.091846
v 0.005117 -0.005404 -0.106417
v -0.034376 0.014821 -0.092981
v 0.029526 0.077210 -0.093836
v 0.016430 -0.028416 -0.105037
v -0.034888 0.014572 -0.090308
v 0.020126 -0.029328 -0.104664
v 0.029545 0.077158 -0.089978
v 0.023867 -0.034059 -0.104203
v -0.034542 0.018289 -0.092502
v -0.034020 0.019131 -0.094792
v 0.029398 0.077454 -0.087292
v 0.028294 0.078659 -0.088783
v -0.034772 0.015833 -0.090400
v 0.028244 0.078787 -0.084984
v 0.024007 0.079056 -0.083394
v 0.029473 0.077282 -0.083485
v 0.026419 -0.028970 -0.103781
v 0.022697 -0.025882 -0.104248
v 0.027138 -0.024523 -0.103594
v -0.032455 0.021102 -0.099349
v 0.007749 0.079995 -0.086449
v -0.033363 0.021347 -0.097702
v 0.010663 0.080046 -0.086749
v 0.008317 0.079856 -0.082500
v 0.009915 0.079766 -0.084621
v -0.032617 0.023891 -0.099309
v -0.035300 0.014898 -0.007658
v -0.033475 0.025010 -0.097279
v 0.013772 0.079634 -0.085824
v 0.010879 -0.027183 -0.105588
v 0.011010 -0.030212 -0.105703
v 0.009649 -0.025450 -0.106541
v -0.032475 0.027947 -0.099785
v -0.031911 0.026463 -0.101270
v 0.012768 -0.030365 -0.105347
v -0.030453 0.028253 -0.103590
v -0.034643 0.048354 -0.061246
v -0.034743 0.048698 -0.067328
v -0.035010 0.044057 -0.065758
v 0.010972 -0.023030 -0.105500
v 0.004434 0.079946 -0.080812
v 0.006509 0.079918 -0.080169
v 0.009706 -0.020528 -0.106387
v -0.034385 0.020507 -0.093948
v -0.034237 0.056294 -0.067740
v -0.034707 0.051621 -0.071218
v -0.033971 0.022382 -0.095229
v -0.034386 0.053054 -0.064083
v 0.010751 -0.019329 -0.105494
v 0.013286 0.079649 -0.081052
v -0.034625 0.022058 -0.092616
v 0.015648 0.079521 -0.082672
v -0.034979 0.019022 -0.089387
v 0.010443 0.079693 -0.079644
v 0.015514 -0.025964 -0.105080
v 0.008292 0.079721 -0.077699
v 0.016881 -0.022685 -0.104947
v 0.014314 0.079533 -0.077175
v -0.034314 0.027272 -0.094345
v 0.011100 0.079725 -0.077089
v -0.033312 0.029650 -0.097712
v -0.033883 0.059090 -0.064197
v -0.034117 0.059912 -0.071261
v -0.033904 0.060458 -0.068418
v -0.034292 0.053129 -0.059637
v 0.018847 -0.025999 -0.104745
v 0.018904 0.079346 -0.078739
v 0.022944 0.079120 -0.080002
v 0.020800 -0.021949 -0.104483
v -0.035217 0.014851 -0.086381
v -0.034015 0.056872 -0.060798
v 0.016380 0.079424 -0.076007
v -0.035415 0.016028 -0.084784
v 0.020856 0.079259 -0.076853
v 0.010900 -0.014282 -0.105491
v 0.015567 -0.018931 -0.105074
v -0.033536 0.060807 -0.062064
v 0.023108 0.079075 -0.074954
v -0.035195 0.016931 -0.086048
v -0.033939 0.056653 -0.056499
v 0.006128 0.079960 -0.076261
v -0.033477 0.061970 -0.060001
v -0.035255 0.020581 -0.086855
v -0.035221 0.019114 -0.085307
v -0.033574 0.060645 -0.056857
v -0.035471 0.020256 -0.084642
v 0.003465 0.079950 -0.073331
v 0.016161 -0.014437 -0.104974
v 0.019701 -0.016359 -0.104572
v -0.035423 0.015879 -0.082817
v 0.007717 0.079976 -0.075084
v 0.011506 0.079718 -0.074901
v 0.008203 0.079757 -0.072434
v -0.035494 0.019030 -0.080750
v 0.010739 -0.009921 -0.105499
v 0.014264 -0.009188 -0.105141
v -0.035706 0.020042 -0.079745
v 0.017185 -0.011616 -0.104840
v -0.035491 0.023233 -0.080541
v -0.035034 0.022962 -0.089099
v 0.024275 -0.021310 -0.104011
v -0.034730 0.045783 -0.056788
v -0.035004 0.025355 -0.087961
v -0.034872 0.026076 -0.090722
v 0.014200 0.079751 -0.074400
v 0.023160 -0.017583 -0.104129
v 0.019759 0.079365 -0.074395
v -0.034580 0.033956 -0.093537
v 0.028969 -0.020408 -0.103260
v 0.014240 0.079501 -0.072818
v -0.034708 0.033648 -0.090658
v -0.035092 0.028883 -0.088235
v -0.034724 0.044916 -0.053117
v -0.035187 0.027074 -0.088646
v 0.020622 0.079167 -0.073160
v 0.022628 -0.013083 -0.104125
v -0.035229 0.025782 -0.086846
v 0.026732 -0.018646 -0.103648
v -0.035405 0.024956 -0.083764
v -0.035274 0.022798 -0.084219
v -0.034233 0.052717 -0.055369
v 0.029424 -0.014941 -0.103073
v 0.013211 0.079578 -0.061721
v -0.034424 0.049565 -0.051821
v -0.035131 0.028009 -0.085415
v -0.035503 0.029228 -0.083071
v -0.035160 0.032562 -0.088653
v -0.034439 0.048460 -0.047975
v 0.019969 0.079244 -0.065366
v 0.032754 0.054916 -0.071747
v 0.009452 -0.001808 -0.106497
v 0.032145 0.059619 -0.072478
v 0.010725 -0.005534 -0.105487
v -0.035231 0.031868 -0.085328
v 0.006901 -0.000486 -0.106464
v -0.034244 0.051531 -0.050336
v 0.010624 -0.001578 -0.105459
v 0.031274 0.066078 -0.075810
v -0.035505 0.014433 -0.080713
v 0.030712 0.068681 -0.072536
v -0.033971 0.056118 -0.052839
v -0.033911 0.056265 -0.049653
v -0.035685 0.015277 -0.078075
v 0.012700 -0.002978 -0.105363
v 0.016355 -0.005715 -0.104934
v 0.019192 -0.008699 -0.104596
v 0.031909 0.058765 -0.064347
v -0.035724 -0.004740 -0.069280
v 0.020641 -0.004424 -0.104353
v -0.033527 0.061960 -0.051736
v -0.035739 0.000593 -0.069594
v 0.013195 0.000771 -0.105241
v 0.030809 0.068703 -0.075989
v -0.035591 -0.002055 -0.068427
v 0.030787 0.067341 -0.067882
v 0.015758 0.000827 -0.104998
v 0.018991 -0.000257 -0.104549
v -0.033421 0.064489 -0.067969
v -0.033654 0.063741 -0.071485
v 0.021803 -0.009317 -0.104232
v 0.030895 0.068131 -0.078168
v 0.030418 0.070957 -0.078475
v 0.022973 -0.001905 -0.103998
v -0.035620 0.005327 -0.071545
v 0.030136 0.072475 -0.076109
v 0.030800 0.069779 -0.073675
v -0.033144 0.068696 -0.073093
v -0.033575 0.066525 -0.076116
v 0.029455 0.076222 -0.081484
v -0.033015 0.068079 -0.069980
v 0.024973 -0.012017 -0.103812
v 0.029834 0.074127 -0.080397
v -0.035705 0.000861 -0.066292
v 0.028537 -0.009083 -0.103182
v -0.032968 0.067979 -0.067169
v 0.029366 0.077568 -0.079639
v -0.033389 0.063322 -0.064963
v 0.030141 -0.011714 -0.102938
v 0.030157 0.072098 -0.072688
v -0.035742 -0.000292 -0.061729
v -0.033277 0.064777 -0.061970
v 0.025682 0.078987 -0.081325
v 0.027248 0.078957 -0.074260
v 0.025697 -0.009120 -0.103559
v -0.035829 0.006280 -0.064489
v 0.022906 -0.006217 -0.104024
v -0.032998 0.067394 -0.063871
v 0.029508 0.075732 -0.074779
v 0.025217 -0.005373 -0.103648
v -0.032773 0.069275 -0.065324
v 0.029314 0.077429 -0.076019
v 0.028280 0.078724 -0.078560
v 0.028299 0.078639 -0.075916
v -0.032623 0.071463 -0.070863
v -0.032998 0.071217 -0.076688
v -0.032211 0.075017 -0.072587
v 0.030043 -0.008778 -0.102995
v 0.028560 0.078517 -0.072848
v 0.029245 0.077614 -0.069584
v 0.031652 -0.006904 -0.100276
v -0.032212 0.075946 -0.076728
v 0.028779 -0.003466 -0.103052
v 0.030190 -0.005229 -0.102973
v 0.030473 0.069840 -0.067854
v 0.030051 0.071495 -0.067029
v -0.031780 0.078414 -0.075754
v -0.035489 0.009337 -0.074512
v -0.035735 0.009745 -0.072673
v -0.032471 0.072122 -0.067387
v 0.031070 0.063883 -0.060673
v -0.032039 0.075743 -0.068614
v 0.023950 0.001750 -0.103802
v 0.020943 0.005578 -0.104240
v 0.031504 0.060162 -0.059053
v -0.032375 0.073319 -0.065829
v 0.026789 -0.001263 -0.103420
v -0.032545 0.071756 -0.062629
v 0.030739 0.066715 -0.063778
v -0.035598 0.011036 -0.075361
v 0.028634 0.002732 -0.102928
v -0.035702 0.014539 -0.076278
v -0.035884 0.013454 -0.075754
v 0.029988 -0.002159 -0.103031
v -0.031702 0.079614 -0.070385
v 0.030587 0.069054 -0.064386
v 0.031470 0.061556 -0.057739
v 0.032085 -0.003560 -0.099458
v -0.035529 0.013496 -0.073931
v -0.031704 0.079743 -0.066226
v 0.030937 0.065601 -0.060205
v 0.030535 -0.000927 -0.102317
v -0.035739 0.011681 -0.070154
v 0.029960 0.001458 -0.103004
v 0.031197 0.061562 -0.056404
v 0.030767 0.063970 -0.058270
v 0.031143 0.000848 -0.101110
v 0.025514 0.004122 -0.103558
v 0.030288 0.068944 -0.062157
v 0.030478 0.066948 -0.060029
v 0.030828 0.066903 -0.062446
v 0.030128 0.070543 -0.063575
v 0.030043 0.004329 -0.102851
v 0.030220 0.068695 -0.057191
v 0.029747 0.072214 -0.059382
v -0.033075 0.066494 -0.058974
v 0.030612 0.065867 -0.057419
v -0.035770 0.013347 -0.065368
v 0.023363 0.079021 -0.070529
v 0.022012 0.078674 -0.072689
v -0.032806 0.069127 -0.060505
v -0.035670 0.015779 -0.066647
v 0.022269 0.078807 -0.069684
v 0.021443 0.079111 -0.067090
v 0.029804 0.073420 -0.069329
v 0.029202 0.076727 -0.066371
v 0.027256 0.078993 -0.070375
v -0.035813 0.005293 -0.060385
v -0.003167 -0.002645 -0.106615
v -0.033118 0.067114 -0.055168
v 0.028390 0.078662 -0.067954
v 0.022338 0.078893 -0.067414
v 0.025445 0.079043 -0.067495
v 0.023627 0.079107 -0.065297
v -0.032608 0.072921 -0.057986
v -0.004496 0.001535 -0.106499
v -0.032569 0.073556 -0.055300
v 0.022358 0.078942 -0.061649
v 0.029225 0.077675 -0.065341
v -0.032969 0.069819 -0.051409
v 0.028186 0.078791 -0.063163
v -0.000694 0.001312 -0.106571
v 0.027556 0.078987 -0.066252
v -0.032275 0.075104 -0.064240
v 0.029153 0.077400 -0.061926
v -0.032358 0.074198 -0.060860
v -0.032055 0.077528 -0.061273
v -0.032047 0.075603 -0.061739
v -0.003986 0.004409 -0.106541
v -0.031905 0.079728 -0.063464
v 0.029312 0.075461 -0.062141
v -0.031060 0.080616 -0.058935
v -0.031953 0.079470 -0.059420
v -0.030924 0.080687 -0.062509
v -0.032337 0.075994 -0.057572
v -0.035821 0.006582 -0.054663
v 0.028243 0.078714 -0.060637
v -0.028561 0.080688 -0.060510
v -0.028418 0.080617 -0.058317
v -0.032020 0.079672 -0.056576
v 0.009440 0.003176 -0.106493
v 0.010517 0.002486 -0.105549
v -0.001299 0.009475 -0.106542
v 0.028187 0.078789 -0.081868
v -0.030400 0.080737 -0.055529
v -0.027071 0.080732 -0.056792
v 0.006939 0.009730 -0.106477
v -0.034401 0.047274 -0.042642
v -0.034394 0.049166 -0.043761
v -0.035749 0.012705 -0.056439
v -0.031695 0.079757 -0.074442
v -0.031773 0.079730 -0.079828
v -0.030914 0.080721 -0.076420
v -0.030914 0.080637 -0.080717
v -0.028765 0.080803 -0.079683
v -0.034389 0.046721 -0.040164
v -0.029239 0.080779 -0.077629
v -0.026970 0.080706 -0.074027
v -0.025362 0.080716 -0.076274
v -0.034143 0.052694 -0.046034
v -0.030641 0.080700 -0.073484
v -0.034076 0.052438 -0.041601
v -0.033982 0.055089 -0.042803
v -0.028681 0.080837 -0.072691
v -0.034202 0.049331 -0.040532
v -0.002496 0.016865 -0.106576
v -0.025888 0.080977 -0.073242
v -0.023857 0.080556 -0.073108
v -0.034149 0.046816 -0.037006
v -0.033954 0.048299 -0.039261
v -0.021427 0.080617 -0.074144
v -0.026047 0.081002 -0.070432
v -0.022848 0.080551 -0.069481
v -0.034043 0.050037 -0.036837
v -0.030890 0.080799 -0.071355
v -0.030496 0.080796 -0.068927
v -0.027576 0.080746 -0.070101
v -0.033869 0.051728 -0.039899
v -0.033641 0.053370 -0.039768
v -0.033696 0.055122 -0.040757
v 0.009416 0.008235 -0.106456
v -0.033886 0.053658 -0.038251
v -0.035707 0.016013 -0.059965
v -0.027886 0.080730 -0.067611
v -0.033786 0.054183 -0.036659
v -0.025968 0.081032 -0.067502
v -0.024015 0.080591 -0.065613
v -0.033904 0.056489 -0.046231
v -0.030863 0.080784 -0.065545
v 0.010554 0.006796 -0.105561
v -0.035720 0.016034 -0.054849
v -0.035774 0.018147 -0.061472
v -0.035600 0.017713 -0.057575
v 0.015467 0.004992 -0.105012
v 0.012356 0.005216 -0.105301
v -0.026146 0.080850 -0.065228
v -0.027979 0.080683 -0.063376
v -0.026159 0.080866 -0.061455
v -0.035378 0.023097 -0.077934
v -0.033776 0.058209 -0.043040
v -0.033631 0.060532 -0.046083
v -0.025890 0.081023 -0.057809
v -0.033358 0.064313 -0.048581
v -0.035231 0.027687 -0.081171
v 0.015488 0.008587 -0.105024
v -0.035411 0.025529 -0.079428
v -0.017034 0.080452 -0.072650
v 0.010560 0.012310 -0.105483
v 0.009354 0.014239 -0.106492
v -0.014181 0.080367 -0.063472
v -0.033346 0.064839 -0.045759
v -0.035852 0.026077 -0.076576
v -0.035500 0.028541 -0.077911
v -0.035460 0.029719 -0.079421
v -0.033561 0.058477 -0.040404
v -0.033493 0.060838 -0.042306
v 0.018354 0.004556 -0.104700
v -0.035262 0.033704 -0.083655
v -0.033786 0.057398 -0.038041
v -0.035149 0.031839 -0.080737
v -0.033648 0.060502 -0.039541
v 0.019583 0.007897 -0.104404
v 0.018017 0.008171 -0.104769
v -0.033295 0.064668 -0.042057
v 0.019448 0.011099 -0.104395
v -0.035767 0.022685 -0.075715
v -0.033419 0.065565 -0.039313
v 0.022221 0.008421 -0.104037
v -0.035747 0.030549 -0.076617
v -0.035656 0.028807 -0.075369
v -0.033924 0.054321 -0.033884
v -0.035652 0.024330 -0.073448
v 0.025020 0.008570 -0.103553
v 0.032503 0.000944 -0.098616
v -0.035678 0.026785 -0.071786
v -0.035486 0.033718 -0.073370
v 0.031617 0.004129 -0.100240
v -0.035403 0.034546 -0.078350
v -0.035386 0.035268 -0.080878
v -0.035824 0.033486 -0.076592
v -0.034010 0.052719 -0.029168
v 0.033177 0.004708 -0.097096
v 0.032771 0.007052 -0.098063
v -0.035464 0.035642 -0.075803
v -0.029486 0.029550 -0.104120
v -0.035690 0.030344 -0.072181
v -0.033696 0.057721 -0.024859
v -0.033329 0.063394 -0.030422
v -0.034038 0.054005 -0.024809
v -0.035436 0.035327 -0.069514
v -0.035619 0.029111 -0.068977
v -0.023617 0.028599 -0.105579
v -0.027461 0.029611 -0.105050
v -0.025478 0.034986 -0.105265
v -0.020863 0.029965 -0.105860
v -0.021768 0.037194 -0.105620
v -0.035521 0.037651 -0.073108
v -0.004478 0.080129 -0.054960
v -0.033542 0.059184 -0.036820
v -0.007960 0.021500 -0.106590
v -0.033507 0.061865 -0.035874
v -0.002805 0.021496 -0.106620
v -0.018602 0.080396 -0.058378
v -0.024153 0.080510 -0.058435
v -0.012848 0.021870 -0.106538
v -0.016802 0.021391 -0.106435
v -0.016498 0.024442 -0.106382
v -0.035718 0.015955 -0.074435
v -0.033285 0.065482 -0.036780
v -0.033596 0.066436 -0.037204
v -0.035572 0.018837 -0.077240
v -0.033380 0.062749 -0.036491
v -0.013686 0.028387 -0.106328
v -0.016275 0.028737 -0.106202
v -0.011020 0.028862 -0.106416
v -0.035630 0.017282 -0.072142
v -0.019929 0.028257 -0.106004
v -0.033368 0.066614 -0.035095
v -0.035764 0.021381 -0.071913
v -0.033156 0.066135 -0.033090
v -0.033058 0.067852 -0.033037
v -0.035732 0.017336 -0.066189
v -0.032958 0.067568 -0.026917
v -0.015864 0.037346 -0.106029
v -0.032619 0.075155 -0.052151
v -0.032749 0.074058 -0.048012
v -0.032545 0.076650 -0.048787
v -0.032146 0.079393 -0.052824
v -0.032213 0.079484 -0.049148
v -0.012487 0.026040 -0.106534
v -0.035676 0.019581 -0.068569
v -0.035794 0.018291 -0.069450
v -0.031490 0.080301 -0.052538
v -0.006410 0.025250 -0.106611
v -0.008538 0.026392 -0.106624
v -0.012113 0.080261 -0.048340
v -0.035626 0.018440 -0.064229
v -0.035825 0.020669 -0.066138
v -0.030624 0.080622 -0.050557
v -0.027943 0.080656 -0.054229
v -0.029294 0.080539 -0.050872
v -0.025683 0.080931 -0.054428
v -0.035678 0.024778 -0.067126
v -0.032188 0.077976 -0.042498
v -0.032255 0.079521 -0.044844
v -0.003521 0.024496 -0.106619
v -0.017871 0.080376 -0.045988
v -0.031013 0.080625 -0.046981
v -0.003707 0.029076 -0.106480
v -0.031420 0.080503 -0.044736
v -0.001802 0.026365 -0.106643
v -0.033012 0.069723 -0.045303
v -0.032861 0.072452 -0.046083
v -0.033438 0.065903 -0.043782
v -0.009362 0.037059 -0.106312
v -0.033296 0.066855 -0.041916
v -0.006719 0.080197 -0.039052
v -0.032993 0.070929 -0.041938
v 0.003475 0.079924 -0.058277
v -0.010257 0.042069 -0.106213
v -0.018993 0.042799 -0.105695
v -0.032535 0.075459 -0.043200
v -0.027615 0.080667 -0.048949
v -0.025838 0.081066 -0.050134
v -0.001796 0.038373 -0.106375
v -0.024188 0.080464 -0.051004
v -0.025855 0.080958 -0.046902
v -0.027303 0.080609 -0.044649
v -0.025690 0.080761 -0.045003
v -0.023945 0.080426 -0.046044
v -0.031934 0.030065 -0.101587
v -0.030636 0.031444 -0.103887
v -0.016381 0.047484 -0.105757
v 0.019707 0.079368 -0.054908
v -0.010429 0.048499 -0.106044
v -0.031621 0.033934 -0.102620
v -0.032336 0.031800 -0.100160
v -0.016869 0.080358 -0.038395
v -0.033200 0.067371 -0.038221
v -0.033263 0.068357 -0.040078
v -0.028606 0.033669 -0.104834
v -0.030745 0.035061 -0.104150
v -0.004682 0.043628 -0.106254
v -0.029421 0.037892 -0.104626
v -0.028115 0.039191 -0.105171
v -0.032484 0.074283 -0.038429
v -0.032741 0.071067 -0.035966
v -0.032105 0.035342 -0.100904
v -0.031499 0.038076 -0.103009
v -0.030522 0.038654 -0.104557
v -0.027350 0.035510 -0.105220
v -0.032173 0.077877 -0.039179
v -0.000547 0.047413 -0.106237
v -0.032944 0.033154 -0.098737
v -0.032543 0.072664 -0.034058
v -0.032759 0.070714 -0.032456
v -0.032641 0.069430 -0.030993
v -0.032546 0.073318 -0.031399
v -0.033989 0.032224 -0.095712
v -0.032240 0.076596 -0.035293
v -0.033645 0.035242 -0.096674
v 0.006405 0.046462 -0.106301
v -0.032450 0.075952 -0.032666
v -0.033377 0.037897 -0.097970
v -0.032138 0.038897 -0.100904
v 0.004645 0.079914 -0.046294
v -0.002503 0.054425 -0.106106
v -0.032235 0.079502 -0.040414
v -0.031407 0.080311 -0.039173
v -0.030372 0.080613 -0.040608
v -0.032530 0.045005 -0.099954
v -0.032195 0.046971 -0.101474
v -0.031737 0.044438 -0.102876
v 0.014132 0.079640 -0.046661
v -0.032689 0.050010 -0.099790
v -0.031297 0.049515 -0.103761
v -0.028764 0.080557 -0.041236
v -0.025867 0.080974 -0.042829
v 0.006381 0.051682 -0.106198
v -0.030968 0.041720 -0.103917
v -0.024223 0.080465 -0.040333
v -0.031808 0.041171 -0.102407
v -0.030044 0.041885 -0.104548
v -0.026081 0.080784 -0.039910
v -0.032338 0.079244 -0.037218
v -0.026311 0.040903 -0.105163
v 0.005566 0.020166 -0.106525
v -0.030691 0.080571 -0.034848
v -0.028696 0.080505 -0.037751
v -0.032387 0.079052 -0.032823
v -0.031493 0.080526 -0.032952
v -0.030547 0.044873 -0.104427
v -0.028112 0.080510 -0.034141
v -0.026008 0.080806 -0.037143
v -0.028825 0.046605 -0.104892
v -0.026287 0.080828 -0.032895
v -0.024045 0.080403 -0.036294
v -0.024169 0.080441 -0.031265
v -0.027655 0.044521 -0.105162
v 0.002004 0.024014 -0.106632
v 0.030968 0.061944 -0.052347
v -0.025971 0.047418 -0.105092
v 0.030677 0.065065 -0.054247
v 0.000989 0.027570 -0.106605
v 0.030358 0.067012 -0.054199
v -0.028153 0.049915 -0.105060
v 0.030870 0.062786 -0.050298
v 0.030487 0.065358 -0.051854
v 0.004927 0.024980 -0.106635
v 0.029988 0.069772 -0.052862
v 0.009233 0.019969 -0.106527
v 0.029272 0.074941 -0.054083
v 0.010573 0.016484 -0.105522
v 0.030544 0.063521 -0.047272
v 0.030870 0.062539 -0.047862
v 0.015190 0.014135 -0.105042
v 0.030415 0.065367 -0.047615
v 0.030192 0.068011 -0.047703
v -0.032390 0.041437 -0.100320
v -0.033280 0.043683 -0.098280
v -0.016687 0.080338 -0.028704
v 0.029797 0.071350 -0.050575
v 0.010323 0.019756 -0.105548
v -0.030447 0.048721 -0.104592
v 0.009159 0.025147 -0.106582
v 0.010275 0.024452 -0.105610
v 0.020617 0.079145 -0.058252
v 0.011525 0.022835 -0.105334
v 0.031423 0.058389 -0.054130
v 0.031556 0.058867 -0.056015
v 0.013852 0.019985 -0.105211
v -0.034536 0.035718 -0.093010
v 0.031378 0.058898 -0.051324
v 0.027110 0.079064 -0.060723
v 0.023935 0.079122 -0.060451
v 0.025556 0.079165 -0.057244
v 0.027818 0.079066 -0.056764
v 0.005926 0.026661 -0.106685
v 0.005399 0.029020 -0.106468
v -0.008027 0.080219 -0.030328
v 0.022965 0.079097 -0.056330
v 0.008130 0.030554 -0.106635
v 0.009230 0.028208 -0.106483
v 0.009676 0.033887 -0.106507
v 0.021985 0.078926 -0.055306
v -0.034344 0.043739 -0.094153
v 0.025245 0.079271 -0.055432
v -0.035148 0.035331 -0.087754
v 0.010368 0.028484 -0.105426
v 0.013543 0.025879 -0.105299
v -0.034707 0.038191 -0.091225
v 0.023235 0.079257 -0.052811
v 0.025287 0.079165 -0.053009
v 0.017236 0.019972 -0.104771
v 0.016900 0.023687 -0.104821
v 0.029156 0.076089 -0.058912
v -0.035127 0.038958 -0.088010
v -0.035239 0.037381 -0.084150
v 0.029081 0.077920 -0.057240
v -0.017609 0.073519 -0.105064
v -0.022673 0.064862 -0.104847
v -0.022392 0.073076 -0.104755
v 0.010438 0.030794 -0.105506
v -0.034665 0.043548 -0.091372
v -0.010711 0.065070 -0.105677
v 0.014699 0.028174 -0.104964
v -0.017498 0.062416 -0.105269
v 0.017385 0.028454 -0.104759
v 0.028901 0.077908 -0.053831
v 0.028410 0.078636 -0.055165
v -0.014175 0.073428 -0.105324
v 0.027665 0.079072 -0.052802
v 0.017755 0.032652 -0.104626
v -0.014650 0.078303 -0.105278
v -0.011963 0.078399 -0.105275
v -0.011814 0.074890 -0.105560
v -0.031161 0.070546 -0.104132
v -0.031615 0.068546 -0.103635
v -0.031879 0.074536 -0.103596
v 0.028954 0.077962 -0.051367
v -0.034116 0.050218 -0.095537
v -0.031064 0.075456 -0.104066
v -0.027824 0.073077 -0.104682
v 0.029319 0.074641 -0.047837
v 0.002250 0.029187 -0.106477
v -0.025931 0.073055 -0.104645
v -0.028002 0.068235 -0.104746
v -0.025801 0.065946 -0.104684
v -0.034312 0.046759 -0.093231
v 0.030286 0.066498 -0.041719
v -0.034615 0.051220 -0.091617
v 0.029860 0.070719 -0.045285
v -0.027404 0.079112 -0.104505
v -0.030769 0.079783 -0.104094
v 0.006262 0.034555 -0.106448
v 0.029350 0.073765 -0.043672
v -0.022824 0.074368 -0.104854
v -0.023729 0.078921 -0.104688
v -0.032292 0.068756 -0.101741
v -0.033008 0.073008 -0.100651
v -0.032882 0.069301 -0.100751
v 0.007035 0.034491 -0.106591
v -0.032166 0.078093 -0.103080
v 0.029704 0.071252 -0.040406
v -0.033411 0.071881 -0.098618
v -0.033069 0.074511 -0.099783
v 0.011002 0.033533 -0.105340
v -0.032330 0.076957 -0.099805
v -0.031883 0.079509 -0.103021
v 0.021229 0.012030 -0.104197
v 0.017977 0.011555 -0.104770
v 0.029183 0.073914 -0.039009
v -0.027175 0.081115 -0.103391
v -0.031450 0.079727 -0.101154
v 0.028673 0.078031 -0.038155
v 0.028682 0.078194 -0.043485
v 0.018684 0.014863 -0.104569
v -0.032004 0.078862 -0.099940
v -0.030499 0.081117 -0.102959
v -0.029980 0.080610 -0.101219
v 0.019586 0.079439 -0.047300
v -0.029031 0.080889 -0.100229
v 0.024396 0.011694 -0.103607
v 0.021950 0.079024 -0.051659
v 0.021589 0.079080 -0.047866
v 0.023965 0.079269 -0.049943
v 0.020800 0.017888 -0.104267
v 0.023098 0.079223 -0.046518
v 0.024128 0.015378 -0.103622
v -0.030542 0.052226 -0.104447
v -0.017482 0.074687 -0.105245
v -0.019772 0.078670 -0.104906
v 0.022397 0.019590 -0.103850
v -0.032135 0.051238 -0.101945
v -0.031446 0.054110 -0.103471
v -0.030607 0.055857 -0.104433
v -0.032330 0.055323 -0.101154
v -0.028124 0.055465 -0.104939
v 0.019863 0.079447 -0.043305
v 0.021833 0.079225 -0.041849
v 0.028598 0.009002 -0.102830
v -0.031172 0.058711 -0.103738
v 0.028743 0.078288 -0.048660
v 0.027204 0.079171 -0.049155
v 0.030087 0.007994 -0.102630
v -0.023024 0.080190 -0.103910
v -0.024033 0.080654 -0.103796
v -0.027908 0.059330 -0.104915
v 0.028313 0.078749 -0.050304
v 0.029947 0.010820 -0.102582
v -0.030676 0.059206 -0.104351
v -0.022748 0.081382 -0.102152
v -0.025944 0.081109 -0.101949
v -0.025979 0.081187 -0.100759
v 0.028040 0.079070 -0.046256
v 0.028975 0.077543 -0.046560
v -0.022258 0.080866 -0.100458
v 0.027073 0.079321 -0.047598
v -0.026191 0.080700 -0.098679
v 0.032070 0.009662 -0.099372
v -0.020177 0.079626 -0.104253
v -0.019656 0.080777 -0.103872
v -0.016555 0.079407 -0.104373
v 0.033241 0.010456 -0.097057
v -0.021370 0.081340 -0.103298
v 0.025313 0.079329 -0.044332
v -0.017783 0.081041 -0.103406
v 0.025603 0.079354 -0.040800
v 0.029962 0.014895 -0.102505
v 0.027672 0.079340 -0.041062
v -0.013451 0.079206 -0.104372
v 0.027239 0.018424 -0.102962
v -0.009714 0.080696 -0.103850
v -0.009303 0.078956 -0.104499
v 0.028217 0.078988 -0.039650
v -0.014820 0.080868 -0.103796
v -0.020196 0.053958 -0.105321
v 0.029945 0.017959 -0.102431
v 0.032092 0.013329 -0.099299
v -0.015198 0.081078 -0.102971
v -0.015584 0.080668 -0.099678
v -0.012264 0.080887 -0.103400
v -0.003302 0.080122 -0.046016
v -0.020317 0.081351 -0.102123
v -0.017362 0.081074 -0.101540
v 0.033041 0.014048 -0.097539
v -0.018973 0.080806 -0.098740
v 0.032367 0.017284 -0.098813
v -0.017655 0.081312 -0.099541
v 0.034500 0.012372 -0.094908
v 0.034457 0.018667 -0.095270
v -0.010734 0.080546 -0.099637
v 0.024362 0.023895 -0.103553
v -0.017854 0.081013 -0.096777
v 0.021024 0.022061 -0.104189
v -0.025971 0.058740 -0.104828
v -0.014683 0.080571 -0.096252
v 0.021624 0.026244 -0.104006
v -0.000046 0.062194 -0.105977
v -0.007396 0.061630 -0.105902
v -0.004527 0.063871 -0.105972
v 0.026018 0.022120 -0.103167
v 0.004877 0.079972 -0.037010
v -0.001623 0.080100 -0.032434
v 0.027158 0.026091 -0.102843
v -0.013456 0.061751 -0.105590
v 0.025183 0.029803 -0.103280
v 0.013671 0.079716 -0.039852
v -0.004714 0.073184 -0.105745
v -0.027814 0.062908 -0.104844
v 0.030001 0.021335 -0.102379
v 0.033037 0.022660 -0.097852
v -0.008694 0.073796 -0.105613
v -0.011666 0.055020 -0.105862
v 0.029826 0.028027 -0.102358
v 0.030236 0.024058 -0.102087
v 0.031094 0.024688 -0.100610
v 0.031035 0.027409 -0.100874
v 0.032751 0.026359 -0.098348
v 0.035342 0.019712 -0.093349
v 0.034737 0.025943 -0.095101
v 0.001898 0.069963 -0.105700
v 0.035452 0.027516 -0.093435
v -0.032912 0.055479 -0.099289
v -0.033667 0.053829 -0.097402
v 0.035609 0.023799 -0.091307
v 0.035446 0.030531 -0.092824
v 0.035714 0.025262 -0.089184
v 0.035576 0.030892 -0.090141
v -0.033796 0.057792 -0.097239
v 0.011939 0.079811 -0.031337
v 0.007518 0.079954 -0.024624
v -0.032431 0.059768 -0.101179
v -0.031228 0.061834 -0.103863
v -0.004262 0.080189 -0.025843
v -0.033025 0.058015 -0.098789
v -0.007361 0.077268 -0.105665
v -0.003825 0.074722 -0.105792
v 0.006556 0.040065 -0.106401
v -0.032936 0.062260 -0.099920
v -0.034147 0.054562 -0.094858
v 0.001240 0.072719 -0.105643
v 0.009458 0.037265 -0.106557
v 0.010352 0.036092 -0.105563
v -0.034233 0.058732 -0.095061
v 0.007825 0.038935 -0.106607
v -0.003469 0.077260 -0.105659
v -0.008420 0.078176 -0.105320
v 0.000659 0.076803 -0.105618
v -0.034611 0.054235 -0.091606
v -0.005658 0.078627 -0.104557
v -0.002749 0.079571 -0.104294
v -0.001593 0.078348 -0.104598
v 0.020065 0.079504 -0.037022
v 0.010511 0.041639 -0.105509
v -0.034527 0.058005 -0.091647
v 0.007443 0.045149 -0.106466
v 0.003239 0.071568 -0.106399
v 0.003999 0.075562 -0.106467
v -0.033198 0.062412 -0.098603
v 0.009832 0.040797 -0.106333
v 0.009355 0.044871 -0.106466
v -0.033704 0.062593 -0.097435
v 0.007371 0.071027 -0.106397
v 0.011564 0.040715 -0.105297
v 0.006866 0.072826 -0.106096
v 0.010566 0.045475 -0.105342
v 0.004462 0.076538 -0.106032
v 0.006116 0.074668 -0.104914
v -0.030837 0.065072 -0.104301
v 0.021745 0.079089 -0.037490
v 0.017300 0.035412 -0.104680
v -0.031475 0.064517 -0.103649
v 0.023134 0.079362 -0.038604
v 0.002683 0.076418 -0.105730
v 0.029285 0.072970 -0.034023
v 0.028734 0.077307 -0.035573
v 0.003380 0.077714 -0.104645
v -0.032895 0.065134 -0.100317
v 0.022066 0.079270 -0.033872
v 0.004667 0.076342 -0.104627
v 0.023504 0.079426 -0.032377
v 0.025000 0.079320 -0.035064
v 0.003016 0.079337 -0.104234
v 0.003273 0.080220 -0.103656
v 0.020889 0.037426 -0.104078
v 0.021580 0.032261 -0.104001
v 0.023699 0.035080 -0.103514
v -0.001375 0.080364 -0.103777
v 0.019721 0.079530 -0.030353
v 0.004735 0.080261 -0.103858
v 0.005795 0.080266 -0.101703
v 0.016800 0.041227 -0.104693
v 0.006000 0.076406 -0.104229
v 0.026649 0.079437 -0.036002
v 0.026740 0.079357 -0.032097
v 0.027932 0.079088 -0.032015
v 0.028654 0.077987 -0.032438
v 0.027978 0.078947 -0.035480
v 0.018256 0.037958 -0.104648
v 0.028661 0.077787 -0.029542
v 0.027549 0.079283 -0.028704
v 0.019339 0.042258 -0.104215
v -0.005889 0.080531 -0.103854
v -0.008095 0.080614 -0.101457
v -0.010181 0.080596 -0.101665
v -0.033259 0.067133 -0.098796
v -0.033677 0.066880 -0.097593
v 0.009464 0.049498 -0.106273
v -0.003601 0.080524 -0.101914
v 0.008081 0.052259 -0.106406
v -0.034119 0.065120 -0.094399
v 0.000608 0.080339 -0.101666
v -0.001180 0.080353 -0.101094
v -0.004926 0.080465 -0.100572
v 0.010210 0.048613 -0.105492
v 0.011669 0.050305 -0.105277
v 0.001365 0.080370 -0.097762
v 0.017173 0.047890 -0.104619
v -0.033080 0.069133 -0.098996
v 0.013449 0.079789 -0.024703
v 0.010386 0.051170 -0.105342
v 0.010385 0.053640 -0.105292
v 0.013885 0.050519 -0.105088
v 0.017854 0.044500 -0.104611
v 0.005237 0.080107 -0.100594
v 0.021796 0.079224 -0.029066
v 0.020673 0.049099 -0.103948
v 0.022051 0.079282 -0.025580
v 0.019652 0.079534 -0.025742
v 0.018470 0.049584 -0.104495
v 0.024875 0.079375 -0.028748
v 0.027165 0.079373 -0.025543
v 0.023666 0.079404 -0.025596
v 0.016300 0.050541 -0.104753
v 0.025197 0.079393 -0.023339
v 0.028058 0.078943 -0.027643
v 0.021356 0.079243 -0.022054
v 0.019382 0.079617 -0.018498
v 0.023307 0.079512 -0.018796
v 0.026765 0.079359 -0.020630
v 0.027206 0.030931 -0.102775
v 0.029775 0.033077 -0.102404
v 0.027991 0.034335 -0.102571
v 0.006679 0.080093 -0.103571
v 0.030242 0.032242 -0.101957
v -0.032734 0.074271 -0.096239
v -0.032099 0.077376 -0.097556
v -0.033130 0.071405 -0.095025
v -0.032026 0.077562 -0.094339
v -0.032955 0.072642 -0.092443
v 0.025048 0.037566 -0.103249
v -0.032355 0.075865 -0.090826
v -0.031941 0.079450 -0.097799
v -0.030652 0.080539 -0.098472
v -0.029633 0.080698 -0.096286
v -0.031834 0.079460 -0.094253
v -0.030839 0.080510 -0.093088
v -0.025612 0.080704 -0.097031
v 0.033545 0.030182 -0.097279
v -0.027788 0.080609 -0.094894
v 0.033724 0.034380 -0.096989
v -0.032332 0.076508 -0.087611
v 0.034645 0.030866 -0.095364
v -0.031816 0.079529 -0.090041
v 0.034889 0.032512 -0.095236
v -0.028380 0.080702 -0.092205
v -0.024006 0.080686 -0.094005
v -0.030698 0.080649 -0.090271
v -0.028326 0.080653 -0.086979
v -0.024420 0.080666 -0.090439
v -0.019882 0.080667 -0.092916
v -0.020217 0.080597 -0.090481
v 0.035571 0.033459 -0.092780
v 0.035561 0.031556 -0.087562
v 0.035489 0.033535 -0.090094
v -0.018287 0.080870 -0.088642
v -0.019628 0.080706 -0.095688
v -0.035223 0.040680 -0.083743
v -0.035013 0.044130 -0.087010
v -0.017801 0.081043 -0.090605
v -0.031803 0.079526 -0.086752
v -0.032312 0.076217 -0.084901
v -0.035068 0.043091 -0.083996
v -0.031707 0.079702 -0.083030
v -0.030686 0.080792 -0.086069
v -0.030017 0.080733 -0.083263
v -0.035318 0.037753 -0.079983
v -0.030115 0.080779 -0.087280
v -0.032314 0.076624 -0.082379
v -0.035453 0.039259 -0.078238
v -0.035295 0.044089 -0.081272
v -0.035111 0.041221 -0.078624
v -0.024514 0.080678 -0.081633
v -0.034968 0.044752 -0.079026
v -0.035051 0.045551 -0.077809
v -0.035177 0.042862 -0.076481
v -0.034956 0.047146 -0.085583
v -0.034869 0.052348 -0.088021
v -0.023934 0.080602 -0.079543
v -0.034777 0.053230 -0.084655
v -0.035056 0.049573 -0.080985
v -0.034672 0.049258 -0.078947
v -0.034763 0.052318 -0.081345
v -0.034452 0.055931 -0.078621
v -0.034569 0.056126 -0.084859
v -0.035323 0.040370 -0.074627
v -0.035452 0.042908 -0.073715
v -0.035226 0.041113 -0.070338
v -0.035025 0.045819 -0.074937
v -0.035175 0.044547 -0.071456
v -0.035228 0.045525 -0.073640
v -0.035083 0.049706 -0.073638
v -0.034876 0.049768 -0.076639
v -0.034516 0.053319 -0.075434
v -0.034657 0.056388 -0.076669
v -0.034930 0.052197 -0.073810
v -0.034442 0.054867 -0.073331
v -0.034297 0.058647 -0.075304
v -0.034607 0.057999 -0.088518
v -0.034266 0.062986 -0.092049
v -0.034293 0.061544 -0.087747
v -0.034268 0.059802 -0.085500
v -0.034159 0.060882 -0.083256
v -0.033909 0.065294 -0.088330
v -0.033941 0.062999 -0.082336
v -0.034534 0.057481 -0.082874
v -0.034660 0.057541 -0.081938
v -0.033369 0.069656 -0.090249
v -0.033639 0.069832 -0.096154
v -0.033068 0.071835 -0.087065
v -0.033221 0.069070 -0.082007
v -0.034508 0.059481 -0.080939
v -0.034125 0.059816 -0.078595
v -0.034192 0.061826 -0.076100
v -0.033650 0.065023 -0.078548
v -0.033321 0.066885 -0.078218
v -0.033000 0.072652 -0.084154
v -0.032967 0.071459 -0.079214
v -0.032507 0.074765 -0.080460
v -0.032983 0.069777 -0.077990
v 0.035480 0.030194 -0.085348
v 0.035361 0.033086 -0.086669
v 0.035379 0.035429 -0.087176
v 0.035166 0.034604 -0.084012
v 0.035244 0.035946 -0.084479
v 0.035340 0.033014 -0.082712
v 0.035196 0.041245 -0.088508
v 0.034996 0.039198 -0.084590
v 0.034927 0.041846 -0.085505
v 0.034928 0.035788 -0.082098
v 0.034910 0.035330 -0.079255
v 0.034877 0.037676 -0.081472
v 0.034470 0.043176 -0.081107
v 0.034929 0.044355 -0.090651
v 0.034738 0.045277 -0.087987
v 0.034998 0.046292 -0.091896
v 0.035036 0.042348 -0.089459
v 0.035022 0.043682 -0.087934
v 0.034663 0.048567 -0.090698
v 0.034586 0.044898 -0.084521
v 0.034354 0.046742 -0.084424
v 0.034207 0.046228 -0.082567
v 0.034768 0.047389 -0.087531
v 0.034053 0.049917 -0.084548
v 0.034444 0.039992 -0.077035
v 0.034041 0.044891 -0.075928
v 0.034233 0.038521 -0.070611
v 0.033688 0.043592 -0.067832
v 0.033299 0.049446 -0.069836
v 0.033741 0.050079 -0.079715
v 0.034021 0.050915 -0.083278
v 0.032710 0.051321 -0.061801
v 0.032216 0.054845 -0.060090
v 0.031858 0.056892 -0.058475
v 0.032434 0.054982 -0.057202
v -0.035755 0.000264 -0.049599
v -0.035814 0.005142 -0.047719
v 0.032643 0.021087 -0.035277
v 0.033228 0.018246 -0.042374
v 0.033282 0.024276 -0.044583
v 0.033773 0.018392 -0.049947
v 0.033663 0.025413 -0.050586
v 0.029330 -0.035253 -0.103480
v 0.033924 0.021425 -0.053412
v 0.033813 0.023828 -0.054288
v 0.033751 0.026177 -0.054369
v 0.027697 -0.033140 -0.103625
v 0.035037 -0.006348 -0.070141
v 0.035300 -0.004916 -0.072657
v 0.035047 -0.002999 -0.072175
v 0.032680 0.028632 -0.037345
v 0.030415 -0.032930 -0.102688
v 0.030117 -0.035547 -0.103062
v 0.033566 0.026911 -0.051519
v 0.035317 -0.000342 -0.074416
v 0.035451 -0.005095 -0.076041
v 0.035622 -0.001922 -0.077940
v 0.033048 0.032724 -0.043827
v 0.033206 0.027887 -0.044975
v 0.033194 0.030461 -0.046054
v 0.029857 -0.031181 -0.103205
v 0.030532 -0.037402 -0.102968
v 0.033405 0.028473 -0.048439
v 0.032736 0.033563 -0.040328
v 0.031168 -0.035606 -0.101408
v 0.032085 -0.032786 -0.099206
v 0.035133 -0.000982 -0.069731
v 0.034895 -0.008135 -0.067606
v 0.035208 -0.009082 -0.071038
v 0.032213 0.026956 -0.030718
v 0.035001 -0.006119 -0.067297
v 0.029593 -0.025021 -0.103202
v 0.030323 -0.028591 -0.102781
v 0.031808 -0.030501 -0.100032
v 0.033450 0.031131 -0.051117
v 0.033678 0.028759 -0.053937
v 0.033643 0.031611 -0.055253
v 0.033175 0.034913 -0.047621
v 0.033222 0.036934 -0.046631
v 0.033018 0.036287 -0.043720
v 0.032972 -0.033140 -0.097362
v 0.032841 0.038049 -0.044410
v 0.033047 0.038556 -0.048903
v 0.033445 0.033988 -0.051407
v 0.034042 -0.029778 -0.095101
v 0.033505 -0.029189 -0.096097
v 0.033008 0.041894 -0.051694
v 0.033769 0.034838 -0.056456
v 0.033656 0.035833 -0.057772
v 0.033398 0.037252 -0.054108
v 0.033670 0.035792 -0.052760
v 0.033519 0.040559 -0.060083
v 0.032819 -0.028857 -0.097794
v 0.032452 0.038369 -0.038863
v 0.032508 0.039887 -0.040142
v 0.032160 -0.027019 -0.099221
v 0.032548 0.040474 -0.038668
v 0.032301 0.043694 -0.039973
v 0.032262 0.040979 -0.036925
v 0.032646 -0.024569 -0.098161
v 0.035411 0.004599 -0.076131
v 0.035420 0.001159 -0.076154
v 0.035706 0.003249 -0.079827
v 0.033317 0.033175 -0.047071
v 0.033392 0.036324 -0.049447
v 0.032756 0.036455 -0.039766
v 0.035589 0.007533 -0.077314
v 0.035793 0.008244 -0.079975
v 0.035564 0.006785 -0.075287
v 0.034470 -0.029565 -0.093537
v 0.035666 0.012022 -0.078962
v 0.032192 0.031916 -0.031858
v 0.032317 0.036796 -0.035370
v 0.035194 -0.033135 -0.090122
v 0.035338 0.004677 -0.072873
v 0.032560 0.037864 -0.036396
v 0.035271 0.011691 -0.073697
v 0.034001 0.038580 -0.067827
v 0.034285 0.036118 -0.068946
v 0.034401 0.038219 -0.069581
v 0.034321 0.034447 -0.065929
v 0.033948 0.037752 -0.065309
v 0.033954 0.035309 -0.064656
v 0.035448 0.012860 -0.075333
v 0.033983 0.041143 -0.067904
v 0.035339 0.007867 -0.073565
v 0.035217 -0.027730 -0.091971
v 0.034972 -0.023105 -0.092911
v 0.035305 0.009597 -0.071968
v 0.035312 -0.028820 -0.088015
v 0.035148 0.009212 -0.069113
v 0.035658 -0.001733 -0.080746
v 0.031432 -0.025380 -0.100517
v 0.030482 -0.025362 -0.102446
v 0.034112 0.033385 -0.063216
v 0.030221 -0.022365 -0.102952
v 0.032043 0.020694 -0.027839
v 0.031674 0.030798 -0.024698
v 0.032895 -0.021743 -0.097689
v 0.030996 0.026033 -0.017309
v 0.033535 -0.024688 -0.096182
v 0.033285 0.046108 -0.062658
v 0.031767 0.036775 -0.027108
v 0.029954 -0.018189 -0.102997
v 0.030479 -0.020000 -0.102421
v 0.032391 -0.016400 -0.098603
v 0.031865 0.043492 -0.034018
v 0.031863 0.045019 -0.034509
v 0.031439 0.046451 -0.031197
v 0.032951 0.046431 -0.056872
v 0.034536 -0.007071 -0.059701
v 0.034694 -0.001578 -0.061936
v 0.030458 -0.016265 -0.102453
v 0.032248 0.039268 -0.034663
v 0.031323 -0.015464 -0.100860
v 0.031967 0.040463 -0.031906
v 0.034051 -0.020886 -0.095022
v 0.032193 0.041099 -0.033149
v 0.033327 -0.017011 -0.096884
v 0.035206 -0.020090 -0.092285
v 0.035150 -0.015959 -0.092568
v 0.031500 0.045092 -0.028220
v 0.031049 0.042578 -0.020011
v 0.035212 -0.012245 -0.092458
v 0.035252 -0.023953 -0.091501
v 0.034184 0.000010 -0.054378
v 0.029937 -0.015177 -0.102988
v 0.031886 -0.012803 -0.099779
v 0.032190 0.047376 -0.043900
v 0.032392 0.047769 -0.048202
v 0.032373 -0.009732 -0.098731
v 0.034663 0.007393 -0.061246
v 0.033050 -0.011222 -0.097260
v 0.033955 -0.010848 -0.095704
v 0.032042 0.052862 -0.051063
v 0.031994 0.050508 -0.046386
v 0.035112 0.012705 -0.069676
v 0.034898 0.012090 -0.065403
v 0.035267 0.012128 -0.068345
v 0.034951 0.013736 -0.065669
v 0.032419 0.045404 -0.040795
v 0.031994 0.047218 -0.041062
v 0.032258 0.047555 -0.042482
v 0.034286 -0.002957 -0.094970
v 0.032087 0.050407 -0.044302
v 0.032076 0.052468 -0.046634
v 0.031643 0.052870 -0.045024
v 0.032164 0.053672 -0.055237
v 0.035254 -0.032193 -0.085640
v 0.034994 -0.030823 -0.084102
v 0.035152 -0.032127 -0.083233
v 0.031579 0.050951 -0.038959
v 0.031556 0.053640 -0.042034
v 0.032167 0.054379 -0.052109
v 0.031897 0.055540 -0.053672
v 0.031954 0.053602 -0.048747
v 0.035332 -0.025732 -0.088668
v 0.031658 0.054990 -0.050059
v 0.031327 0.057915 -0.049575
v 0.035417 -0.025793 -0.085676
v 0.035304 -0.028641 -0.084347
v 0.031366 0.056313 -0.046423
v 0.031581 0.056573 -0.048978
v 0.030952 0.060266 -0.049506
v 0.035467 -0.028699 -0.082636
v 0.031370 -0.010223 -0.023721
v 0.032436 -0.013098 -0.034732
v 0.031812 -0.005121 -0.027244
v 0.035139 -0.030479 -0.079493
v 0.031467 0.055034 -0.044486
v 0.035207 -0.027574 -0.081387
v 0.031316 0.057144 -0.043481
v 0.035360 -0.024467 -0.080876
v 0.031231 0.059095 -0.047549
v 0.035338 -0.028755 -0.079465
v 0.034376 0.015742 -0.058647
v 0.030744 0.061160 -0.043780
v 0.030967 0.061386 -0.045822
v 0.035481 -0.015866 -0.088758
v 0.033473 -0.013013 -0.046522
v 0.033985 -0.015578 -0.053183
v 0.033981 -0.009957 -0.052299
v 0.031725 0.046353 -0.036038
v 0.035344 -0.022128 -0.088250
v 0.031685 0.048088 -0.037554
v 0.032318 -0.005886 -0.032465
v 0.031518 0.048136 -0.032988
v 0.035473 -0.019245 -0.085648
v 0.031784 0.001279 -0.026396
v 0.032611 -0.003609 -0.035689
v 0.032351 0.000970 -0.032958
v 0.033829 -0.004693 -0.049880
v 0.033358 -0.005818 -0.044249
v 0.031406 0.053471 -0.039250
v 0.031350 0.051982 -0.034430
v 0.035431 -0.021791 -0.083602
v 0.030658 -0.002713 -0.016625
v 0.035590 -0.017277 -0.082759
v 0.031351 0.050261 -0.030823
v 0.035333 -0.020642 -0.079301
v 0.035477 -0.016794 -0.085453
v 0.031282 0.054380 -0.034163
v 0.032167 0.004562 -0.030051
v 0.031336 0.054644 -0.037868
v 0.031073 0.056023 -0.036820
v 0.030971 0.056592 -0.033312
v 0.035623 -0.011159 -0.084460
v 0.035561 -0.012473 -0.081854
v 0.035139 -0.029300 -0.076064
v 0.031012 0.052838 -0.030282
v 0.031011 0.055018 -0.030797
v 0.034948 -0.027090 -0.077864
v 0.035363 -0.029856 -0.073854
v 0.031158 0.056416 -0.039512
v 0.034772 -0.028248 -0.073052
v 0.035180 -0.024420 -0.077758
v 0.030841 0.059955 -0.040010
v 0.033088 -0.017325 -0.043111
v 0.034956 -0.025235 -0.073255
v 0.035031 -0.021939 -0.072067
v 0.030645 0.063368 -0.043487
v 0.029440 -0.006088 -0.007262
v 0.030610 0.062723 -0.040233
v 0.034676 -0.026824 -0.068441
v 0.034556 -0.028602 -0.066822
v 0.030831 0.060207 -0.035492
v 0.030936 0.060747 -0.037335
v 0.031141 0.057122 -0.035226
v 0.030539 0.063910 -0.038023
v 0.035154 -0.019063 -0.075232
v 0.035476 -0.014920 -0.079424
v 0.030834 0.061897 -0.035040
v 0.030555 0.062583 -0.033664
v 0.035406 -0.016833 -0.077146
v 0.030518 0.064287 -0.034668
v 0.032859 -0.010343 -0.039240
v 0.030694 0.031873 -0.014225
v 0.030817 0.003637 -0.017461
v 0.031021 0.038030 -0.018226
v 0.035034 -0.018364 -0.070097
v 0.035107 -0.015778 -0.071229
v 0.035460 -0.010309 -0.077282
v 0.035276 -0.012483 -0.073659
v 0.030020 0.003159 -0.010773
v 0.030539 0.036778 -0.013042
v 0.034209 -0.007068 -0.095044
v 0.035582 -0.011934 -0.088773
v 0.031224 0.045353 -0.023311
v 0.032640 0.005391 -0.035041
v 0.032614 0.012396 -0.034516
v 0.035501 -0.007081 -0.091561
v 0.031834 0.013494 -0.025901
v 0.035652 -0.008496 -0.086165
v 0.033217 0.010724 -0.041781
v 0.035657 -0.003395 -0.086578
v 0.035572 -0.001648 -0.091452
v 0.030685 0.048530 -0.016955
v 0.033616 -0.000650 -0.096282
v 0.030047 0.038265 -0.008264
v 0.029627 0.032809 -0.004733
v 0.034134 0.003104 -0.095379
v 0.033085 0.001566 -0.040495
v 0.031400 0.019966 -0.021389
v 0.029149 0.038240 -0.000432
v 0.035752 -0.000561 -0.088284
v 0.030578 0.043203 -0.014086
v 0.035673 0.002785 -0.090812
v 0.031254 0.014485 -0.020392
v 0.035486 0.004165 -0.092062
v 0.030098 0.042773 -0.009166
v 0.034215 0.006666 -0.095327
v 0.035740 0.007458 -0.090063
v 0.035586 0.008768 -0.092040
v 0.035771 -0.004102 -0.084457
v 0.030047 0.048680 -0.009088
v 0.035637 -0.008419 -0.081726
v 0.035694 -0.004245 -0.080960
v 0.029435 0.046576 -0.002675
v 0.029988 0.054090 -0.010163
v 0.031236 0.008036 -0.020723
v 0.031026 0.051556 -0.025243
v 0.034215 0.006659 -0.054719
v 0.031009 0.054578 -0.027675
v 0.030854 0.058292 -0.031598
v 0.030945 0.058472 -0.029561
v 0.030984 0.053272 -0.026322
v 0.030824 0.057832 -0.027445
v 0.030778 0.054321 -0.022727
v 0.030986 0.055118 -0.025273
v 0.030708 0.058337 -0.025612
v 0.030940 0.057166 -0.024283
v 0.030916 0.055455 -0.022880
v 0.030603 0.056432 -0.020935
v 0.030654 0.057143 -0.022970
v 0.030005 0.008292 -0.010239
v 0.035778 0.002480 -0.085918
v 0.030709 0.057274 -0.019641
v 0.030488 0.059500 -0.022213
v 0.035797 -0.000240 -0.082192
v 0.033716 0.004945 -0.048050
v 0.030896 0.050523 -0.020612
v 0.035824 0.006684 -0.084703
v 0.028405 -0.008017 0.000409
v 0.030564 0.061973 -0.029644
v 0.034215 0.012299 -0.055468
v 0.030271 0.064496 -0.031242
v 0.035779 0.009701 -0.081918
v 0.029910 0.068051 -0.033508
v 0.030122 0.067454 -0.036494
v 0.030627 0.060576 -0.026045
v 0.030396 0.062699 -0.028206
v 0.035508 0.013252 -0.092468
v 0.030288 0.062437 -0.023917
v 0.029286 0.000201 -0.005466
v 0.030082 0.065326 -0.024926
v 0.029764 0.068764 -0.029750
v 0.030014 0.066031 -0.027228
v 0.035792 0.012820 -0.089635
v 0.029400 0.070135 -0.026089
v 0.033797 0.011113 -0.049237
v 0.027882 0.001883 0.005544
v 0.035900 0.009621 -0.086151
v 0.030311 0.059979 -0.019054
v 0.035658 0.018623 -0.091358
v 0.030508 0.055336 -0.018179
v 0.034059 0.018051 -0.054560
v 0.035837 0.016446 -0.086608
v 0.035732 0.019723 -0.089186
v 0.035772 0.014373 -0.083086
v 0.030436 0.057769 -0.017916
v 0.035732 0.014380 -0.080582
v 0.030158 0.056596 -0.013465
v 0.035769 0.017277 -0.083104
v 0.035738 0.022798 -0.085412
v 0.030134 0.059274 -0.014169
v 0.028518 0.006704 0.001240
v 0.029952 0.061150 -0.015535
v 0.029757 0.061010 -0.009673
v 0.029528 0.062758 -0.010320
v 0.029755 0.064505 -0.018091
v 0.027307 -0.005034 0.009112
v 0.027391 -0.000950 0.008904
v 0.029407 0.069305 -0.022679
v 0.035518 0.026449 -0.083399
v 0.035705 0.028232 -0.086313
v 0.029552 0.067146 -0.019043
v 0.029710 0.064569 -0.015228
v 0.034485 -0.026136 -0.063711
v 0.034698 -0.024589 -0.067489
v 0.029367 0.068062 -0.015808
v 0.034750 -0.020178 -0.067761
v 0.029217 0.070197 -0.018670
v 0.034673 -0.020946 -0.064240
v 0.029152 0.070081 -0.016491
v 0.029079 0.072160 -0.016384
v 0.034429 -0.024374 -0.061377
v 0.034599 -0.020037 -0.061202
v 0.034376 -0.023037 -0.059191
v 0.028121 0.005575 0.003939
v 0.034795 -0.017943 -0.066434
v 0.034772 -0.015142 -0.064763
v 0.034975 -0.012515 -0.068279
v 0.028767 0.010781 -0.000150
v 0.028233 0.011759 0.003565
v 0.027989 0.009909 0.005785
v 0.027636 0.005717 0.008575
v 0.029502 0.070767 -0.032805
v 0.034743 -0.016936 -0.063133
v 0.029059 0.073338 -0.026816
v 0.034516 -0.016186 -0.060281
v 0.028848 0.074797 -0.029719
v 0.034774 -0.014363 -0.063469
v 0.030150 0.025040 -0.009733
v 0.034891 -0.009939 -0.065808
v 0.028925 0.074073 -0.023134
v 0.028700 0.076357 -0.025375
v 0.034086 -0.020287 -0.056097
v 0.028949 0.073465 -0.019909
v 0.030227 0.013919 -0.011543
v 0.028654 0.077703 -0.026147
v 0.035523 0.017662 -0.078726
v 0.030391 0.018812 -0.012244
v 0.028505 0.078020 -0.021368
v 0.027965 0.079133 -0.023100
v 0.028822 0.075398 -0.017251
v 0.035629 0.019931 -0.082178
v 0.029274 0.013897 -0.003897
v 0.035541 0.022453 -0.079516
v 0.027914 0.079200 -0.019824
v 0.035174 0.016045 -0.071313
v 0.035168 0.020509 -0.072604
v 0.035304 0.021882 -0.076151
v 0.029835 0.021608 -0.007778
v 0.035443 0.025286 -0.079938
v 0.029105 0.012971 -0.001889
v 0.029068 0.016592 -0.001907
v 0.029581 0.017926 -0.005360
v 0.029189 0.019948 -0.002644
v 0.035320 0.030599 -0.081628
v 0.028617 0.013585 0.000849
v 0.028655 0.018233 0.001672
v 0.028008 0.015218 0.006222
v 0.035120 0.025976 -0.074696
v 0.028225 0.021356 0.005278
v 0.029008 0.024876 -0.000397
v 0.035210 0.028536 -0.078099
v 0.029424 0.024449 -0.004426
v 0.034930 0.031595 -0.076693
v 0.034986 0.030795 -0.074736
v 0.029412 0.027670 -0.003225
v 0.034811 0.017371 -0.065686
v 0.034959 0.018192 -0.068209
v 0.028795 0.026973 0.000681
v 0.034903 0.021968 -0.069643
v 0.034858 0.025237 -0.070178
v 0.034839 0.015617 -0.064525
v 0.034560 0.018096 -0.063343
v 0.034540 0.020997 -0.063271
v 0.034551 0.018707 -0.060868
v 0.034758 0.021787 -0.066701
v 0.034598 0.024825 -0.066627
v 0.034489 0.025357 -0.063958
v 0.034911 0.025148 -0.072385
v 0.034723 0.029441 -0.072122
v 0.034625 0.029175 -0.069319
v 0.034624 0.031810 -0.072633
v 0.034638 0.033647 -0.073648
v 0.034626 0.033912 -0.071690
v 0.034407 0.029906 -0.065536
v 0.034380 0.032381 -0.067777
v 0.035020 0.033217 -0.078215
v 0.034206 0.021357 -0.059390
v 0.034195 0.021299 -0.057446
v 0.034078 0.025737 -0.058863
v 0.033980 0.024128 -0.056646
v 0.034082 0.022820 -0.055487
v 0.034075 0.029361 -0.059709
v 0.034040 0.032198 -0.062033
v 0.033793 0.032636 -0.058763
v 0.034004 0.034171 -0.059471
v -0.034548 -0.044097 0.050596
v -0.034426 -0.042207 0.050732
v -0.034558 -0.041394 0.046800
v -0.030839 -0.079533 0.022896
v -0.034587 -0.039680 0.049314
v -0.031832 -0.078763 0.023885
v -0.033907 -0.014618 0.068183
v -0.033686 -0.012721 0.072923
v -0.033897 -0.011696 0.067271
v -0.034556 -0.036611 0.045996
v -0.034694 -0.036470 0.043120
v -0.034565 -0.039760 0.045005
v -0.034743 -0.033010 0.040739
v -0.034645 -0.038241 0.041072
v -0.033870 -0.007182 0.066297
v -0.033405 -0.077938 0.024632
v -0.034693 -0.030426 0.045652
v -0.034539 -0.033041 0.046383
v -0.031806 -0.078818 0.026926
v -0.034566 -0.034373 0.049103
v -0.034852 -0.027561 0.035014
v -0.034854 -0.033764 0.034141
v -0.033733 -0.006192 0.070820
v -0.033855 -0.003239 0.067423
v -0.033724 -0.004344 0.072019
v -0.034684 -0.027447 0.042985
v -0.034809 -0.025136 0.038954
v -0.033706 -0.009069 0.072346
v -0.034796 -0.023688 0.036368
v -0.034994 -0.024257 0.034183
v -0.034157 0.001350 0.057522
v -0.034082 -0.002707 0.059860
v -0.033963 -0.001490 0.062386
v -0.033964 -0.067788 0.026763
v -0.033947 0.004123 0.063996
v -0.034861 -0.021720 0.037594
v -0.033470 -0.078172 0.030425
v -0.034215 -0.005714 0.057920
v -0.034067 -0.005621 0.062579
v -0.034835 0.012085 0.030041
v -0.035022 0.008855 0.020243
v -0.034888 0.003316 0.029468
v -0.034699 -0.021473 0.042356
v -0.034617 -0.020935 0.046460
v -0.034612 -0.023328 0.046232
v -0.034937 0.017174 0.020830
v -0.033820 0.000373 0.066480
v -0.033716 -0.002184 0.069767
v -0.034512 -0.027661 0.047783
v -0.033647 0.001135 0.070661
v -0.034769 0.010391 0.033496
v -0.035326 -0.027117 0.008574
v -0.033687 -0.015889 0.073599
v -0.033527 -0.014844 0.078798
v -0.033382 -0.011438 0.080977
v -0.033480 -0.008238 0.077508
v -0.034858 0.017571 0.029023
v -0.033918 -0.070406 0.037779
v -0.033487 -0.004916 0.076386
v -0.033734 -0.074703 0.037872
v -0.033880 -0.067504 0.032618
v -0.034764 0.015228 0.032562
v -0.034050 -0.066839 0.036736
v -0.035404 -0.022361 0.008172
v -0.033281 -0.006236 0.083625
v -0.035261 -0.026045 0.013945
v -0.033283 -0.009298 0.083069
v -0.033980 -0.068421 0.041463
v -0.033717 -0.072289 0.039408
v -0.034229 -0.066014 0.040400
v -0.034785 -0.003458 0.036395
v -0.034749 0.002067 0.036359
v -0.033370 -0.004746 0.080125
v -0.035487 -0.018050 0.002580
v -0.033462 0.001373 0.074903
v -0.033566 -0.001470 0.076074
v -0.034363 -0.049780 0.056042
v -0.034361 -0.049353 0.053728
v -0.034441 -0.051704 0.054121
v -0.034331 -0.051415 0.057859
v -0.035428 -0.010443 0.003835
v -0.034613 -0.047596 0.053112
v -0.034534 -0.047602 0.051036
v -0.034231 -0.048021 0.057573
v -0.034436 -0.045771 0.054423
v -0.033588 0.003506 0.073716
v -0.033783 0.009711 0.068844
v -0.034313 -0.045842 0.056861
v -0.034493 -0.046602 0.058470
v -0.034413 -0.043729 0.054064
v -0.035361 -0.020256 0.008652
v -0.033365 -0.002559 0.081540
v -0.034468 -0.043832 0.055789
v -0.033260 0.001535 0.081606
v -0.034593 -0.041033 0.053446
v -0.033449 0.002585 0.078270
v -0.034414 -0.039010 0.056174
v -0.034342 -0.043872 0.058192
v -0.034313 -0.046866 0.060411
v -0.033490 0.011084 0.079834
v -0.033359 0.004712 0.080722
v -0.034282 -0.042238 0.060514
v -0.034205 0.009065 0.056638
v -0.034182 -0.061695 0.021491
v -0.035207 -0.022851 0.020366
v -0.035272 -0.015802 0.016549
v -0.035304 -0.017807 0.018884
v -0.034488 -0.039501 0.052741
v -0.034537 -0.037259 0.052656
v -0.034216 -0.062641 0.026714
v -0.035358 -0.012357 0.011336
v -0.034327 -0.038150 0.054653
v -0.034035 0.012389 0.062362
v -0.034212 0.017493 0.057833
v -0.034667 -0.036104 0.053610
v -0.034514 -0.034914 0.052141
v -0.034354 -0.060100 0.016744
v -0.034589 -0.031636 0.048232
v -0.034641 -0.032458 0.051822
v -0.034512 -0.030525 0.052265
v -0.034344 -0.031864 0.054303
v -0.034707 -0.050003 0.016868
v -0.034444 -0.034474 0.055059
v -0.034462 -0.056242 0.019339
v -0.034318 -0.058794 0.020497
v -0.034600 -0.054063 0.019207
v -0.034238 -0.037960 0.061686
v -0.035180 -0.010362 0.021062
v -0.035211 -0.004129 0.015414
v -0.034404 0.015669 0.050013
v -0.034360 0.023022 0.052542
v -0.034293 -0.035461 0.061199
v -0.034419 -0.031082 0.055368
v -0.035170 -0.031031 0.015481
v -0.034485 -0.055032 0.022905
v -0.034568 -0.051967 0.022792
v -0.035103 -0.029246 0.018249
v -0.034702 -0.048003 0.023283
v -0.034287 -0.031592 0.060454
v -0.035223 -0.027968 0.021841
v -0.033882 0.016705 0.068531
v -0.034176 0.022879 0.061057
v -0.035217 -0.023930 0.023252
v -0.034196 0.025943 0.059553
v -0.035199 -0.020135 0.022806
v -0.034686 -0.028910 0.050649
v -0.034525 -0.026927 0.052317
v -0.034589 -0.025959 0.050106
v -0.033888 -0.066247 0.028948
v -0.034134 -0.064581 0.028532
v -0.034182 -0.065782 0.032168
v -0.034524 -0.023286 0.049875
v -0.034375 -0.061398 0.028807
v -0.034498 -0.028386 0.053314
v -0.034105 -0.062352 0.031168
v -0.034486 -0.023813 0.053237
v -0.034291 -0.027451 0.057807
v -0.035320 -0.002471 0.007240
v -0.034145 -0.064204 0.034903
v -0.034644 -0.022458 0.051316
v -0.034558 -0.020015 0.049744
v -0.034452 -0.021183 0.052790
v -0.033958 0.022438 0.068334
v -0.034262 -0.059928 0.031872
v -0.034138 -0.035813 0.063989
v -0.035325 0.004505 0.001344
v -0.034389 -0.058244 0.036916
v -0.034233 -0.039727 0.064182
v -0.034177 -0.036493 0.065470
v -0.034312 -0.033990 0.064850
v -0.034065 -0.031917 0.065218
v -0.033708 0.020428 0.078310
v -0.033920 0.025809 0.072078
v -0.034688 -0.048875 0.025732
v -0.034063 0.028267 0.065949
v -0.034223 -0.028005 0.061829
v -0.034477 -0.055669 0.027345
v -0.034134 -0.028986 0.064197
v -0.035267 0.011027 0.000342
v -0.034077 -0.031165 0.067853
v -0.033162 -0.002983 0.086710
v -0.033321 -0.000739 0.082949
v -0.033203 0.000645 0.085812
v -0.033073 -0.000651 0.090012
v -0.033423 0.003599 0.082035
v -0.034090 -0.026595 0.065285
v -0.033229 0.003885 0.084896
v -0.034248 -0.025905 0.059973
v -0.034576 -0.051200 0.032447
v -0.033121 0.002891 0.089344
v -0.033188 0.007152 0.089486
v -0.035147 0.004505 0.013576
v -0.034331 -0.018531 0.055707
v -0.033236 0.008804 0.085985
v -0.033356 0.011754 0.085623
v -0.034195 -0.018589 0.059431
v -0.032997 0.005580 0.093001
v -0.032883 0.003667 0.094466
v -0.034170 -0.024887 0.062919
v -0.035166 0.011954 0.008045
v -0.032855 0.008255 0.096711
v -0.034035 -0.024027 0.064128
v -0.034171 -0.021873 0.062844
v -0.033197 0.012314 0.091132
v -0.034004 -0.023232 0.067789
v -0.032923 0.011744 0.096950
v -0.034225 -0.018226 0.061498
v -0.034002 -0.019282 0.063658
v -0.033971 -0.018189 0.066461
v -0.035021 -0.040533 0.014202
v -0.035147 -0.015637 0.024633
v -0.033461 0.015815 0.084727
v -0.034857 -0.045063 0.018758
v -0.033762 -0.023087 0.073237
v -0.033896 -0.027018 0.072587
v -0.034845 -0.047289 0.019617
v -0.033354 0.013310 0.089270
v -0.035105 -0.005422 0.022770
v -0.033824 -0.018921 0.071819
v -0.035063 -0.009185 0.025640
v -0.034982 -0.006624 0.028408
v -0.033501 0.018583 0.084344
v -0.035049 -0.024186 0.026408
v -0.034993 -0.028503 0.023985
v -0.033826 0.026929 0.077177
v -0.035046 -0.028465 0.026245
v -0.034995 -0.039082 0.018486
v -0.033982 0.029729 0.071733
v -0.033942 0.031756 0.074935
v -0.034999 -0.019437 0.027704
v -0.033687 -0.017894 0.074355
v -0.033808 -0.020406 0.073682
v -0.033659 -0.022202 0.077669
v -0.035067 -0.019822 0.030599
v -0.034902 -0.022870 0.031668
v -0.034977 -0.026706 0.031419
v -0.034895 -0.018918 0.034654
v -0.033666 0.023798 0.082604
v -0.033606 0.020857 0.084132
v -0.035017 -0.015125 0.026887
v -0.033799 0.026981 0.082425
v -0.033852 0.029496 0.079877
v -0.033737 0.029182 0.083819
v -0.034999 -0.014026 0.030033
v -0.033460 0.016965 0.089760
v -0.033118 0.016336 0.094878
v -0.034715 -0.016694 0.041712
v -0.033538 0.019976 0.089167
v -0.034592 -0.018210 0.046259
v -0.034497 -0.015246 0.047259
v -0.033391 0.020010 0.091198
v -0.032974 0.014432 0.096951
v -0.034761 -0.045818 0.021364
v -0.034806 -0.043421 0.023237
v -0.034499 -0.011093 0.047302
v -0.033638 0.024654 0.088121
v -0.033531 0.021684 0.087915
v -0.034631 -0.009337 0.043345
v -0.034887 -0.013809 0.033594
v -0.034532 -0.015464 0.049406
v -0.033393 0.022511 0.093985
v -0.033158 0.021139 0.096952
v -0.033026 0.018914 0.097628
v -0.033097 0.017479 0.098061
v -0.034472 -0.013837 0.051426
v -0.034955 -0.041730 0.020336
v -0.034409 -0.009783 0.049588
v -0.034351 -0.010758 0.052623
v -0.034852 -0.009317 0.035129
v -0.033880 0.031964 0.082393
v -0.034830 -0.043639 0.026537
v -0.033728 0.028448 0.088395
v -0.034469 -0.017635 0.051900
v -0.033776 0.032028 0.085870
v -0.035017 -0.009836 0.030188
v -0.034949 -0.038584 0.023881
v -0.033476 0.025958 0.094113
v -0.033741 0.032311 0.089900
v -0.033688 0.030592 0.091800
v -0.032715 0.016849 0.100407
v -0.032343 0.021286 0.103440
v -0.035019 -0.033828 0.023858
v -0.033118 0.022550 0.097909
v -0.034484 -0.006000 0.048061
v -0.034530 -0.002147 0.045912
v -0.032818 0.026761 0.100801
v -0.031959 0.023626 0.105593
v -0.035046 0.000461 0.022432
v -0.034449 -0.006732 0.050422
v -0.033380 0.029682 0.096167
v -0.035167 -0.030313 0.019872
v -0.034589 0.004611 0.042826
v -0.033591 0.032713 0.093537
v -0.034293 -0.003784 0.049801
v -0.033271 0.034959 0.098270
v -0.032052 0.027493 0.105291
v -0.032337 0.028757 0.103400
v -0.032969 0.031616 0.099795
v -0.034198 -0.059960 0.038173
v -0.032038 0.031761 0.105378
v -0.032670 0.036012 0.101901
v -0.034219 -0.063605 0.041109
v -0.031637 0.025492 0.105888
v -0.034244 -0.009605 0.056753
v -0.031793 0.029730 0.105796
v -0.034141 -0.064900 0.042775
v -0.034064 -0.067168 0.045073
v -0.035000 0.017109 0.016501
v -0.031832 0.033644 0.105671
v -0.034002 -0.015064 0.062562
v -0.034171 -0.014779 0.061053
v -0.029825 0.030535 0.106171
v -0.030117 0.035990 0.106152
v -0.032030 0.039438 0.105549
v -0.034125 -0.010542 0.061042
v -0.031695 0.038397 0.105944
v -0.034413 -0.057447 0.041094
v -0.034100 -0.012108 0.061624
v -0.034191 -0.061726 0.044398
v -0.034153 -0.064756 0.046627
v -0.034296 -0.058070 0.043423
v -0.034066 -0.008396 0.059533
v -0.034352 -0.006943 0.054231
v -0.034304 -0.059707 0.047704
v -0.034444 -0.004619 0.052336
v -0.034332 -0.053950 0.043214
v -0.034272 -0.003580 0.055128
v -0.034303 -0.001152 0.052710
v -0.034473 -0.050996 0.039524
v -0.034345 0.003720 0.051492
v -0.034160 -0.004104 0.057223
v -0.034673 -0.045564 0.037590
v -0.034570 -0.049167 0.042158
v -0.034618 -0.043582 0.041104
v -0.034709 0.015648 0.036316
v -0.034437 -0.055489 0.045870
v -0.034338 -0.057594 0.049802
v -0.034398 -0.054087 0.047850
v -0.034712 0.020600 0.034056
v -0.034392 -0.054824 0.051706
v -0.034376 -0.052392 0.050399
v -0.034440 -0.051676 0.045932
v -0.034600 0.013113 0.042340
v -0.034516 -0.047277 0.046265
v -0.034492 -0.051319 0.049168
v -0.034406 -0.049908 0.048506
v -0.034481 -0.046657 0.044072
v -0.034592 0.021361 0.041774
v -0.034489 -0.044894 0.047312
v -0.034623 -0.043037 0.044692
v -0.034806 -0.040080 0.032530
v -0.034454 0.009918 0.047693
v -0.034743 -0.040146 0.039525
v -0.034468 0.024139 0.045373
v 0.003802 -0.080398 0.100774
v 0.000005 -0.080711 0.096709
v 0.006119 -0.080681 0.096758
v -0.034169 -0.045628 0.067305
v -0.034096 -0.040268 0.070222
v -0.034148 -0.039703 0.066231
v -0.028129 -0.079757 0.026723
v 0.000203 -0.080308 0.101263
v -0.033314 -0.041963 0.099775
v -0.033372 -0.038033 0.097872
v -0.033435 -0.040531 0.095170
v -0.030875 -0.079598 0.027668
v -0.033517 -0.035731 0.093511
v -0.033331 -0.035662 0.096883
v -0.034021 -0.038229 0.071003
v -0.025537 -0.079896 0.030738
v 0.009745 -0.080517 0.098937
v -0.033024 -0.041121 0.102842
v 0.006984 -0.080295 0.101745
v -0.033117 -0.036847 0.101067
v -0.001200 -0.080051 0.102646
v -0.003841 -0.080699 0.096277
v -0.021665 -0.080063 0.027322
v -0.018682 -0.080188 0.025962
v -0.032874 -0.038496 0.103969
v -0.032911 -0.039415 0.105237
v 0.002600 -0.080168 0.102591
v -0.032757 -0.035971 0.105565
v -0.005267 -0.079862 0.103387
v -0.001549 -0.078558 0.104404
v -0.006527 -0.078637 0.104562
v -0.033090 -0.033943 0.100965
v -0.033504 -0.033776 0.094970
v -0.030872 -0.079623 0.031121
v -0.031851 -0.078760 0.032132
v -0.003256 -0.076864 0.104594
v 0.000053 -0.076974 0.104626
v -0.033230 -0.031096 0.098297
v -0.032977 -0.030791 0.101467
v 0.004114 -0.078310 0.104354
v 0.003478 -0.077183 0.104727
v -0.033953 -0.032450 0.071538
v 0.005030 -0.079707 0.102952
v 0.010843 -0.079803 0.102588
v -0.032550 -0.040262 0.105873
v -0.032356 -0.042589 0.106038
v -0.030993 -0.042380 0.106290
v -0.030877 -0.039400 0.106374
v -0.032417 -0.037797 0.105937
v -0.032291 -0.034080 0.105929
v -0.030383 -0.032697 0.106304
v -0.033875 -0.055402 0.083728
v -0.033986 -0.053953 0.078640
v -0.033788 -0.055922 0.080394
v -0.028184 -0.040014 0.106152
v -0.029971 -0.037677 0.106291
v -0.014621 -0.080528 0.027170
v -0.033868 -0.050431 0.081145
v -0.033942 -0.051941 0.078300
v 0.006582 -0.077122 0.104963
v -0.018557 -0.080224 0.029939
v -0.034071 -0.050327 0.075353
v -0.034034 -0.052998 0.074617
v -0.013354 -0.080509 0.029357
v -0.027755 -0.034787 0.106074
v 0.007537 -0.077097 0.106070
v -0.015017 -0.080377 0.035462
v -0.032730 -0.032380 0.105008
v -0.033974 -0.048060 0.077747
v -0.033912 -0.046841 0.076247
v -0.009443 -0.079726 0.103805
v -0.015571 -0.079670 0.103737
v -0.011575 -0.079950 0.101139
v -0.032562 -0.029863 0.105139
v -0.014735 -0.079088 0.104645
v -0.032928 -0.027354 0.101494
v -0.033174 -0.029244 0.099871
v -0.032186 -0.030625 0.105569
v -0.011220 -0.078746 0.104613
v -0.030478 -0.028258 0.106297
v -0.033877 -0.046129 0.079540
v -0.022054 -0.080092 0.034173
v -0.007343 -0.077138 0.104590
v -0.012059 -0.076751 0.104769
v -0.015315 -0.077186 0.104819
v -0.033794 -0.051710 0.083823
v -0.025178 -0.034773 0.106035
v -0.026857 -0.031886 0.106060
v -0.033886 -0.049147 0.083346
v -0.019218 -0.080212 0.039602
v -0.033913 -0.047722 0.081759
v -0.013109 -0.075444 0.106256
v -0.011814 -0.075485 0.106361
v -0.010312 -0.076233 0.104839
v -0.007102 -0.076437 0.104917
v -0.010427 -0.074821 0.106718
v -0.007073 -0.075167 0.106709
v -0.011319 -0.080550 0.033194
v -0.033753 -0.046919 0.085435
v -0.033714 -0.050025 0.088259
v -0.023180 -0.053856 0.105666
v -0.021030 -0.051598 0.105505
v -0.025537 -0.050435 0.105930
v -0.033831 -0.045458 0.086162
v -0.033806 -0.043068 0.081980
v -0.020531 -0.055112 0.105481
v -0.032210 -0.079601 0.041295
v -0.031537 -0.079697 0.038920
v -0.030302 -0.079715 0.041945
v -0.032544 -0.078832 0.037631
v -0.034042 -0.057926 0.083208
v -0.023121 -0.047385 0.105738
v -0.018212 -0.047915 0.105408
v -0.033415 -0.077689 0.040726
v -0.017434 -0.050951 0.105447
v -0.031634 -0.079652 0.043664
v -0.033764 -0.054393 0.085832
v -0.027816 -0.052297 0.105936
v -0.027649 -0.047920 0.105949
v -0.030762 -0.047859 0.106320
v -0.030967 -0.079633 0.035272
v -0.033870 -0.051513 0.086800
v -0.033493 -0.078173 0.034319
v -0.004010 -0.075567 0.106647
v -0.000823 -0.076075 0.106504
v -0.028840 -0.079742 0.038498
v -0.033911 -0.039686 0.076380
v -0.034001 -0.044611 0.074787
v -0.033961 -0.042911 0.077026
v -0.027214 -0.045196 0.106036
v -0.025580 -0.079926 0.039347
v -0.034015 -0.045571 0.076742
v -0.025403 -0.041235 0.105889
v -0.033810 -0.043842 0.078099
v -0.022982 -0.042881 0.105817
v -0.033684 -0.078118 0.036472
v -0.033372 -0.077962 0.037857
v -0.005944 -0.068089 0.106487
v -0.002285 -0.069362 0.106423
v -0.018814 -0.044545 0.105498
v -0.015337 -0.045717 0.105446
v -0.012267 -0.073108 0.106698
v -0.033651 -0.076540 0.039849
v -0.015958 -0.057056 0.105318
v -0.013537 -0.054436 0.105372
v -0.013566 -0.069836 0.105903
v -0.010433 -0.071458 0.106652
v -0.013130 -0.051293 0.105454
v -0.033872 -0.035945 0.075981
v -0.012023 -0.068327 0.106550
v -0.025733 -0.079847 0.043092
v -0.013141 -0.058611 0.105386
v -0.026992 -0.079904 0.046190
v -0.012516 -0.055791 0.105862
v -0.011437 -0.059746 0.106255
v -0.033770 -0.039789 0.080471
v -0.011167 -0.053489 0.106280
v -0.012512 -0.052309 0.105956
v -0.033780 -0.040956 0.084110
v -0.013674 -0.048482 0.105438
v 0.002992 -0.076439 0.106394
v -0.033949 -0.038911 0.078881
v -0.012467 -0.048836 0.106104
v -0.033678 -0.034620 0.081340
v -0.012743 -0.046307 0.105547
v -0.012461 -0.080474 0.039603
v 0.004839 -0.074220 0.106290
v 0.000117 -0.071767 0.106440
v -0.006869 -0.050538 0.106262
v -0.009298 -0.048080 0.106285
v -0.023559 -0.080029 0.045608
v -0.033695 -0.037539 0.084049
v -0.011220 -0.046660 0.106223
v -0.033622 -0.044388 0.089019
v -0.033624 -0.047393 0.090046
v -0.024767 -0.038606 0.105991
v -0.017584 -0.080260 0.043317
v -0.014737 -0.080361 0.044407
v 0.009556 -0.076735 0.106288
v -0.019762 -0.080234 0.046790
v -0.033706 -0.054992 0.090173
v -0.022249 -0.037563 0.105735
v -0.020978 -0.042148 0.105609
v -0.033670 -0.052646 0.090943
v -0.015238 -0.042157 0.105478
v -0.009393 -0.080698 0.032219
v -0.017955 -0.038519 0.105522
v -0.033505 -0.050498 0.095247
v -0.033662 -0.052829 0.094390
v -0.008126 -0.063976 0.106333
v -0.033728 -0.049578 0.091730
v -0.004898 -0.080767 0.033840
v -0.011703 -0.062910 0.106396
v -0.013279 -0.066993 0.105965
v -0.022592 -0.033746 0.105808
v -0.019426 -0.034749 0.105650
v -0.033549 -0.046262 0.092761
v -0.007751 -0.080638 0.036105
v -0.006721 -0.080872 0.034822
v -0.014318 -0.032291 0.105547
v -0.033667 -0.048064 0.094331
v -0.008091 -0.080616 0.039220
v -0.015299 -0.037378 0.105566
v -0.005705 -0.059214 0.106212
v -0.012829 -0.043585 0.105630
v -0.005008 -0.080808 0.036868
v -0.012704 -0.040374 0.105601
v -0.010660 -0.042694 0.106284
v -0.002778 -0.065111 0.106304
v -0.000032 -0.080952 0.041297
v -0.033275 -0.047985 0.101167
v -0.033361 -0.047017 0.097694
v -0.002710 -0.080781 0.040355
v -0.001297 -0.062962 0.106239
v 0.001516 -0.063634 0.106118
v 0.001036 -0.080879 0.040393
v -0.005856 -0.045724 0.106269
v 0.005807 -0.081200 0.036003
v -0.005606 -0.038734 0.106278
v -0.033755 -0.042639 0.089292
v -0.009578 -0.038392 0.106261
v -0.033305 -0.043824 0.098321
v 0.004400 -0.071296 0.106204
v 0.005114 -0.072759 0.106330
v -0.033600 -0.042432 0.093634
v 0.004197 -0.080837 0.040804
v 0.002020 -0.066868 0.106096
v 0.007960 -0.068475 0.105946
v -0.012574 -0.037161 0.105550
v -0.011962 -0.039740 0.106284
v -0.010933 -0.038250 0.106514
v 0.009940 -0.074101 0.106058
v -0.012547 -0.035037 0.105638
v -0.010926 -0.034059 0.106240
v -0.007001 -0.080614 0.042460
v -0.011242 -0.080500 0.044271
v 0.012423 -0.071395 0.105856
v -0.033622 -0.040118 0.088534
v 0.003065 -0.066617 0.106213
v -0.033536 -0.038840 0.085345
v 0.003529 -0.064120 0.106209
v 0.006933 -0.066459 0.106007
v -0.023120 -0.030886 0.105943
v 0.011830 -0.066202 0.105804
v -0.033724 -0.037232 0.085620
v -0.033553 -0.036594 0.087378
v -0.033387 -0.033404 0.092674
v -0.033524 -0.030923 0.091332
v -0.033588 -0.034488 0.089347
v -0.014350 -0.080401 0.048946
v -0.033306 -0.031102 0.095362
v -0.033361 -0.028721 0.093815
v -0.033528 -0.026982 0.088513
v -0.008728 -0.080530 0.048482
v 0.009180 -0.064032 0.105931
v -0.033533 -0.032965 0.087373
v -0.006152 -0.080562 0.046921
v -0.033272 -0.025639 0.094878
v -0.033226 -0.027898 0.097724
v -0.033505 -0.039155 0.090823
v 0.012151 -0.080559 0.095911
v 0.013790 -0.080388 0.100966
v -0.033643 -0.037456 0.089820
v -0.033328 -0.022603 0.091861
v -0.033414 -0.022727 0.087698
v 0.012313 -0.080467 0.101311
v 0.009683 -0.080238 0.101587
v 0.000972 -0.080825 0.042641
v 0.014923 -0.079853 0.102258
v -0.003881 -0.080613 0.045323
v -0.000455 -0.080680 0.047296
v 0.017383 -0.080236 0.101401
v -0.033173 -0.023131 0.097217
v 0.013287 -0.077989 0.104446
v 0.004170 -0.080820 0.045894
v -0.032891 -0.024391 0.101447
v 0.009206 -0.077846 0.104491
v -0.033230 -0.020537 0.095243
v -0.033233 -0.020408 0.092358
v 0.006386 -0.080971 0.043303
v 0.014624 -0.078131 0.105045
v -0.005000 -0.080655 0.052940
v 0.009711 -0.077467 0.106132
v -0.033072 -0.021075 0.099386
v 0.012648 -0.077560 0.106001
v -0.002926 -0.080676 0.047283
v -0.033423 -0.020386 0.086734
v -0.002645 -0.080581 0.051396
v -0.033254 -0.017419 0.089381
v -0.033437 -0.017539 0.084897
v -0.033261 -0.019760 0.085024
v 0.016771 -0.078351 0.104130
v 0.020023 -0.079608 0.102596
v 0.019583 -0.078286 0.103988
v 0.001894 -0.080775 0.048352
v -0.033805 -0.032205 0.076357
v 0.004314 -0.080693 0.050976
v 0.014763 -0.077240 0.106150
v 0.000898 -0.080667 0.051907
v 0.016422 -0.072561 0.105718
v 0.011909 -0.072283 0.106043
v -0.033364 -0.014320 0.085925
v -0.033850 -0.030400 0.076459
v -0.032530 -0.079083 0.043467
v -0.033554 -0.077858 0.043983
v -0.033204 -0.011830 0.085980
v -0.033192 -0.013613 0.089891
v -0.032273 -0.079700 0.047482
v -0.033576 -0.077686 0.046340
v 0.017837 -0.077970 0.106010
v -0.032766 -0.078586 0.048585
v -0.033148 -0.016960 0.094109
v -0.033246 -0.009375 0.088091
v -0.033081 -0.010965 0.090303
v -0.029990 -0.079777 0.047820
v 0.020584 -0.077813 0.105991
v -0.033842 -0.034038 0.078080
v 0.016488 -0.069503 0.105827
v -0.033713 -0.077667 0.049458
v -0.033789 -0.032791 0.081190
v -0.033830 -0.076063 0.044702
v -0.033015 -0.017814 0.098766
v -0.032722 -0.078958 0.050975
v -0.032131 -0.079721 0.050796
v -0.029364 -0.079837 0.051929
v -0.032963 -0.013934 0.098580
v -0.033132 -0.013322 0.093918
v 0.017287 -0.067411 0.105625
v 0.020108 -0.070937 0.105601
v 0.020644 -0.079977 0.099528
v 0.021205 -0.080240 0.101444
v 0.024468 -0.079849 0.099422
v -0.032594 -0.079352 0.054714
v -0.032002 -0.079824 0.054504
v -0.033793 -0.077763 0.053927
v 0.024399 -0.079599 0.101487
v -0.033906 -0.075292 0.052902
v -0.033849 -0.074620 0.048213
v -0.033689 -0.027438 0.074972
v -0.032844 -0.011880 0.098040
v -0.032962 -0.008379 0.094945
v 0.022377 -0.079374 0.102716
v 0.024773 -0.079102 0.103034
v -0.033819 -0.025836 0.076053
v -0.023608 -0.080089 0.051721
v -0.033749 -0.029349 0.078932
v 0.023502 -0.078529 0.103661
v -0.032764 -0.021832 0.102579
v -0.032626 -0.018318 0.103396
v 0.020180 -0.078424 0.104830
v 0.023654 -0.078215 0.105255
v 0.026280 -0.079511 0.099892
v 0.026171 -0.079589 0.101761
v 0.025755 -0.078981 0.104233
v 0.026800 -0.078726 0.103889
v -0.033628 -0.025512 0.078994
v 0.027256 -0.078587 0.101572
v 0.027770 -0.077083 0.102504
v -0.032413 -0.019454 0.105405
v 0.026050 -0.078395 0.104936
v -0.025913 -0.080084 0.056187
v -0.032614 -0.027530 0.105419
v 0.027798 -0.075655 0.103499
v 0.027051 -0.077523 0.100120
v 0.027867 -0.074587 0.099649
v -0.032513 -0.026175 0.105510
v 0.028431 -0.074094 0.100775
v -0.022276 -0.080178 0.054487
v -0.019711 -0.080206 0.050033
v -0.018219 -0.080411 0.051197
v 0.028416 -0.073995 0.101993
v -0.020406 -0.080467 0.055565
v 0.026346 -0.076291 0.105314
v 0.026109 -0.074352 0.105034
v -0.032550 -0.024379 0.105560
v -0.030493 -0.024120 0.106271
v -0.033622 -0.030381 0.083289
v -0.027529 -0.024314 0.106126
v 0.026196 -0.070698 0.105026
v -0.026280 -0.029084 0.106074
v -0.033894 -0.073217 0.043819
v -0.033834 -0.071776 0.042003
v 0.023132 -0.074347 0.105406
v -0.033795 -0.073393 0.045794
v 0.023661 -0.077180 0.105936
v -0.024583 -0.025668 0.106013
v -0.032355 -0.022247 0.105216
v -0.033503 -0.028968 0.086660
v -0.033681 -0.028066 0.082365
v -0.021559 -0.029154 0.105762
v -0.020947 -0.025111 0.105761
v 0.024075 -0.066127 0.105329
v -0.025153 -0.021238 0.105986
v -0.034037 -0.070453 0.045250
v -0.033581 -0.025044 0.082603
v -0.033568 -0.027031 0.083888
v -0.031851 -0.021506 0.105775
v -0.033808 -0.073302 0.049960
v -0.030086 -0.020242 0.106300
v -0.034002 -0.069336 0.048598
v -0.034128 -0.067818 0.046780
v -0.033638 -0.030932 0.087520
v -0.032071 -0.016741 0.105800
v -0.034152 -0.063936 0.048899
v -0.032684 -0.016258 0.101774
v -0.033464 -0.025377 0.086518
v -0.032749 -0.008702 0.099777
v -0.033466 -0.022235 0.084748
v -0.029911 -0.079880 0.055342
v -0.032176 -0.079925 0.057672
v -0.032564 -0.010663 0.102151
v -0.033782 -0.075140 0.055101
v -0.033856 -0.077411 0.057101
v -0.033026 -0.078746 0.059075
v -0.032315 -0.013735 0.105714
v -0.032825 -0.079656 0.059840
v 0.008283 -0.081156 0.036303
v -0.033891 -0.074282 0.057395
v -0.033039 -0.078911 0.062500
v -0.032942 -0.079708 0.063345
v -0.033803 -0.077775 0.066620
v -0.033729 -0.077656 0.060214
v -0.033486 -0.020865 0.082238
v -0.033561 -0.018139 0.079115
v -0.032392 -0.008680 0.105265
v -0.032145 -0.011320 0.105589
v -0.030342 -0.013100 0.106291
v -0.032274 -0.009513 0.105745
v -0.030046 -0.010205 0.106316
v -0.033935 -0.073719 0.060746
v -0.032465 -0.006185 0.102752
v -0.033400 -0.016214 0.082734
v -0.031058 -0.079952 0.059375
v -0.034074 -0.065857 0.051527
v -0.034255 -0.060741 0.051197
v -0.034131 -0.062882 0.054093
v -0.029136 -0.079987 0.062442
v -0.024743 -0.080113 0.060694
v -0.030043 -0.016806 0.106287
v -0.020995 -0.080224 0.058669
v -0.034319 -0.058770 0.053864
v -0.034209 -0.064706 0.053954
v -0.023819 -0.015074 0.106006
v -0.034240 -0.057471 0.052909
v -0.022815 -0.019942 0.105942
v -0.034213 -0.059604 0.056689
v -0.034106 -0.063858 0.056972
v -0.034232 -0.061486 0.059387
v -0.032122 -0.080000 0.062226
v -0.019241 -0.018216 0.105720
v -0.032669 -0.080036 0.066798
v -0.034253 -0.054000 0.055759
v -0.028970 -0.080089 0.066190
v -0.025375 -0.011404 0.106065
v -0.034357 -0.056050 0.056711
v -0.030382 -0.006948 0.106379
v -0.027638 -0.005811 0.106206
v -0.023155 -0.080229 0.065398
v -0.020577 -0.080266 0.062595
v 0.013638 -0.081471 0.036978
v 0.028141 -0.073550 0.081825
v 0.027589 -0.076688 0.079172
v 0.028164 -0.072316 0.077684
v -0.019603 -0.011814 0.105814
v -0.033892 -0.072010 0.052081
v -0.021426 -0.009301 0.105904
v 0.017193 -0.081442 0.039761
v -0.034045 -0.068262 0.053965
v -0.034048 -0.070564 0.054355
v -0.017975 -0.030296 0.105703
v 0.028563 -0.068839 0.075656
v 0.028828 -0.068458 0.079272
v 0.028552 -0.070155 0.076229
v 0.028480 -0.071014 0.082387
v -0.033851 -0.071211 0.057465
v -0.017348 -0.027586 0.105610
v 0.028934 -0.068190 0.081694
v -0.013386 -0.027671 0.105582
v 0.027484 -0.078715 0.081511
v 0.027518 -0.077109 0.083508
v 0.010883 -0.081291 0.039401
v 0.013576 -0.081240 0.040841
v -0.007830 -0.032359 0.106260
v 0.010162 -0.081104 0.042989
v -0.034079 -0.067764 0.057161
v -0.012286 -0.031073 0.105634
v -0.011179 -0.028282 0.106241
v -0.033931 -0.070399 0.063455
v -0.034050 -0.068891 0.060595
v 0.015176 -0.081046 0.046375
v 0.028494 -0.071518 0.086673
v 0.020490 -0.081244 0.041922
v 0.027335 -0.077702 0.088063
v -0.003940 -0.030883 0.106217
v 0.027836 -0.075349 0.089271
v -0.001476 -0.034800 0.106199
v 0.028927 -0.069243 0.089066
v -0.017969 -0.080271 0.054626
v -0.010034 -0.025538 0.105512
v -0.017772 -0.080360 0.058180
v 0.024397 -0.081137 0.041050
v -0.017166 -0.080212 0.056967
v -0.007857 -0.026045 0.106254
v 0.029147 -0.067649 0.084893
v 0.026449 -0.080145 0.037609
v 0.026608 -0.078718 0.037414
v 0.025967 -0.081015 0.041574
v 0.029088 -0.066799 0.083335
v 0.026756 -0.079696 0.041438
v -0.015068 -0.080305 0.052791
v -0.001951 -0.025810 0.106216
v 0.029268 -0.066454 0.087252
v -0.009986 -0.080518 0.051655
v 0.028817 -0.066458 0.074154
v -0.012258 -0.080594 0.052468
v -0.011600 -0.080438 0.054122
v -0.004386 -0.023388 0.106241
v -0.005725 -0.022050 0.105421
v 0.019410 -0.080990 0.047232
v 0.024124 -0.080923 0.046370
v 0.025909 -0.081007 0.044630
v 0.029271 -0.065477 0.081685
v -0.001047 -0.029929 0.106207
v 0.029649 -0.060234 0.077950
v -0.014606 -0.080288 0.057545
v 0.030056 -0.059127 0.082870
v 0.027013 -0.079583 0.045559
v 0.029364 -0.060631 0.074383
v 0.026732 -0.076782 0.041392
v -0.006790 -0.080478 0.054831
v -0.011615 -0.080490 0.059117
v -0.010844 -0.080309 0.058006
v -0.000962 -0.021507 0.106172
v 0.029645 -0.058395 0.075416
v 0.029281 -0.058470 0.072857
v -0.008889 -0.080418 0.058458
v 0.026394 -0.080811 0.048791
v -0.004714 -0.020928 0.106269
v 0.026810 -0.076324 0.045342
v 0.030278 -0.058792 0.078486
v -0.002716 -0.080575 0.055107
v 0.029813 -0.057477 0.077794
v 0.026375 -0.070356 0.037282
v -0.000986 -0.080745 0.054121
v 0.030485 -0.058596 0.089463
v 0.002990 -0.080731 0.054246
v 0.005024 -0.080576 0.055296
v 0.000040 -0.080381 0.059360
v 0.029806 -0.056916 0.080111
v -0.002101 -0.080467 0.058608
v -0.004978 -0.080472 0.059502
v -0.004518 -0.080508 0.062417
v 0.026753 -0.071460 0.043530
v -0.017052 -0.022008 0.105676
v 0.030099 -0.057231 0.082603
v -0.003468 -0.080321 0.059607
v -0.000854 -0.080519 0.060912
v 0.029727 -0.063935 0.087754
v 0.002386 -0.080459 0.064012
v 0.026237 -0.064851 0.036743
v 0.026420 -0.066790 0.039616
v -0.014112 -0.025475 0.105572
v 0.028547 -0.071976 0.092085
v 0.026666 -0.064852 0.043267
v -0.016728 -0.080381 0.064722
v -0.012653 -0.080425 0.061892
v 0.028337 -0.073635 0.096520
v 0.010412 -0.080823 0.048856
v 0.015994 -0.080855 0.050600
v 0.029528 -0.066243 0.089345
v -0.019094 -0.080378 0.070473
v -0.012095 -0.080440 0.069417
v 0.029434 -0.068597 0.096248
v -0.009641 -0.080469 0.065231
v 0.029934 -0.064257 0.092505
v 0.019269 -0.080687 0.052999
v 0.021679 -0.080823 0.050174
v -0.011450 -0.022308 0.105565
v -0.015601 -0.018475 0.105680
v -0.006859 -0.080470 0.070539
v -0.011607 -0.018175 0.105558
v 0.024196 -0.080767 0.051508
v 0.029581 -0.069310 0.098751
v 0.027032 -0.076021 0.049994
v -0.013881 -0.015314 0.105578
v -0.016575 -0.012568 0.105721
v 0.030043 -0.066196 0.098089
v 0.016022 -0.080545 0.057124
v -0.012715 -0.015533 0.105695
v -0.011849 -0.015728 0.106331
v 0.022229 -0.080527 0.053694
v 0.030300 -0.056097 0.085227
v -0.003035 -0.080476 0.065935
v -0.010629 -0.016103 0.106705
v 0.021715 -0.080410 0.057897
v -0.011257 -0.012820 0.106380
v 0.026961 -0.069763 0.047738
v 0.027210 -0.071445 0.052149
v 0.007093 -0.080809 0.048133
v -0.008314 -0.019982 0.105540
v 0.026847 -0.067251 0.045323
v 0.026958 -0.064364 0.045254
v 0.026945 -0.065512 0.047577
v 0.030631 -0.055877 0.086996
v -0.008273 -0.018300 0.106304
v 0.009207 -0.080715 0.052798
v 0.006742 -0.080681 0.054322
v -0.004070 -0.017026 0.106269
v 0.010683 -0.080630 0.055758
v 0.027418 -0.067547 0.053094
v 0.027254 -0.065934 0.051491
v -0.009348 -0.015081 0.106332
v 0.030489 -0.062082 0.094845
v 0.030275 -0.062588 0.097310
v 0.027305 -0.062650 0.049998
v 0.030504 -0.061804 0.097090
v 0.030714 -0.059596 0.093321
v 0.030308 -0.060284 0.095979
v 0.026639 -0.080435 0.052711
v 0.027200 -0.079355 0.052497
v 0.026019 -0.080610 0.054719
v 0.030289 -0.057381 0.097050
v 0.027213 -0.079348 0.048949
v -0.001118 -0.017241 0.106177
v 0.013219 -0.080430 0.056830
v 0.007298 -0.080450 0.061114
v 0.003194 -0.080466 0.059520
v -0.032232 -0.004591 0.105952
v 0.031249 -0.052703 0.090776
v 0.012286 -0.080213 0.060411
v 0.027372 -0.079181 0.056977
v -0.004935 -0.053845 0.106198
v 0.026629 -0.080371 0.057858
v 0.027266 -0.075200 0.054690
v 0.027317 -0.078583 0.058695
v -0.003062 -0.049090 0.106213
v -0.001524 -0.052379 0.106267
v 0.010435 -0.080494 0.061416
v 0.029590 -0.054942 0.071358
v 0.029945 -0.054713 0.075774
v 0.011280 -0.080344 0.063732
v 0.027512 -0.072143 0.058077
v -0.001038 -0.044597 0.106195
v 0.027636 -0.068654 0.057071
v 0.025982 -0.060720 0.032183
v 0.030084 -0.055656 0.079549
v 0.029883 -0.052107 0.073379
v 0.013575 -0.080313 0.061457
v -0.000221 -0.050963 0.106118
v 0.030176 -0.049916 0.076683
v 0.002419 -0.046026 0.106132
v 0.025848 -0.058333 0.031033
v 0.029606 -0.052430 0.070248
v 0.029744 -0.050218 0.072243
v 0.026105 -0.057072 0.035656
v 0.017223 -0.080288 0.062662
v 0.029293 -0.049478 0.069359
v 0.029593 -0.047419 0.068025
v 0.015172 -0.080148 0.068391
v -0.003117 -0.040073 0.106202
v 0.017570 -0.080118 0.065040
v 0.030301 -0.048022 0.075707
v 0.020625 -0.080163 0.062243
v -0.000524 -0.037715 0.106167
v 0.020234 -0.079965 0.066756
v 0.003063 -0.041367 0.106027
v 0.008162 -0.045705 0.106000
v 0.030491 -0.052829 0.081200
v 0.026456 -0.062842 0.040362
v 0.026157 -0.060406 0.036480
v 0.030504 -0.050189 0.079263
v 0.002972 -0.038225 0.106091
v 0.009964 -0.040395 0.105912
v 0.026397 -0.059538 0.039894
v 0.009500 -0.080278 0.067179
v 0.004409 -0.080377 0.068683
v 0.005732 -0.080406 0.072474
v 0.006144 -0.040013 0.106051
v 0.007053 -0.035383 0.106050
v 0.008535 -0.037682 0.106000
v -0.001580 -0.080471 0.071843
v 0.002929 -0.035395 0.106120
v 0.030726 -0.049674 0.081872
v 0.025754 -0.053442 0.031027
v 0.001849 -0.080458 0.074291
v 0.000483 -0.080569 0.075020
v 0.025768 -0.050649 0.028283
v 0.008907 -0.080291 0.072795
v 0.003384 -0.030071 0.106080
v 0.008956 -0.031762 0.105944
v 0.030031 -0.046312 0.072170
v 0.004988 -0.080479 0.075878
v 0.029689 -0.040792 0.067308
v 0.030040 -0.040821 0.070398
v 0.025799 -0.048003 0.027103
v 0.025893 -0.050281 0.032105
v 0.030636 -0.038854 0.075379
v 0.026002 -0.046936 0.031315
v 0.025895 -0.045410 0.029011
v 0.011379 -0.080230 0.073764
v 0.026025 -0.053633 0.034194
v 0.029498 -0.038669 0.066208
v 0.030181 -0.039960 0.068606
v 0.015780 -0.080053 0.073901
v 0.019119 -0.079970 0.074436
v 0.013411 -0.037710 0.105880
v 0.030086 -0.035640 0.069334
v 0.013689 -0.041127 0.105805
v 0.006909 -0.080345 0.075157
v 0.026132 -0.053340 0.036726
v 0.026336 -0.049441 0.038460
v 0.009674 -0.080332 0.076471
v 0.030841 -0.041235 0.078187
v 0.011523 -0.080337 0.075890
v 0.014340 -0.080129 0.075635
v 0.026027 -0.047697 0.034355
v 0.013500 -0.032275 0.105838
v 0.017379 -0.036069 0.105721
v 0.025905 -0.044323 0.032085
v 0.016297 -0.080247 0.076805
v 0.010211 -0.029645 0.105990
v 0.006251 -0.026161 0.106029
v 0.023419 -0.079901 0.066497
v 0.022845 -0.079787 0.073272
v 0.025451 -0.079690 0.070343
v 0.030696 -0.039564 0.077677
v 0.026904 -0.060374 0.045934
v 0.026693 -0.058954 0.044047
v 0.026772 -0.079732 0.075241
v 0.026946 -0.056769 0.045290
v 0.004012 -0.021793 0.106024
v 0.030552 -0.037672 0.077349
v 0.030919 -0.035860 0.076879
v 0.021694 -0.079942 0.076439
v 0.030829 -0.054524 0.086117
v 0.026410 -0.056473 0.040361
v 0.019235 -0.079922 0.076748
v 0.030863 -0.051543 0.085202
v 0.026686 -0.053587 0.043615
v 0.026783 -0.079787 0.078058
v 0.031095 -0.052522 0.086342
v 0.027600 -0.078660 0.074150
v 0.031177 -0.050407 0.087790
v 0.027454 -0.078320 0.076324
v 0.030953 -0.049261 0.084541
v 0.030925 -0.047554 0.082338
v -0.032961 -0.080150 0.078692
v -0.032506 -0.080102 0.076157
v -0.031415 -0.080088 0.082568
v -0.033214 -0.079755 0.080763
v 0.027337 -0.058998 0.050374
v 0.027163 -0.058909 0.048168
v 0.027511 -0.061820 0.052529
v -0.033378 -0.079716 0.083112
v -0.033858 -0.078271 0.081300
v -0.030725 -0.080155 0.085699
v -0.029549 -0.080429 0.082903
v 0.026952 -0.055958 0.046796
v -0.033563 -0.078687 0.084603
v -0.033450 -0.079640 0.085333
v -0.032878 -0.080258 0.084434
v 0.026955 -0.053440 0.046400
v 0.027295 -0.054580 0.047882
v 0.027262 -0.055689 0.049612
v 0.027270 -0.053012 0.049574
v 0.031539 -0.046979 0.089047
v 0.027208 -0.056556 0.050539
v -0.029400 -0.080403 0.087533
v -0.027092 -0.080168 0.085392
v -0.026364 -0.080337 0.089793
v 0.010082 -0.023712 0.105902
v -0.024848 -0.080206 0.084846
v -0.024595 -0.080206 0.088107
v 0.026448 -0.052234 0.040260
v 0.031235 -0.050208 0.090445
v -0.033872 -0.075586 0.064783
v 0.031685 -0.041543 0.087543
v 0.026319 -0.044594 0.038064
v -0.033912 -0.072968 0.064837
v 0.026655 -0.048651 0.041591
v 0.010531 -0.020002 0.105902
v 0.026639 -0.044830 0.042309
v 0.026685 -0.041763 0.041528
v -0.033968 -0.073249 0.067552
v -0.033977 -0.069945 0.067712
v -0.032971 -0.079024 0.066564
v -0.030929 -0.080053 0.071241
v -0.032633 -0.080057 0.071683
v 0.013772 -0.026749 0.105866
v 0.027014 -0.051848 0.045149
v -0.033172 -0.078976 0.069257
v 0.026751 -0.050266 0.044492
v -0.033969 -0.077729 0.069816
v 0.030955 -0.048061 0.093037
v 0.027227 -0.050032 0.047675
v -0.024284 -0.080241 0.070142
v 0.026954 -0.046356 0.045087
v 0.018192 -0.033142 0.105745
v 0.017305 -0.030412 0.105722
v -0.027235 -0.080134 0.072059
v 0.027096 -0.048096 0.047152
v -0.022703 -0.080282 0.073219
v -0.032902 -0.079518 0.073405
v -0.033935 -0.075338 0.071151
v 0.027009 -0.041538 0.044766
v 0.017132 -0.027880 0.105795
v 0.031306 -0.040026 0.080145
v 0.031327 -0.039955 0.083001
v -0.033876 -0.077739 0.073180
v -0.031644 -0.080044 0.074737
v -0.033093 -0.079759 0.075299
v -0.033912 -0.072991 0.075425
v 0.016890 -0.022568 0.105711
v 0.031563 -0.040392 0.086861
v -0.028332 -0.080141 0.073987
v -0.025492 -0.080166 0.074075
v 0.021959 -0.029461 0.105598
v 0.031056 -0.037242 0.078475
v 0.031119 -0.037941 0.081312
v -0.030095 -0.080123 0.077456
v -0.027941 -0.080319 0.078054
v -0.024213 -0.080373 0.075268
v 0.018265 -0.024643 0.105692
v 0.031400 -0.035917 0.082514
v -0.033887 -0.072893 0.070815
v 0.027530 -0.064124 0.054927
v 0.021301 -0.024653 0.105648
v 0.013107 -0.021678 0.105887
v 0.024849 -0.080179 0.061901
v 0.026658 -0.080098 0.061423
v 0.024153 -0.033347 0.105511
v 0.022570 -0.080268 0.062117
v 0.024461 -0.028916 0.105508
v -0.034022 -0.065910 0.064844
v -0.034071 -0.067241 0.067286
v 0.027716 -0.078759 0.062780
v 0.027471 -0.077205 0.063629
v -0.034027 -0.064484 0.062169
v 0.027443 -0.075480 0.059756
v 0.031489 -0.041368 0.091728
v -0.033105 -0.007600 0.087161
v -0.034198 -0.061403 0.063317
v 0.031767 -0.039839 0.087300
v 0.031400 -0.039634 0.090699
v -0.033204 -0.005805 0.088312
v 0.031716 -0.038135 0.086910
v 0.031722 -0.036819 0.085121
v 0.025738 -0.079738 0.065770
v -0.034008 -0.071314 0.072785
v -0.034025 -0.067337 0.072502
v -0.033042 -0.008079 0.090896
v -0.034018 -0.065415 0.071194
v -0.034162 -0.064253 0.068528
v -0.033061 -0.004602 0.089974
v -0.033993 -0.064377 0.066907
v 0.027055 -0.079303 0.066290
v -0.032923 -0.005174 0.093504
v -0.034171 -0.062320 0.066550
v 0.027807 -0.078327 0.067721
v 0.031739 -0.034419 0.084572
v -0.033954 -0.062777 0.068745
v 0.031944 -0.034813 0.088318
v 0.027454 -0.076205 0.068538
v -0.034204 -0.059862 0.067837
v 0.027678 -0.074124 0.065909
v -0.033903 -0.078057 0.077384
v -0.033484 -0.078643 0.079268
v -0.034019 -0.075010 0.075845
v 0.027920 -0.070753 0.064279
v -0.034056 -0.077631 0.079942
v -0.033934 -0.073525 0.079826
v -0.001052 -0.058132 0.106152
v 0.000171 -0.059903 0.106050
v 0.003546 -0.058461 0.106094
v -0.001499 -0.054987 0.106133
v -0.032749 -0.006950 0.100033
v 0.027749 -0.064373 0.057335
v 0.027828 -0.067352 0.059963
v -0.033950 -0.071348 0.077562
v -0.032832 -0.002079 0.096781
v -0.034047 -0.069048 0.076297
v 0.028026 -0.068656 0.063120
v -0.034098 -0.075221 0.081002
v 0.004682 -0.053958 0.105965
v -0.033975 -0.074984 0.084470
v -0.032832 -0.000581 0.094405
v -0.034137 -0.077491 0.084051
v -0.034026 -0.071834 0.083144
v 0.028157 -0.065620 0.062630
v -0.034012 -0.077963 0.086868
v -0.034024 -0.071082 0.079620
v -0.032622 0.000647 0.098901
v -0.033906 -0.069625 0.082859
v -0.032594 -0.003420 0.099699
v -0.033954 -0.067864 0.079539
v -0.033995 -0.067275 0.082660
v 0.011144 -0.060056 0.105636
v 0.013914 -0.063333 0.105669
v 0.027248 -0.079382 0.071659
v -0.032376 0.000772 0.102918
v -0.033978 -0.064870 0.076107
v 0.006261 -0.059893 0.105866
v 0.009744 -0.058513 0.105825
v 0.027498 -0.077169 0.071829
v -0.034039 -0.061156 0.069117
v -0.034111 -0.062244 0.072656
v 0.027979 -0.072354 0.071196
v -0.034065 -0.058221 0.069222
v -0.034060 -0.057497 0.074562
v -0.034025 -0.062608 0.076832
v -0.034023 -0.060139 0.075931
v 0.028206 -0.070420 0.068840
v -0.033946 -0.061254 0.079476
v 0.027804 -0.074825 0.074674
v -0.032625 0.005152 0.099230
v -0.033942 -0.059056 0.079716
v -0.033932 -0.068495 0.074185
v -0.034053 -0.065766 0.078134
v -0.016238 -0.007568 0.105699
v -0.019615 -0.005247 0.105857
v -0.034041 -0.061830 0.081881
v -0.025056 -0.004838 0.106055
v 0.028492 -0.068727 0.072860
v -0.023365 -0.004971 0.106058
v 0.011885 -0.053774 0.105793
v 0.028232 -0.068881 0.067278
v 0.028320 -0.066958 0.066416
v 0.016779 -0.057462 0.105610
v 0.028382 -0.067676 0.069891
v -0.025164 -0.000637 0.106101
v -0.014161 -0.080460 0.073708
v 0.003946 -0.049893 0.106007
v 0.028578 -0.068539 0.070427
v -0.017549 -0.080424 0.073857
v -0.019076 -0.001666 0.105815
v 0.010210 -0.049641 0.105835
v 0.028658 -0.059648 0.064490
v -0.020522 -0.080453 0.075782
v 0.007530 -0.047261 0.105951
v -0.023235 -0.080219 0.076963
v 0.029152 -0.060273 0.070965
v -0.015656 -0.080557 0.075993
v -0.018930 -0.080301 0.076638
v -0.019673 -0.080359 0.079920
v -0.010726 -0.080548 0.074416
v -0.032428 0.006423 0.102559
v 0.014799 -0.049716 0.105717
v 0.029036 -0.059695 0.067636
v -0.011053 -0.080504 0.076042
v -0.012307 -0.080689 0.075444
v -0.009203 -0.080456 0.074246
v -0.005867 -0.080545 0.073831
v 0.027722 -0.061128 0.055413
v 0.027610 -0.056587 0.053167
v -0.006906 -0.080559 0.076086
v 0.012200 -0.048348 0.105924
v -0.003807 -0.080684 0.075869
v 0.013569 -0.045715 0.105842
v -0.013976 -0.080470 0.076175
v -0.012670 -0.011445 0.105600
v 0.027769 -0.056036 0.051707
v -0.015307 -0.080542 0.083609
v 0.027619 -0.053677 0.051179
v 0.027833 -0.052264 0.051576
v -0.011176 -0.008343 0.106380
v -0.011907 -0.080621 0.083946
v -0.008024 -0.080523 0.079391
v -0.009230 -0.080327 0.080039
v -0.006622 -0.080826 0.080730
v -0.004520 -0.080527 0.077833
v 0.027841 -0.051836 0.054252
v 0.020218 -0.064991 0.105547
v -0.009212 -0.080563 0.082370
v 0.028995 -0.070699 0.101084
v 0.028323 -0.056148 0.059707
v -0.024639 -0.079982 0.080906
v 0.027378 -0.068611 0.102974
v 0.029678 -0.067850 0.099404
v -0.022436 -0.080647 0.083094
v 0.028488 -0.051755 0.059840
v -0.012572 -0.006274 0.105664
v 0.028638 -0.066397 0.100639
v -0.007499 -0.007323 0.106310
v 0.027275 -0.050416 0.051077
v 0.027055 -0.064470 0.103521
v 0.027499 -0.047182 0.049771
v -0.015310 -0.002683 0.105717
v 0.027568 -0.049738 0.052071
v 0.028002 -0.047829 0.052260
v -0.019786 -0.080467 0.084083
v 0.027864 -0.046169 0.052229
v 0.027938 -0.050758 0.053335
v 0.029889 -0.062949 0.098863
v 0.027314 -0.045544 0.047164
v -0.017771 0.000988 0.105841
v 0.027196 -0.043389 0.046993
v -0.012672 0.000046 0.105669
v 0.028680 -0.063417 0.100532
v 0.027405 -0.045413 0.051170
v -0.011229 -0.003568 0.106347
v -0.021824 -0.080605 0.088112
v 0.027676 -0.043059 0.050542
v 0.028330 -0.048884 0.058480
v 0.027842 -0.047120 0.053419
v -0.007796 -0.003159 0.106321
v 0.028530 -0.047156 0.058990
v 0.026162 -0.066410 0.104995
v -0.004442 -0.011991 0.106273
v -0.008708 -0.080593 0.085184
v -0.009281 -0.080472 0.086870
v 0.028052 -0.042954 0.051950
v 0.027639 -0.041089 0.050592
v 0.028028 -0.041489 0.053787
v 0.028368 -0.061840 0.100568
v 0.027010 -0.062000 0.103248
v 0.028788 -0.041247 0.059851
v 0.020377 -0.060002 0.105523
v -0.017520 -0.080579 0.087516
v -0.014691 -0.080620 0.090004
v 0.028385 -0.052923 0.061401
v -0.000325 -0.012385 0.106134
v -0.019345 -0.080379 0.090967
v 0.028794 -0.049513 0.062656
v 0.028408 -0.051751 0.062333
v 0.026249 -0.062080 0.105001
v 0.004377 -0.018422 0.106015
v 0.028806 -0.050756 0.063655
v -0.017185 -0.080613 0.091546
v 0.023990 -0.060473 0.105325
v -0.009617 -0.080661 0.089511
v 0.003038 -0.014385 0.106044
v 0.029157 -0.048625 0.065363
v 0.029782 -0.060328 0.098447
v -0.010094 -0.080591 0.091674
v -0.032917 -0.080031 0.087802
v 0.028943 -0.040094 0.057082
v -0.002125 -0.008005 0.106193
v -0.033221 -0.080055 0.090523
v -0.003591 -0.004430 0.106246
v 0.028763 -0.055178 0.100041
v 0.028109 -0.059107 0.101476
v -0.034177 -0.077506 0.089236
v -0.034046 -0.078060 0.091894
v -0.033955 -0.074353 0.089603
v 0.029585 -0.056162 0.098767
v 0.028883 -0.038903 0.060958
v 0.029702 -0.039877 0.063390
v -0.033166 -0.079921 0.093180
v -0.034101 -0.077732 0.095339
v -0.033358 -0.080148 0.095224
v 0.030714 -0.051863 0.094723
v 0.002552 -0.011193 0.106109
v 0.029286 -0.041540 0.064195
v 0.030271 -0.053648 0.096728
v -0.033897 -0.076618 0.097534
v -0.033880 -0.074939 0.093544
v 0.029729 -0.050121 0.098719
v 0.029285 -0.038026 0.063915
v -0.028357 -0.080441 0.090802
v -0.029107 -0.080218 0.092070
v -0.015505 0.002743 0.105690
v 0.025883 -0.057422 0.105107
v -0.025770 -0.080451 0.092882
v 0.026533 -0.058579 0.104648
v -0.023964 -0.080269 0.092758
v 0.026394 -0.055726 0.104889
v 0.028859 -0.057002 0.062812
v 0.028954 -0.057984 0.065881
v -0.022114 -0.080394 0.094505
v -0.019831 -0.080519 0.093643
v 0.028184 -0.053497 0.101520
v -0.030028 -0.080327 0.093931
v -0.012515 0.004208 0.105685
v -0.011204 -0.000498 0.106393
v 0.028715 -0.056263 0.063099
v 0.028858 -0.055890 0.065088
v 0.028828 -0.053055 0.063325
v -0.027397 -0.080237 0.094994
v 0.028949 -0.057318 0.067460
v -0.011206 0.004397 0.106380
v -0.031203 -0.080222 0.098414
v -0.032764 -0.080090 0.097559
v -0.033325 -0.079820 0.096753
v 0.029200 -0.053944 0.067261
v 0.026370 -0.053049 0.105138
v -0.029182 -0.080331 0.098391
v 0.028770 -0.048117 0.100328
v 0.029149 -0.050785 0.065303
v 0.029303 -0.057371 0.069314
v -0.025759 -0.080295 0.097494
v 0.029052 -0.058211 0.071097
v -0.028732 -0.080194 0.101357
v -0.005928 0.001333 0.106316
v -0.017543 -0.080461 0.094814
v 0.017513 -0.063905 0.105577
v 0.016925 -0.060471 0.105539
v -0.019571 -0.080469 0.097584
v -0.007387 0.006092 0.106301
v -0.019460 -0.080125 0.100959
v 0.029490 -0.049960 0.068432
v 0.029142 -0.049501 0.067205
v -0.016146 -0.080559 0.096740
v -0.033072 -0.080099 0.101756
v -0.033784 -0.079785 0.099807
v -0.033645 -0.079165 0.101806
v -0.031251 -0.079817 0.104375
v -0.033622 -0.079338 0.098347
v 0.014942 -0.058506 0.105819
v -0.033916 -0.078196 0.098736
v 0.025894 -0.033935 0.020429
v -0.033781 -0.077148 0.102788
v 0.003775 -0.004748 0.106087
v 0.025864 -0.027085 0.019323
v -0.033643 -0.074133 0.100965
v 0.002962 0.000134 0.106067
v 0.025767 -0.026440 0.022759
v 0.025829 -0.029310 0.023462
v -0.026580 -0.079936 0.102138
v 0.025678 -0.026866 0.026747
v -0.028638 -0.079715 0.104645
v 0.006653 0.000110 0.105966
v -0.025056 -0.079830 0.104030
v -0.033790 -0.079370 0.103618
v -0.033132 -0.079877 0.104256
v -0.033586 -0.077992 0.105193
v -0.032763 -0.079157 0.105139
v 0.025753 -0.024394 0.023778
v -0.033732 -0.074649 0.102584
v 0.024158 -0.056035 0.105409
v -0.031130 -0.077385 0.105986
v -0.029720 -0.078411 0.105290
v -0.033158 -0.075879 0.105137
v -0.030889 -0.075495 0.106157
v -0.033156 -0.074080 0.105410
v 0.026087 -0.018695 0.018365
v -0.033444 -0.072239 0.104397
v 0.025899 -0.019485 0.019933
v -0.031394 -0.072728 0.105972
v 0.017526 -0.052139 0.105651
v 0.018007 -0.054293 0.105719
v 0.026063 -0.016563 0.017406
v -0.025099 -0.079437 0.104686
v 0.020760 -0.052992 0.105603
v -0.025259 -0.078092 0.105050
v -0.027228 -0.076990 0.106092
v 0.000177 0.001914 0.106141
v -0.024073 -0.076784 0.106156
v 0.025771 -0.021338 0.024369
v -0.025227 -0.075247 0.106202
v 0.025750 -0.023913 0.028912
v 0.025673 -0.022026 0.027355
v -0.028146 -0.072511 0.105979
v 0.026106 -0.018076 0.020033
v 0.025799 -0.015889 0.021080
v -0.001588 0.006168 0.106175
v 0.025917 -0.016415 0.025642
v -0.022556 -0.079370 0.104822
v -0.020535 -0.079605 0.104186
v 0.018099 -0.048730 0.105734
v -0.018165 -0.079812 0.102528
v 0.025819 -0.014051 0.022412
v -0.019180 -0.079084 0.104767
v -0.021699 -0.077818 0.105019
v -0.018907 -0.077427 0.104910
v 0.026171 -0.015393 0.017857
v 0.024224 -0.048832 0.105520
v 0.004816 0.003989 0.106008
v 0.026363 -0.011065 0.016159
v 0.026049 -0.050551 0.105238
v 0.025856 -0.048200 0.105182
v -0.006221 0.010020 0.106287
v 0.026743 -0.008757 0.013295
v 0.027200 -0.007333 0.011606
v 0.026869 -0.003728 0.013383
v -0.020442 -0.076518 0.106250
v -0.033945 -0.072878 0.085300
v 0.026295 -0.006424 0.017511
v 0.025863 -0.011851 0.021709
v 0.025860 -0.008813 0.022321
v -0.034021 -0.072504 0.087249
v -0.000818 0.010791 0.106124
v 0.017899 -0.045228 0.105718
v 0.002389 0.007776 0.106057
v -0.033995 -0.068667 0.085360
v -0.033845 -0.069239 0.087828
v -0.033894 -0.065067 0.087347
v 0.026151 -0.004821 0.020864
v -0.033878 -0.071456 0.092094
v 0.005153 0.008629 0.105961
v 0.009160 0.007148 0.105879
v 0.026036 -0.016367 0.027924
v 0.025865 -0.020072 0.029790
v -0.033738 -0.072003 0.095223
v -0.002073 0.014938 0.106156
v -0.033897 -0.067671 0.090250
v -0.033775 -0.066032 0.090262
v 0.026753 -0.049127 0.104725
v -0.033779 -0.068518 0.094046
v 0.026022 -0.017262 0.031095
v 0.002229 0.014417 0.106044
v 0.003836 0.012538 0.105937
v 0.026057 -0.013000 0.029131
v -0.033900 -0.062614 0.084091
v 0.026071 -0.013847 0.031757
v 0.026414 -0.016204 0.036666
v 0.008824 0.012253 0.105832
v 0.026227 -0.011177 0.034137
v 0.017949 -0.041357 0.105722
v 0.025968 -0.013983 0.026314
v 0.025839 -0.011661 0.024968
v 0.025831 -0.009800 0.024185
v 0.017302 -0.039149 0.105686
v 0.025906 -0.010081 0.028729
v -0.034001 -0.061238 0.085427
v -0.033905 -0.059317 0.083527
v 0.018590 -0.037917 0.105763
v -0.033849 -0.065487 0.092458
v 0.025878 -0.003957 0.022618
v 0.003601 0.018650 0.105922
v -0.033768 -0.063390 0.090164
v -0.033890 -0.059936 0.086472
v 0.030794 -0.050231 0.094912
v 0.025907 -0.006296 0.024275
v 0.025978 -0.002554 0.024581
v -0.033864 -0.060444 0.089005
v 0.008771 0.017185 0.105853
v 0.025903 -0.007834 0.028911
v 0.006668 0.020696 0.105845
v 0.030573 -0.048769 0.096406
v -0.033898 -0.057089 0.086899
v -0.033683 -0.058066 0.091484
v 0.026201 -0.005453 0.032841
v -0.033725 -0.072630 0.098501
v 0.009137 0.023369 0.105842
v 0.013092 0.020344 0.105688
v 0.030680 -0.046061 0.096532
v 0.031061 -0.043953 0.093208
v -0.033681 -0.070065 0.098152
v 0.026035 -0.004861 0.028146
v 0.030709 -0.041582 0.096546
v 0.031050 -0.040590 0.094363
v 0.026248 -0.000983 0.033135
v -0.033534 -0.064419 0.097216
v -0.030385 -0.001394 0.106390
v -0.033495 -0.067045 0.097787
v -0.033751 -0.068464 0.097863
v 0.026482 -0.006569 0.037208
v -0.032188 -0.000988 0.105998
v 0.029820 -0.045014 0.098701
v -0.033431 -0.066070 0.100747
v -0.033512 -0.069162 0.101585
v 0.030102 -0.039827 0.098486
v 0.029045 -0.041378 0.100149
v -0.031764 0.001243 0.106038
v -0.033321 -0.066843 0.104593
v -0.032142 0.002837 0.106054
v -0.030387 0.002596 0.106417
v -0.033276 -0.063652 0.102352
v -0.033642 -0.062497 0.097512
v -0.033256 -0.061562 0.101276
v 0.026880 -0.003779 0.040366
v 0.026611 -0.000504 0.038132
v -0.033703 -0.059823 0.093456
v 0.031636 -0.037333 0.092024
v 0.027262 -0.001327 0.043302
v 0.026917 0.002566 0.040601
v 0.025563 -0.042306 0.026121
v 0.025666 -0.042217 0.029409
v 0.031840 -0.037003 0.089744
v -0.033593 -0.056728 0.093021
v -0.033690 -0.058639 0.094751
v 0.025648 -0.039407 0.028570
v 0.031589 -0.035322 0.092162
v -0.033643 -0.056670 0.095594
v 0.025610 -0.039393 0.025462
v -0.033470 -0.059337 0.098541
v -0.033343 -0.057859 0.098228
v 0.025870 -0.034488 0.026163
v -0.033337 -0.059846 0.101538
v -0.020968 0.003458 0.105927
v -0.024993 0.003221 0.106082
v -0.033532 -0.055168 0.098055
v 0.030859 -0.038622 0.096131
v 0.026222 -0.042551 0.036622
v -0.033359 -0.052206 0.099696
v 0.025878 -0.039609 0.031937
v 0.031219 -0.035729 0.095077
v 0.030454 -0.034920 0.097337
v 0.030161 -0.035612 0.098832
v 0.025788 -0.037078 0.030240
v 0.031193 -0.032021 0.095087
v 0.031694 -0.028486 0.092106
v -0.032173 0.006639 0.105777
v -0.031590 0.007507 0.106241
v -0.014808 -0.080493 0.091566
v 0.025837 -0.032715 0.023928
v -0.012664 -0.080653 0.093971
v -0.032052 0.010424 0.105979
v -0.030240 0.006410 0.106404
v -0.012775 -0.080454 0.097365
v -0.009356 -0.080601 0.094517
v 0.024524 -0.043107 0.105487
v 0.025860 -0.030216 0.026935
v -0.013552 -0.080235 0.100349
v -0.027034 0.007951 0.106180
v 0.026152 -0.044186 0.105242
v 0.025818 -0.032248 0.028353
v 0.026859 -0.046467 0.104742
v 0.026860 -0.043557 0.104741
v 0.025970 -0.032504 0.031365
v 0.026038 -0.034150 0.033993
v -0.032445 0.011871 0.102053
v -0.032596 -0.070730 0.105610
v 0.028497 -0.042483 0.101509
v 0.026765 -0.038404 0.104702
v -0.033123 -0.068400 0.105215
v 0.025868 -0.028625 0.029087
v -0.024168 -0.070131 0.105913
v -0.026825 -0.070055 0.106009
v 0.026186 -0.037436 0.036096
v 0.021723 -0.041208 0.105621
v -0.030161 0.010566 0.106331
v -0.021270 -0.073050 0.106117
v -0.031989 0.013070 0.105817
v -0.022008 -0.069437 0.105935
v -0.016662 -0.076051 0.106166
v -0.016052 -0.074042 0.106187
v -0.029924 0.015771 0.106324
v 0.027064 -0.039650 0.045142
v -0.026410 0.011887 0.106169
v 0.026632 -0.037589 0.040721
v 0.026833 -0.037106 0.043445
v 0.025081 -0.038654 0.105427
v -0.016098 -0.066729 0.105713
v -0.025376 0.017363 0.106094
v -0.021894 -0.064754 0.105682
v 0.026705 -0.033002 0.041189
v -0.015908 -0.070498 0.105927
v 0.026544 -0.041534 0.105052
v -0.021723 0.008946 0.105954
v 0.026273 -0.030002 0.036484
v 0.026082 -0.027914 0.032646
v -0.015853 -0.060896 0.105358
v 0.025864 -0.027284 0.030500
v -0.013443 -0.065364 0.105607
v -0.013306 -0.060766 0.105495
v 0.026030 -0.024396 0.032435
v -0.012570 -0.060794 0.105890
v 0.029007 -0.037018 0.100551
v -0.001398 -0.080417 0.074211
v 0.026701 -0.026955 0.040346
v 0.029024 -0.033200 0.100277
v -0.001171 -0.080426 0.077533
v 0.026558 -0.024225 0.039019
v 0.026261 -0.021552 0.034939
v 0.028627 -0.033603 0.101297
v -0.002830 -0.080327 0.080060
v 0.030220 -0.030248 0.098831
v -0.004590 -0.080674 0.084690
v -0.017043 0.007038 0.105763
v -0.001111 -0.080494 0.082129
v 0.000584 -0.080703 0.080794
v 0.002841 -0.080614 0.082047
v 0.029200 -0.029586 0.100183
v 0.000466 -0.080427 0.084299
v 0.001656 -0.080710 0.085634
v 0.027544 -0.030002 0.103222
v 0.003916 -0.080401 0.079531
v 0.005372 -0.080475 0.085633
v -0.017319 0.012643 0.105757
v 0.002072 -0.080516 0.076053
v 0.027091 -0.037413 0.045159
v 0.026984 -0.037074 0.046365
v 0.026947 -0.034109 0.043628
v -0.012497 0.009214 0.105623
v 0.027083 -0.035597 0.044573
v 0.026108 -0.035734 0.105157
v -0.011066 0.008805 0.106389
v 0.026661 -0.034000 0.104677
v 0.027047 -0.031497 0.043856
v 0.027601 -0.035870 0.047679
v 0.027177 -0.032315 0.046060
v -0.032262 0.016398 0.103327
v 0.027484 -0.035470 0.048234
v 0.007396 -0.080191 0.078034
v 0.027761 -0.033499 0.049542
v 0.027675 -0.031086 0.049828
v 0.010778 -0.080464 0.081375
v 0.026573 -0.031221 0.104841
v 0.027410 -0.040186 0.046235
v 0.007683 -0.080451 0.079941
v -0.031755 0.015928 0.105759
v 0.027522 -0.039260 0.049490
v 0.012979 -0.080039 0.077090
v 0.012704 -0.080179 0.081418
v -0.032057 0.018250 0.105351
v 0.014371 -0.080121 0.079959
v 0.028388 -0.040367 0.052827
v 0.015787 -0.080345 0.084031
v 0.027839 -0.038709 0.052196
v 0.027751 -0.036679 0.051730
v -0.031897 0.019976 0.105768
v 0.006113 -0.080398 0.081650
v 0.028129 -0.038644 0.054774
v -0.029837 0.019988 0.106349
v 0.026652 -0.027275 0.104796
v 0.028126 -0.037553 0.053676
v 0.008975 -0.080489 0.084503
v 0.027881 -0.034774 0.050514
v 0.028349 -0.035062 0.052171
v 0.028229 -0.031532 0.052705
v 0.027790 -0.033082 0.051187
v 0.028125 -0.034423 0.053468
v 0.029642 -0.037034 0.065899
v 0.013326 -0.080284 0.084345
v 0.027572 -0.031872 0.051224
v 0.014089 -0.080176 0.086254
v 0.029564 -0.034512 0.064741
v 0.026887 -0.029437 0.042790
v 0.011108 -0.080565 0.089919
v 0.009580 -0.080654 0.088502
v 0.026869 -0.025614 0.042944
v -0.006793 -0.080623 0.084495
v 0.027439 -0.031159 0.046263
v 0.027184 -0.028805 0.045478
v 0.027303 -0.027441 0.044024
v -0.001876 -0.080557 0.085774
v -0.006822 -0.080861 0.087077
v 0.030331 -0.028134 0.069803
v 0.029169 -0.029293 0.061030
v -0.002731 -0.080566 0.087989
v -0.029779 0.025519 0.106304
v -0.027449 0.021242 0.106157
v 0.029689 -0.026174 0.064972
v 0.027284 -0.023228 0.044087
v 0.026897 -0.020119 0.042236
v -0.020982 0.020407 0.105865
v -0.024510 0.021629 0.106020
v -0.000270 -0.080697 0.089181
v 0.027483 -0.029971 0.047890
v 0.027168 -0.028132 0.046502
v 0.027517 -0.027235 0.047116
v -0.005837 -0.080628 0.092115
v 0.027928 -0.027903 0.050162
v 0.027782 -0.026169 0.048159
v -0.025913 0.025949 0.106046
v 0.027681 -0.024714 0.049072
v 0.027051 -0.024413 0.045278
v 0.027556 -0.024061 0.046986
v -0.019144 0.023916 0.105760
v -0.022107 0.014992 0.105952
v 0.027272 -0.021699 0.045016
v 0.031203 -0.028181 0.077518
v 0.027365 -0.020053 0.046461
v 0.000975 -0.080669 0.092132
v 0.030563 -0.026032 0.071782
v 0.027857 -0.022760 0.049114
v -0.005538 -0.080758 0.093503
v 0.027930 -0.021087 0.049409
v -0.018238 0.016719 0.105788
v -0.002409 -0.080647 0.094548
v 0.028242 -0.028342 0.052625
v 0.029054 -0.025941 0.060031
v 0.029305 -0.024723 0.061183
v 0.028507 -0.038787 0.058180
v 0.003409 -0.080770 0.088332
v 0.028184 -0.036798 0.055908
v 0.028631 -0.037263 0.057994
v 0.007784 -0.080546 0.087188
v 0.007679 -0.080463 0.090429
v 0.028623 -0.036137 0.059195
v 0.004019 -0.080575 0.091836
v 0.028682 -0.034312 0.057792
v 0.028972 -0.036747 0.060935
v -0.012456 0.015837 0.105536
v 0.030309 -0.024663 0.068742
v 0.010294 -0.080731 0.092818
v 0.030069 -0.018846 0.066414
v 0.028170 -0.029186 0.053441
v -0.013979 0.021441 0.105530
v 0.002854 -0.080690 0.094703
v 0.006976 -0.080643 0.094519
v 0.028648 -0.027873 0.056676
v 0.029241 -0.018573 0.060211
v 0.029216 -0.037394 0.061662
v 0.011797 -0.080511 0.093249
v 0.029061 -0.036447 0.063037
v 0.028731 -0.017144 0.061260
v 0.029328 -0.017034 0.064528
v 0.030590 -0.019403 0.070401
v 0.013187 -0.080422 0.089045
v 0.017432 -0.080166 0.081026
v 0.018515 -0.079974 0.081057
v 0.020312 -0.079879 0.079114
v 0.028115 -0.024126 0.050658
v 0.027704 -0.022514 0.050966
v 0.020244 -0.079903 0.081919
v 0.028119 -0.020331 0.051142
v 0.028232 -0.024829 0.053316
v 0.028343 -0.025231 0.052388
v 0.028377 -0.022070 0.052485
v 0.028306 -0.018792 0.053345
v 0.028479 -0.017235 0.052186
v 0.020040 -0.080089 0.083924
v 0.023470 -0.079961 0.082594
v 0.030182 -0.017664 0.067881
v 0.028387 -0.027439 0.052108
v 0.026541 -0.079719 0.081721
v -0.022592 0.025814 0.105838
v 0.028617 -0.025675 0.057232
v 0.030709 -0.015007 0.069132
v 0.018912 -0.080047 0.085523
v -0.021603 0.029516 0.105824
v 0.031087 -0.025924 0.076510
v 0.015349 -0.080399 0.089044
v 0.031441 -0.024512 0.078692
v 0.017814 -0.080286 0.089544
v 0.021107 -0.080039 0.086294
v 0.020027 -0.080197 0.088317
v 0.031417 -0.018613 0.077238
v 0.022019 -0.079909 0.089508
v 0.024678 -0.080016 0.090294
v 0.026344 -0.079851 0.086955
v -0.015392 0.028252 0.105518
v 0.030786 -0.012043 0.070544
v 0.026916 -0.079442 0.084020
v 0.026515 -0.018986 0.038528
v 0.027395 -0.078527 0.085314
v -0.018719 0.028383 0.105681
v 0.031323 -0.012711 0.075261
v 0.027178 -0.078924 0.090099
v 0.026582 -0.013371 0.038566
v -0.012549 0.026958 0.105399
v 0.013645 -0.080497 0.094610
v 0.027027 -0.016584 0.043256
v 0.031533 -0.016129 0.078622
v 0.031152 -0.014287 0.077121
v 0.032104 -0.017657 0.078739
v 0.016392 -0.080387 0.096028
v 0.031693 -0.013209 0.078374
v 0.027394 -0.018951 0.044771
v 0.031852 -0.015576 0.081140
v 0.027608 -0.017662 0.045349
v -0.017804 0.032302 0.105603
v 0.027349 -0.016988 0.045940
v 0.013897 -0.080358 0.092264
v 0.018299 -0.080173 0.092398
v 0.027996 -0.019548 0.048787
v 0.027836 -0.017287 0.048069
v 0.021492 -0.080064 0.091831
v 0.027387 -0.014270 0.045778
v 0.027086 -0.011600 0.042988
v -0.008402 0.024075 0.105289
v -0.010688 0.027685 0.106254
v -0.013998 0.032238 0.105445
v 0.019534 -0.080221 0.094160
v 0.027528 -0.012863 0.045470
v -0.011996 0.029223 0.105353
v -0.010280 0.029905 0.106351
v 0.026799 -0.008934 0.040276
v 0.019625 -0.080233 0.096951
v 0.027035 -0.007230 0.042970
v 0.027171 -0.009078 0.044040
v 0.027106 -0.003706 0.042952
v 0.022825 -0.080012 0.095687
v 0.025476 -0.080002 0.094241
v 0.027774 -0.018004 0.049768
v 0.026331 -0.079787 0.092130
v 0.027256 -0.078633 0.093328
v 0.027803 -0.016230 0.049927
v -0.024905 0.031300 0.105940
v 0.027296 -0.077908 0.095525
v 0.026631 -0.079332 0.095699
v 0.028040 -0.012676 0.049372
v 0.027985 -0.014164 0.050554
v 0.028625 -0.014273 0.052288
v 0.027615 -0.011661 0.047543
v 0.027640 -0.009899 0.047657
v 0.027925 -0.012415 0.051161
v 0.031678 -0.028350 0.082449
v -0.027124 0.035124 0.106022
v -0.024172 0.035402 0.105803
v 0.028044 -0.010298 0.051120
v 0.027034 -0.078545 0.098876
v 0.028408 -0.011384 0.053443
v 0.032066 -0.027497 0.086151
v 0.029096 -0.011221 0.058491
v 0.028510 -0.011002 0.052486
v 0.031859 -0.025928 0.083908
v -0.020875 0.033890 0.105693
v 0.028506 -0.008733 0.053961
v -0.007907 -0.080659 0.095770
v -0.010394 -0.080527 0.098112
v 0.027663 -0.008284 0.047073
v 0.032229 -0.024830 0.087138
v 0.027472 -0.004740 0.044666
v 0.027355 -0.005555 0.044776
v 0.028139 -0.008471 0.049834
v 0.027907 -0.006502 0.049249
v -0.007198 -0.080434 0.099640
v 0.027719 -0.004687 0.047619
v -0.010883 0.015252 0.106372
v 0.031889 -0.018686 0.081603
v 0.027135 -0.002097 0.044277
v 0.027225 -0.000252 0.044452
v 0.032353 -0.017858 0.086128
v 0.027691 -0.001378 0.046463
v 0.027601 0.000634 0.047248
v 0.027883 -0.007793 0.051152
v 0.027744 -0.004990 0.049979
v 0.028454 -0.005641 0.050812
v -0.003721 -0.080391 0.100455
v 0.028535 -0.004148 0.051209
v 0.027958 -0.003225 0.050061
v 0.028516 -0.008729 0.051785
v 0.028664 -0.006894 0.052511
v 0.028471 -0.006350 0.053557
v 0.028521 -0.003111 0.052027
v 0.028507 -0.002247 0.053715
v -0.005929 0.015114 0.106275
v -0.007147 0.017916 0.106226
v 0.029150 -0.007927 0.058928
v 0.027996 -0.000588 0.048977
v -0.010089 0.018095 0.105403
v 0.028153 -0.001835 0.050421
v -0.007647 0.019320 0.105333
v 0.029124 -0.010053 0.060192
v 0.028081 0.001136 0.051031
v 0.027812 -0.002835 0.050900
v 0.028529 0.000667 0.052297
v 0.027887 0.002371 0.048808
v 0.030184 -0.006908 0.065464
v 0.029712 -0.008771 0.061560
v 0.028922 -0.015972 0.059991
v -0.034101 -0.059657 0.058772
v -0.034205 -0.056840 0.059196
v -0.034167 -0.060478 0.061602
v 0.029567 -0.013898 0.061493
v 0.029566 -0.016068 0.062675
v 0.029767 -0.014849 0.064372
v -0.034268 -0.054896 0.058576
v 0.029683 -0.010092 0.062789
v -0.034206 -0.054248 0.060626
v -0.034366 -0.053041 0.059366
v 0.030289 -0.015474 0.066491
v 0.030191 -0.016082 0.067310
v -0.034089 -0.058105 0.063901
v -0.033998 -0.056728 0.061919
v -0.034091 -0.055933 0.062975
v 0.030126 -0.011802 0.065239
v -0.034121 -0.055017 0.066599
v 0.030179 -0.013703 0.067427
v -0.005341 0.021090 0.105148
v -0.034106 -0.055527 0.068493
v 0.030438 -0.011240 0.067863
v 0.030499 -0.011070 0.066552
v 0.030919 -0.013145 0.068684
v -0.034280 -0.053546 0.062573
v -0.003920 0.020396 0.106187
v -0.034266 -0.049640 0.060089
v 0.001214 0.018310 0.106085
v -0.034146 -0.051014 0.067412
v 0.000765 0.021370 0.106035
v -0.034245 -0.048821 0.065660
v 0.029916 -0.010035 0.065342
v -0.004396 0.022999 0.106191
v -0.034239 -0.044268 0.063399
v -0.007655 0.025415 0.106259
v -0.003087 0.025834 0.106136
v 0.029216 0.000734 0.058384
v 0.029985 -0.001226 0.063697
v 0.001818 0.024857 0.105955
v -0.034107 -0.055282 0.071904
v 0.028539 0.003717 0.053646
v -0.034107 -0.047882 0.068633
v -0.004520 0.029418 0.106210
v -0.034094 -0.052177 0.071621
v -0.033982 -0.055792 0.073646
v -0.034053 -0.046546 0.072063
v 0.029700 0.000859 0.062719
v 0.029261 0.003140 0.060093
v 0.030249 0.001220 0.065348
v 0.029703 0.004947 0.061433
v 0.029910 0.002867 0.062654
v -0.034291 -0.042118 0.065380
v 0.006586 0.025843 0.105827
v 0.030681 -0.008832 0.070664
v 0.031242 -0.010842 0.071518
v 0.006785 -0.015693 0.105988
v 0.031406 -0.010772 0.074227
v 0.005651 -0.012718 0.106070
v 0.030756 -0.006549 0.069680
v 0.031274 -0.006844 0.073470
v 0.009625 -0.015261 0.105903
v 0.031783 -0.011096 0.079212
v 0.031305 -0.009747 0.074436
v 0.031505 -0.008497 0.075901
v 0.007120 -0.008160 0.105987
v 0.031885 -0.009431 0.078885
v 0.011894 -0.014520 0.105939
v 0.014221 -0.011004 0.105828
v 0.031916 -0.008201 0.079703
v 0.021291 -0.020712 0.105624
v 0.018005 -0.020638 0.105733
v 0.029928 0.004694 0.063623
v 0.018102 -0.017171 0.105672
v 0.021061 -0.015920 0.105580
v 0.030705 0.002499 0.066536
v 0.030374 0.004379 0.066637
v 0.030926 -0.000185 0.070120
v 0.030376 0.000693 0.067372
v 0.015823 -0.015040 0.105755
v 0.031051 0.002720 0.068697
v 0.030818 0.004678 0.067392
v 0.031696 0.000753 0.075569
v 0.031164 0.006407 0.070830
v 0.030583 0.006454 0.066720
v 0.020243 -0.011399 0.105627
v 0.032089 -0.027298 0.088525
v 0.019379 -0.005847 0.105672
v 0.013935 -0.007098 0.105843
v 0.024921 -0.013217 0.105427
v 0.024567 -0.008420 0.105499
v 0.031348 -0.024643 0.095202
v 0.031396 -0.027806 0.094939
v 0.031806 -0.025026 0.091796
v 0.019814 -0.000997 0.105656
v 0.024637 -0.001952 0.105525
v 0.026809 -0.006815 0.105110
v 0.031557 -0.023015 0.093060
v 0.032558 -0.017246 0.084182
v 0.032261 -0.015780 0.084710
v 0.032269 -0.013439 0.083686
v 0.032726 -0.014343 0.085488
v 0.032787 -0.011140 0.085817
v 0.032058 -0.015055 0.090893
v 0.031625 -0.016543 0.093484
v 0.010167 -0.001847 0.105882
v 0.032488 -0.011153 0.086982
v 0.030429 -0.023538 0.098466
v 0.029305 -0.025709 0.099945
v 0.015507 -0.003301 0.105767
v 0.014771 0.001409 0.105728
v 0.031556 -0.021794 0.094415
v 0.031037 -0.020466 0.096746
v 0.024606 -0.023666 0.105459
v 0.030374 -0.018260 0.098638
v 0.026649 -0.024064 0.104798
v 0.028574 -0.022659 0.101449
v 0.026719 -0.020520 0.104714
v 0.024705 -0.017847 0.105443
v 0.029253 -0.020231 0.100139
v 0.028803 -0.017642 0.101254
v 0.026782 -0.016704 0.104709
v 0.031374 -0.018400 0.095700
v 0.031471 -0.014861 0.095743
v 0.026771 -0.014430 0.104807
v 0.029504 -0.016034 0.099935
v 0.028262 -0.014447 0.102002
v 0.031684 -0.011599 0.093425
v 0.029267 -0.013884 0.100046
v 0.027065 -0.011352 0.104425
v 0.032030 -0.010668 0.091897
v 0.031547 -0.010946 0.095983
v 0.026409 -0.010198 0.105179
v 0.030577 -0.014426 0.098375
v 0.028700 -0.011477 0.101373
v 0.029338 -0.009646 0.100025
v 0.030201 -0.012082 0.098690
v 0.028764 -0.006991 0.101407
v 0.031512 -0.007902 0.096015
v 0.030297 -0.007109 0.098740
v 0.026447 -0.004492 0.105282
v 0.027129 -0.004929 0.104812
v 0.032209 -0.010758 0.083357
v 0.032228 -0.008765 0.081523
v 0.032207 -0.008259 0.083386
v 0.026989 -0.001456 0.105009
v 0.020824 0.003062 0.105575
v 0.032129 -0.006408 0.080624
v 0.032057 -0.000343 0.078602
v 0.029521 0.000200 0.100100
v 0.027237 0.000903 0.104685
v 0.032662 -0.006502 0.085830
v 0.027056 0.003672 0.105028
v 0.029598 0.003373 0.099976
v 0.024957 0.003247 0.105436
v 0.032736 0.000291 0.086155
v 0.028578 0.006203 0.102035
v 0.032477 -0.000573 0.082776
v 0.030525 0.006224 0.098664
v 0.031828 0.004067 0.095713
v 0.031904 0.007185 0.095932
v 0.030542 0.003009 0.098583
v 0.029602 0.006856 0.100032
v 0.030727 0.009167 0.098674
v 0.031770 0.010564 0.096472
v 0.032393 0.007859 0.091976
v 0.032215 0.010494 0.093230
v 0.031782 0.014361 0.096669
v 0.031702 0.001705 0.077558
v 0.032405 0.000945 0.080034
v 0.032351 0.001973 0.081217
v 0.030798 0.012857 0.098729
v 0.031857 0.006530 0.076074
v 0.029183 0.009322 0.101250
v 0.032132 0.004577 0.078550
v 0.031776 0.005731 0.076914
v 0.026931 0.007516 0.104996
v 0.032348 0.005449 0.080455
v 0.032068 0.008200 0.077650
v 0.027735 0.009722 0.103898
v 0.029748 0.012985 0.100088
v 0.032686 0.000979 0.081808
v 0.029028 0.013042 0.101589
v 0.032625 0.000822 0.083891
v 0.027082 0.012004 0.104751
v 0.032903 0.003648 0.084454
v 0.010652 0.002491 0.105889
v 0.032398 0.007061 0.079786
v 0.032694 0.006085 0.083787
v 0.015035 0.003081 0.105780
v 0.032340 0.002278 0.091457
v 0.032817 0.006999 0.086794
v 0.015116 0.005029 0.105627
v 0.012632 0.009036 0.105828
v 0.016801 0.005597 0.105694
v 0.033251 0.007471 0.085453
v 0.015583 0.009977 0.105681
v 0.032936 0.009059 0.084220
v 0.032877 0.011072 0.087174
v 0.032580 0.011351 0.091213
v 0.031807 0.001101 0.095519
v 0.031998 0.003112 0.093262
v 0.031950 0.006785 0.093675
v 0.032534 -0.008209 0.085981
v 0.032186 -0.008148 0.090060
v 0.032155 -0.006674 0.091458
v 0.024992 0.008253 0.105410
v 0.031765 -0.008469 0.093377
v 0.031835 -0.004488 0.093219
v 0.020195 0.010850 0.105548
v 0.013395 0.013089 0.105789
v 0.012863 0.016748 0.105719
v 0.031730 -0.005572 0.095244
v 0.030535 -0.004145 0.098375
v 0.031754 -0.002921 0.095569
v 0.019219 0.016749 0.105552
v 0.030391 -0.000251 0.098801
v -0.032869 -0.063532 0.105271
v -0.033012 -0.060283 0.105270
v -0.033229 -0.055436 0.101178
v -0.032921 -0.057430 0.104846
v -0.032378 -0.056771 0.105592
v -0.030785 -0.057896 0.106269
v -0.033140 -0.051708 0.102910
v -0.033241 -0.050433 0.100181
v 0.025086 0.016268 0.105320
v -0.032695 -0.054709 0.105619
v -0.032932 -0.053651 0.104987
v -0.031032 -0.054861 0.106231
v -0.032717 -0.051246 0.105861
v -0.030507 -0.051638 0.106346
v -0.030571 -0.068171 0.106090
v 0.027189 0.019220 0.104744
v 0.027183 0.015486 0.104718
v -0.027673 -0.068970 0.105896
v -0.031285 -0.065812 0.106056
v -0.028931 -0.066169 0.105889
v -0.031186 -0.062595 0.106180
v -0.026336 -0.065254 0.105819
v -0.027568 -0.062566 0.105922
v 0.029436 -0.004520 0.099934
v -0.024653 -0.066904 0.105906
v 0.028570 -0.003837 0.101847
v -0.024274 -0.064272 0.105630
v -0.029261 -0.060080 0.105979
v -0.024858 -0.060569 0.105795
v -0.026844 -0.058185 0.105842
v -0.021644 -0.060674 0.105573
v -0.024192 -0.058378 0.105655
v -0.027638 -0.054824 0.105936
v -0.024440 -0.056066 0.105835
v -0.032974 -0.044207 0.103170
v -0.032748 -0.047350 0.105463
v -0.033048 -0.045507 0.105045
v -0.032213 -0.047455 0.105940
v -0.032845 -0.043726 0.105481
v -0.025336 0.080581 -0.001545
v -0.026121 0.081064 -0.005560
v -0.026273 0.081067 -0.000622
v -0.033710 0.060730 0.067253
v -0.033831 0.061111 0.063805
v -0.033957 0.051612 0.066037
v -0.032307 0.076163 -0.001545
v -0.032535 0.075938 0.000615
v -0.032557 0.078237 0.001351
v -0.032538 0.079472 -0.000646
v -0.032578 0.079464 -0.002612
v -0.031359 0.080534 -0.000776
v -0.033668 0.063072 0.056254
v -0.033610 0.064213 0.059647
v -0.033511 0.069837 0.054011
v -0.032842 0.079132 0.002354
v -0.032187 0.080121 0.003329
v -0.033342 0.069025 0.056840
v -0.033824 0.058187 0.061529
v -0.035033 0.026659 -0.007164
v -0.032805 0.079286 0.004894
v -0.032781 0.075030 0.001331
v -0.032511 0.076694 0.004334
v -0.033000 0.071783 0.011304
v -0.032743 0.076107 0.012551
v -0.032781 0.075621 0.006664
v -0.027832 0.080549 -0.001956
v -0.031528 0.080465 -0.003714
v -0.032823 0.078850 0.012862
v -0.032632 0.077863 0.007101
v -0.032940 0.077105 0.010307
v -0.028071 0.080478 0.001112
v -0.033545 0.065232 0.063300
v -0.032922 0.074926 0.018272
v -0.034615 0.038324 -0.011964
v -0.032835 0.078697 0.015439
v -0.030306 0.080600 0.004082
v -0.026403 0.080936 0.004043
v -0.027959 0.080505 0.006289
v -0.033408 0.070306 0.057918
v -0.032739 0.078705 0.017809
v -0.033504 0.068528 0.064972
v -0.032284 0.079997 0.014609
v -0.031772 0.080422 0.020505
v -0.031558 0.080474 0.008876
v -0.032577 0.079908 0.006475
v -0.032767 0.079212 0.009181
v -0.032490 0.079897 0.009884
v -0.027764 0.080561 0.011177
v -0.031438 0.080462 0.014617
v -0.033686 0.064367 0.067997
v -0.034818 0.033422 -0.005504
v -0.033739 0.060274 0.072185
v -0.033440 0.065441 0.017950
v -0.033635 0.060014 0.014933
v -0.033805 0.057645 0.019994
v -0.034689 0.037366 -0.006734
v -0.033603 0.065135 0.071237
v -0.033422 0.066845 0.066741
v -0.010176 0.080251 -0.022543
v -0.033257 0.067533 0.016623
v -0.033400 0.065201 0.020951
v -0.033609 0.062308 0.026572
v -0.018280 0.080329 -0.020168
v -0.013019 0.080317 -0.018128
v -0.034247 0.048941 -0.018967
v -0.034400 0.043929 -0.015216
v -0.033803 0.060917 0.075491
v -0.033766 0.064887 0.074913
v -0.033166 0.070127 0.020219
v -0.033473 0.069993 0.070274
v -0.006818 0.080274 -0.017933
v -0.033305 0.074514 0.064677
v -0.033561 0.067600 0.073883
v -0.033421 0.072994 0.071764
v -0.034439 0.043483 -0.008759
v -0.003097 0.080189 -0.018594
v 0.003527 0.080056 -0.017833
v -0.034252 0.048793 -0.012181
v -0.033651 0.066879 0.079151
v -0.033519 0.069561 0.076339
v -0.032759 0.079272 0.022539
v -0.002932 0.080135 -0.017121
v -0.033416 0.073199 0.073858
v -0.033479 0.073750 0.079204
v -0.033770 0.059329 0.031333
v -0.033440 0.067104 0.033324
v 0.003438 0.080153 -0.016500
v -0.017099 0.080431 -0.017952
v -0.033095 0.073235 0.028400
v -0.015121 0.080546 -0.016774
v -0.015359 0.080207 -0.015337
v -0.021109 0.080589 -0.016871
v -0.021852 0.080228 -0.015282
v -0.034514 0.041100 -0.001871
v -0.033911 0.057981 0.034581
v -0.010233 0.080451 -0.016792
v -0.009900 0.080160 -0.015126
v -0.010306 0.080258 -0.013838
v -0.018702 0.080357 -0.013157
v -0.033886 0.054159 0.073114
v -0.033958 0.052000 0.078324
v -0.033953 0.048593 0.074581
v -0.033907 0.055163 0.077050
v -0.034207 0.048147 -0.004244
v -0.033760 0.059311 0.077141
v -0.034330 0.045626 0.000798
v -0.033919 0.053254 0.082863
v -0.033903 0.054312 0.079968
v -0.006243 0.080226 -0.007210
v -0.021456 0.080390 -0.006099
v -0.033835 0.056614 0.079588
v -0.033951 0.053409 -0.009195
v -0.033876 0.055917 0.083668
v -0.029950 0.080504 0.025529
v -0.029663 0.080549 0.020605
v -0.006396 0.080432 -0.016767
v -0.032745 0.079487 0.026688
v -0.007479 0.080281 -0.015007
v -0.002060 0.079996 -0.014553
v -0.033852 0.053855 -0.006223
v -0.031574 0.080424 0.024735
v -0.005962 0.080137 -0.013589
v -0.033963 0.052098 -0.000221
v -0.005946 0.080199 -0.012804
v -0.033708 0.063650 0.078849
v -0.033806 0.060806 0.080451
v -0.033844 0.058936 0.084355
v -0.032926 0.077685 0.032570
v 0.001531 0.080072 -0.012984
v -0.031789 0.080413 0.027928
v -0.028237 0.080493 0.029083
v -0.033769 0.042563 0.093392
v -0.033910 0.045076 0.088368
v -0.033856 0.041109 0.087572
v -0.033111 0.079216 0.031096
v -0.033844 0.045945 0.091749
v -0.031963 0.080418 0.032086
v -0.030188 0.080587 0.032199
v -0.033676 0.035638 0.093688
v -0.033795 0.034833 0.087506
v -0.027663 0.080558 0.022872
v -0.029232 0.080443 0.033722
v -0.026655 0.080801 0.031161
v -0.026602 0.080848 0.027175
v -0.025178 0.080506 0.029835
v -0.024908 0.080254 0.031160
v -0.033790 0.038072 0.089563
v -0.033799 0.039697 0.093006
v -0.026580 0.080935 0.033689
v -0.020390 0.080277 0.032019
v -0.024170 0.080330 0.033137
v 0.004098 0.080034 -0.014395
v 0.008446 0.079949 -0.015100
v -0.026238 0.080968 0.014297
v -0.025447 0.080562 0.010971
v -0.026290 0.081180 0.011302
v -0.024134 0.080359 0.013899
v -0.024279 0.080374 0.008453
v -0.027576 0.080616 0.016341
v 0.006501 0.079930 -0.013288
v -0.033475 0.041957 0.097347
v -0.035244 0.015752 -0.000417
v -0.035191 0.018361 -0.004143
v 0.005260 0.080028 -0.005535
v -0.026526 0.080971 0.016761
v -0.032833 0.039780 0.101403
v -0.025539 0.080557 0.016234
v -0.016541 0.080314 0.012109
v -0.019055 0.080336 0.017347
v -0.024459 0.080343 0.020548
v 0.012090 0.079847 -0.012181
v -0.033666 0.046835 0.096093
v -0.029241 0.080614 0.017021
v -0.027792 0.080492 0.018836
v -0.033949 0.048340 0.086247
v -0.033927 0.043856 0.084527
v -0.026434 0.081090 0.021998
v -0.033796 0.048028 0.091255
v -0.019386 0.080384 0.021119
v -0.033896 0.050005 0.093204
v -0.025949 0.080825 0.020235
v -0.033845 0.051629 0.088755
v -0.033921 0.049989 0.080958
v -0.025298 0.080315 0.022814
v -0.033857 0.055492 0.087780
v 0.012402 0.079859 -0.002922
v -0.033810 0.053358 0.091147
v 0.013611 0.079870 0.002462
v 0.019375 0.079654 -0.001782
v -0.008321 0.080254 0.018118
v -0.035131 0.016346 0.001965
v -0.033706 0.054842 0.096247
v -0.033748 0.056824 0.093723
v -0.035101 0.020128 -0.000275
v -0.033332 0.064865 0.007137
v -0.033768 0.057214 0.009483
v -0.015990 0.080311 0.023792
v -0.021091 0.080327 0.024146
v -0.023885 0.080391 -0.008667
v -0.012614 0.080345 0.021331
v -0.035098 0.020312 0.004782
v -0.029812 0.040661 0.106089
v -0.010706 0.080281 0.025078
v -0.007932 0.080335 0.022169
v -0.024046 0.080345 -0.002762
v -0.032128 0.044032 0.105370
v -0.032573 0.042843 0.102889
v -0.021344 0.080381 0.002946
v -0.026420 0.080892 0.024208
v -0.033064 0.045748 0.100662
v -0.013679 0.080319 0.001691
v -0.024455 0.080319 0.024744
v -0.035080 0.024325 -0.002572
v -0.024514 0.080387 0.028146
v -0.034945 0.027248 0.001802
v -0.034975 0.029148 -0.002763
v -0.031818 0.042011 0.106036
v -0.016907 0.080373 0.028236
v -0.026082 0.039974 0.105884
v -0.013362 0.080388 0.028305
v -0.031880 0.047292 0.106020
v -0.020441 0.080378 0.029274
v -0.014876 0.080362 0.029649
v -0.029316 0.044020 0.106035
v -0.031622 0.044731 0.105881
v -0.026998 0.042673 0.105852
v -0.001546 0.080174 0.000318
v -0.018108 0.080551 0.030077
v -0.034811 0.031167 -0.000552
v -0.030265 0.047066 0.105984
v -0.018599 0.080262 0.033596
v -0.025780 0.048364 0.105826
v -0.026341 0.045542 0.105799
v -0.034745 0.034475 0.001400
v -0.017227 0.080371 0.032039
v -0.013490 0.080313 0.033310
v -0.033531 0.050108 0.098431
v -0.033551 0.054982 0.098699
v -0.018703 0.080354 0.034981
v -0.033777 0.058684 0.095678
v -0.034646 0.035922 -0.003465
v -0.033636 0.059328 0.099088
v -0.033055 0.055014 0.101482
v -0.001759 0.080229 0.023776
v -0.003654 0.080217 0.010155
v 0.005679 0.080068 0.018562
v -0.033235 0.051016 0.100549
v 0.003646 0.080170 0.022617
v -0.024150 0.080377 0.002710
v -0.032810 0.052796 0.102281
v -0.031980 0.049410 0.105723
v -0.032095 0.051651 0.105760
v -0.034964 0.023495 0.012212
v -0.031738 0.049986 0.105935
v -0.030019 0.051842 0.105959
v -0.031080 0.055997 0.106006
v -0.006809 0.080324 0.028537
v -0.026337 0.080985 0.008968
v -0.001334 0.080223 0.029174
v 0.001954 0.080119 0.025701
v -0.034898 0.022412 0.019891
v -0.026317 0.052244 0.105717
v -0.032614 0.059227 0.102716
v -0.031831 0.055775 0.105558
v 0.004049 0.080103 0.029632
v 0.005250 0.080201 0.028925
v 0.006841 0.080055 0.025627
v 0.007881 0.080000 0.030086
v -0.028128 0.055110 0.105817
v -0.034858 0.029192 0.009003
v -0.033586 0.069811 0.080421
v -0.033399 0.073586 0.083137
v 0.011375 0.079983 0.022661
v -0.033757 0.059982 0.088398
v 0.011262 0.080008 0.029602
v 0.010892 0.079896 0.025530
v -0.033707 0.063743 0.085640
v -0.033698 0.065045 0.082682
v -0.008149 0.080277 0.029524
v -0.010132 0.080426 0.030867
v -0.034758 0.033221 0.012845
v -0.033810 0.058544 0.090847
v -0.004392 0.080262 0.030371
v -0.005903 0.080306 0.032750
v -0.033686 0.062103 0.090836
v 0.004501 0.080026 -0.000449
v -0.033689 0.065140 0.089005
v -0.009613 0.080266 0.033791
v -0.033568 0.067408 0.085977
v -0.033547 0.069929 0.084135
v -0.002896 0.080087 0.034037
v 0.001233 0.080271 0.030397
v -0.034817 0.022202 0.028447
v -0.033464 0.070088 0.089891
v 0.000246 0.080241 0.032533
v 0.006214 0.080047 0.010528
v 0.004134 0.080105 0.032943
v 0.002124 0.080017 0.034098
v -0.033435 0.072269 0.086453
v -0.034733 0.029840 0.026462
v -0.033460 0.071566 0.091180
v 0.007189 0.079970 0.033785
v -0.033307 0.073318 0.090972
v -0.008137 0.080288 0.037490
v -0.002620 0.080216 0.036598
v -0.033311 0.076133 0.089533
v -0.034771 0.030100 0.018282
v -0.033306 0.077555 0.085868
v -0.034651 0.035317 0.017125
v 0.018927 0.079719 0.010636
v 0.019458 0.079686 0.003895
v -0.033595 0.061620 0.098387
v 0.002862 0.080106 0.039236
v 0.005634 0.079969 0.039526
v -0.033634 0.062884 0.095077
v -0.000521 0.080119 0.039075
v 0.003980 0.079920 0.042353
v -0.034665 0.033861 0.022404
v -0.033381 0.069684 0.038856
v -0.033805 0.059100 0.038200
v -0.033560 0.066360 0.092871
v -0.034584 0.036490 0.026613
v -0.033511 0.067042 0.096607
v -0.033190 0.074024 0.038845
v -0.033274 0.060289 0.100944
v -0.034557 0.039223 0.007354
v -0.033617 0.064292 0.100053
v -0.033452 0.069572 0.048642
v -0.033680 0.063293 0.046155
v -0.032832 0.064912 0.102162
v -0.033239 0.073486 0.043193
v -0.033471 0.066732 0.099766
v -0.033330 0.069349 0.100061
v -0.031807 0.064663 0.105373
v -0.031871 0.060070 0.105242
v -0.026163 0.060056 0.105615
v -0.021791 0.057204 0.105500
v -0.034157 0.048877 0.004084
v -0.032919 0.079470 0.038438
v -0.032952 0.079226 0.033478
v -0.032507 0.079872 0.036362
v -0.034399 0.043423 0.012839
v -0.027593 0.080594 0.034799
v -0.031806 0.080440 0.036773
v 0.011986 0.079948 0.018106
v -0.030510 0.080409 0.040390
v -0.026381 0.080803 0.036869
v -0.027655 0.080571 0.038764
v -0.033236 0.073682 0.096693
v -0.034063 0.051090 0.007399
v -0.033961 0.051446 0.004408
v -0.033130 0.076650 0.045702
v -0.033923 0.054261 0.002138
v -0.031767 0.080429 0.039811
v -0.032831 0.080016 0.043312
v -0.026910 0.080836 0.040163
v -0.029012 0.080461 0.044351
v -0.033099 0.077748 0.094056
v -0.024682 0.080347 0.036821
v -0.032993 0.076660 0.097524
v -0.021832 0.080396 0.038870
v -0.025124 0.080223 0.039510
v -0.034742 0.024135 0.031307
v -0.033117 0.077478 0.054827
v -0.033248 0.072488 0.053424
v -0.034465 0.040743 0.022012
v -0.024754 0.080450 0.042158
v -0.034684 0.027616 0.032853
v -0.020372 0.080313 0.042256
v -0.026828 0.080341 0.044218
v -0.034603 0.033044 0.031538
v -0.027500 0.080594 0.043294
v -0.033147 0.077872 0.059918
v -0.033172 0.078843 0.055218
v -0.033321 0.079653 0.058391
v -0.034326 0.045636 0.021946
v -0.034040 0.051711 0.017359
v -0.017963 0.080340 0.039635
v -0.017071 0.080268 0.042124
v -0.019189 0.080223 0.045474
v -0.024927 0.080329 0.045771
v -0.033178 0.079159 0.061891
v -0.032339 0.080380 0.060270
v -0.033214 0.073943 0.049687
v -0.033252 0.077022 0.070370
v -0.033303 0.079255 0.065061
v -0.033573 0.060097 0.004297
v -0.032148 0.080373 0.063989
v -0.033094 0.078940 0.049509
v -0.032961 0.079764 0.052765
v -0.034487 0.038702 0.028773
v -0.032252 0.080357 0.055128
v -0.032008 0.080470 0.053131
v -0.029337 0.080481 0.054422
v -0.030424 0.080255 0.055240
v -0.028254 0.080096 0.056645
v -0.029019 0.080213 0.052735
v -0.025814 0.080013 0.054867
v -0.030184 0.080232 0.057882
v -0.025365 0.080200 0.056482
v -0.022910 0.079860 0.056104
v -0.022156 0.079773 0.058421
v -0.025115 0.079857 0.058006
v -0.029321 0.079953 0.061645
v -0.030997 0.080342 0.061488
v -0.030753 0.080224 0.064454
v -0.025511 0.079838 0.060919
v -0.033150 0.079309 0.046053
v -0.029643 0.079900 0.067578
v -0.027783 0.079705 0.064661
v -0.032366 0.080167 0.046546
v -0.023220 0.079408 0.064500
v -0.030515 0.080199 0.044712
v -0.034055 0.053416 -0.018586
v -0.034451 0.039567 0.033384
v -0.034335 0.041442 0.027167
v -0.033483 0.060447 -0.018387
v -0.030443 0.080379 0.048864
v -0.032146 0.080244 0.049837
v -0.033413 0.078698 0.069075
v -0.032480 0.080306 0.066511
v -0.034500 0.030361 0.042518
v -0.032680 0.080077 0.068934
v -0.029274 0.080236 0.047401
v -0.026368 0.079723 0.066250
v -0.031784 0.080374 0.068907
v -0.032128 0.080204 0.071457
v -0.030527 0.080085 0.070644
v -0.034422 0.029276 0.048673
v -0.027407 0.079630 0.069663
v -0.033219 0.064534 -0.022651
v -0.022162 0.080223 0.049575
v -0.033280 0.077253 0.075444
v -0.033017 0.068451 -0.029727
v -0.034432 0.038769 0.039879
v -0.032913 0.069806 -0.023800
v -0.033308 0.078922 0.070891
v -0.033017 0.079581 0.072781
v -0.020152 0.079908 0.052785
v -0.033470 0.078839 0.074487
v -0.032857 0.069158 -0.021805
v -0.013711 0.080360 0.039718
v -0.028678 0.079889 0.074687
v -0.031280 0.080254 0.074604
v -0.032978 0.069018 -0.017397
v -0.034308 0.043584 0.038681
v -0.015199 0.080179 0.046227
v -0.032497 0.080121 0.075989
v -0.012853 0.079749 0.045852
v -0.012843 0.080305 0.043768
v -0.014532 0.080292 0.042603
v -0.011150 0.080039 0.047856
v -0.010783 0.080207 0.044625
v -0.014242 0.079526 0.047815
v -0.034354 0.039859 0.044366
v -0.017348 0.080070 0.049042
v -0.016110 0.079782 0.049943
v -0.021757 0.079597 0.056729
v -0.020094 0.079478 0.054997
v -0.018659 0.079682 0.055791
v -0.019325 0.079498 0.058871
v -0.018022 0.079843 0.058564
v -0.018324 0.079540 0.052579
v -0.016943 0.079726 0.052464
v -0.014001 0.079910 0.050240
v -0.022696 0.079556 0.060001
v -0.021038 0.079228 0.065448
v -0.017472 0.079588 0.061161
v -0.016302 0.079256 0.059274
v -0.014967 0.079734 0.053555
v -0.012478 0.079745 0.053037
v -0.033565 0.058369 -0.010498
v -0.015945 0.078451 0.060905
v -0.009985 0.079695 0.051540
v -0.017447 0.079037 0.063366
v -0.033288 0.063984 -0.014770
v -0.014711 0.078686 0.061233
v -0.015197 0.078876 0.064464
v -0.013643 0.078913 0.061881
v -0.015391 0.079901 0.055906
v -0.015960 0.079407 0.057523
v -0.034511 0.041029 0.025564
v -0.012771 0.079313 0.056816
v -0.012365 0.078782 0.060096
v -0.033517 0.060179 -0.006655
v -0.012391 0.079837 0.055251
v -0.034132 0.049551 0.025008
v -0.008247 0.079910 0.048851
v -0.032916 0.071148 -0.019440
v -0.034291 0.045697 0.030090
v -0.008879 0.079786 0.054603
v -0.007638 0.079616 0.052762
v -0.018422 0.078828 0.068018
v -0.014665 0.078523 0.067064
v -0.004918 0.079437 0.053690
v -0.011756 0.078861 0.062220
v -0.010964 0.080097 0.055246
v -0.009757 0.079230 0.056897
v -0.008588 0.079307 0.055473
v -0.005621 0.079174 0.055621
v -0.034006 0.053873 0.028514
v -0.008710 0.078810 0.060797
v -0.008363 0.078613 0.059424
v -0.010945 0.078828 0.060069
v -0.009910 0.078452 0.065235
v -0.006010 0.078745 0.060077
v -0.007121 0.078391 0.064542
v -0.003793 0.078639 0.059749
v -0.032946 0.070474 -0.013014
v -0.002815 0.079501 0.054837
v -0.033981 0.053791 0.022860
v -0.004801 0.078281 0.064919
v -0.000346 0.079090 0.055788
v -0.033044 0.071971 -0.015177
v -0.032814 0.072329 -0.017959
v 0.001543 0.078903 0.057006
v -0.033121 0.068078 -0.007280
v -0.014060 0.078443 0.068836
v -0.033112 0.072636 -0.012904
v -0.011278 0.080231 0.039953
v -0.005983 0.077834 0.069605
v -0.008635 0.077975 0.069734
v -0.033052 0.072955 -0.007342
v -0.012361 0.078122 0.071324
v -0.010010 0.077860 0.073628
v -0.032746 0.071896 -0.029836
v -0.012194 0.080270 0.041694
v -0.008262 0.080367 0.041665
v -0.025313 0.079466 0.070731
v -0.005967 0.080081 0.042710
v -0.004728 0.080130 0.038764
v -0.032613 0.069846 -0.028519
v -0.032716 0.072072 -0.026258
v -0.032534 0.073169 -0.028024
v -0.025876 0.079430 0.072826
v -0.026205 0.079454 0.075518
v -0.023996 0.079157 0.071730
v -0.022342 0.078960 0.074128
v -0.032416 0.079517 -0.028593
v -0.010964 0.079930 0.042799
v -0.029954 0.079864 0.076234
v -0.008127 0.080031 0.043129
v -0.028067 0.079643 0.076795
v -0.007590 0.080151 0.044673
v -0.024538 0.079564 0.076588
v -0.025933 0.079922 0.078237
v -0.020651 0.078822 0.071432
v -0.008485 0.079950 0.046380
v -0.018462 0.078738 0.073011
v -0.032563 0.075869 -0.025847
v -0.018159 0.078464 0.074530
v -0.020192 0.078948 0.076591
v -0.003366 0.080190 0.040983
v -0.022412 0.078943 0.076092
v -0.032703 0.072874 -0.023508
v -0.022878 0.078678 0.077130
v -0.019325 0.078987 0.077231
v -0.021941 0.078495 0.080087
v -0.034085 0.051754 0.037380
v -0.003359 0.079823 0.042802
v -0.016512 0.078212 0.075857
v -0.001326 0.079842 0.043241
v -0.016850 0.077856 0.077166
v -0.016554 0.077811 0.078892
v -0.014455 0.078349 0.076470
v -0.032889 0.073494 -0.021267
v -0.003393 0.080053 0.044331
v 0.001609 0.079978 0.041217
v -0.017396 0.078058 0.081085
v 0.001426 0.079655 0.042582
v -0.001787 0.079906 0.045507
v 0.001199 0.080023 0.044142
v -0.016240 0.077533 0.080530
v -0.014103 0.077929 0.079800
v -0.012965 0.078403 0.077715
v 0.003794 0.079856 0.043766
v -0.032419 0.079399 -0.025862
v -0.012443 0.077833 0.079385
v -0.012887 0.077702 0.081270
v -0.022655 0.079165 0.069892
v -0.032645 0.076175 -0.021391
v -0.004176 0.079895 0.046369
v -0.017671 0.078576 0.071377
v -0.005957 0.079923 0.048928
v -0.031429 0.080501 -0.027449
v -0.001885 0.079714 0.049313
v -0.028101 0.080587 -0.030611
v -0.014708 0.078260 0.070953
v 0.000364 0.079879 0.046949
v -0.014105 0.078298 0.072741
v -0.025861 0.081132 -0.030437
v -0.015536 0.078250 0.074296
v -0.012610 0.077960 0.075266
v 0.000159 0.079702 0.050048
v 0.001596 0.079519 0.050289
v -0.028615 0.080451 -0.026529
v -0.007789 0.077876 0.072789
v -0.005965 0.077350 0.074849
v -0.010993 0.077694 0.074918
v -0.011840 0.078054 0.076284
v -0.027730 0.080620 -0.024544
v -0.026194 0.080866 -0.026833
v -0.009503 0.077771 0.076211
v -0.032114 0.079975 -0.022245
v -0.000379 0.079357 0.053127
v -0.031160 0.080547 -0.022180
v -0.027960 0.080526 -0.022641
v -0.011741 0.077675 0.077527
v -0.024157 0.080404 -0.023224
v -0.008701 0.077340 0.077877
v -0.009381 0.077395 0.080271
v -0.011609 0.078211 0.081185
v -0.011748 0.078042 0.082477
v -0.033291 0.077610 0.079637
v -0.033271 0.079375 0.076885
v 0.008431 0.079951 -0.017739
v -0.026092 0.081030 -0.024796
v -0.033368 0.078932 0.079084
v 0.013499 0.079818 -0.017513
v -0.031043 0.080272 0.076996
v -0.032950 0.079678 0.080263
v -0.034272 0.035161 0.057136
v -0.034268 0.029474 0.057327
v -0.034284 0.039838 0.050569
v -0.031770 0.080208 0.080709
v -0.029358 0.079812 0.079050
v 0.010771 0.079995 -0.016528
v -0.033428 0.079044 0.084014
v 0.015402 0.079905 -0.016574
v -0.032692 0.080087 0.084942
v -0.032863 0.076280 -0.018863
v 0.012246 0.079724 -0.013643
v -0.033059 0.074869 -0.016631
v -0.032591 0.077972 -0.018777
v -0.026804 0.079553 0.079040
v -0.032576 0.079033 -0.021680
v 0.020052 0.079621 -0.015388
v -0.032603 0.079417 -0.018085
v 0.021678 0.079146 -0.018427
v -0.031330 0.080532 -0.019339
v -0.025374 0.079794 0.080621
v -0.027768 0.079512 0.082243
v -0.025810 0.079836 0.083353
v 0.022090 0.079326 -0.015666
v -0.023192 0.078674 0.082387
v -0.034211 0.040163 0.055317
v -0.032807 0.076174 -0.013976
v -0.032524 0.079219 -0.016058
v -0.019635 0.079200 0.079896
v -0.034193 0.045825 0.046332
v -0.031543 0.080536 -0.016309
v -0.022223 0.078315 0.083993
v -0.032416 0.078285 -0.012215
v -0.032625 0.079420 -0.014179
v -0.032426 0.079570 -0.010049
v -0.034213 0.042984 0.056794
v 0.016449 0.079680 -0.013658
v -0.031252 0.080609 -0.013137
v -0.034124 0.046316 0.051752
v -0.028650 0.079649 0.088014
v -0.026963 0.079492 0.084848
v -0.030454 0.080003 0.084769
v -0.034129 0.039590 0.059924
v 0.019483 0.079565 -0.013281
v -0.032882 0.073753 -0.010097
v -0.034146 0.043328 0.059659
v -0.027872 0.080497 -0.017944
v 0.021655 0.079250 -0.012453
v 0.023101 0.079431 -0.014341
v -0.027814 0.080534 -0.013586
v -0.034104 0.047582 0.054367
v -0.034133 0.045092 0.057277
v 0.019464 0.079582 -0.008373
v -0.023528 0.078928 0.087096
v -0.026112 0.081145 -0.012497
v -0.026342 0.081019 -0.015066
v -0.026161 0.079788 0.086336
v -0.024856 0.079664 0.087784
v -0.034098 0.043880 0.064195
v -0.034059 0.047406 0.059852
v -0.025767 0.080170 0.087660
v -0.024667 0.080470 -0.013037
v -0.026167 0.080818 -0.020573
v -0.019348 0.078956 0.083153
v -0.027564 0.080573 -0.020398
v -0.014373 0.077973 0.082185
v -0.024577 0.080471 -0.017702
v -0.026175 0.081127 -0.018714
v -0.020348 0.078998 0.083984
v -0.018365 0.078334 0.084178
v -0.015670 0.078081 0.084624
v 0.021600 0.079078 -0.009288
v -0.020995 0.080417 -0.018324
v -0.013472 0.077871 0.083934
v -0.010477 0.077639 0.083413
v -0.011372 0.078053 0.086265
v -0.014099 0.078714 0.087882
v -0.024216 0.080255 -0.015937
v -0.034326 0.029487 0.059271
v -0.021203 0.078884 0.085631
v -0.034162 0.031822 0.060775
v -0.018949 0.078913 0.087587
v -0.016517 0.078056 0.086226
v -0.019892 0.078928 0.088236
v -0.017199 0.078679 0.088479
v -0.034217 0.027250 0.062133
v -0.034116 0.028768 0.060971
v -0.013274 0.079523 0.090353
v -0.034023 0.042415 0.070657
v -0.034090 0.035018 0.064938
v -0.018075 0.079699 0.091555
v -0.016162 0.080250 0.093166
v -0.015223 0.079532 0.091708
v -0.032989 0.079555 0.089422
v -0.033309 0.078809 0.090962
v -0.034205 0.034886 0.061118
v -0.033513 0.060915 -0.000976
v -0.032153 0.080170 0.088606
v -0.030327 0.080027 0.089299
v -0.029408 0.080185 0.091698
v -0.033968 0.038751 0.076429
v -0.033916 0.034399 0.077804
v -0.031842 0.080491 0.092764
v -0.033929 0.035658 0.080111
v -0.031117 0.080461 0.091569
v -0.027761 0.080392 0.091004
v -0.026689 0.080000 0.089262
v -0.033612 0.060912 0.002620
v -0.025462 0.079821 0.091288
v -0.027467 0.080501 0.093532
v -0.023857 0.079492 0.089391
v -0.033384 0.079025 0.093724
v -0.032538 0.080071 0.095654
v -0.029943 0.080699 0.094179
v -0.033230 0.079235 0.097224
v -0.033015 0.070124 0.000545
v -0.024410 0.080706 0.094870
v -0.027024 0.080959 0.096307
v -0.032312 0.080261 0.099278
v -0.030248 0.080635 0.098895
v -0.021297 0.079988 0.091705
v -0.032865 0.072109 -0.006949
v -0.023896 0.080113 0.091871
v -0.021587 0.080595 0.094945
v -0.018726 0.080488 0.093518
v -0.018409 0.080542 0.095299
v -0.034095 0.050701 0.046525
v -0.011696 0.079794 0.093220
v -0.014335 0.079945 0.093626
v -0.015296 0.080413 0.094380
v -0.026644 0.080940 0.098039
v -0.023141 0.081378 0.098181
v -0.032802 0.074303 -0.001712
v -0.033864 0.034604 0.083499
v -0.033909 0.056548 0.047438
v -0.019963 0.081290 0.098081
v -0.033989 0.037579 0.081128
v -0.033918 0.038347 0.085483
v -0.017384 0.081443 0.099219
v -0.033968 0.042752 0.079478
v -0.012813 0.081048 0.097989
v -0.033899 0.038879 0.082838
v -0.033926 0.041154 0.081722
v -0.034020 0.051077 0.055802
v -0.031696 0.069176 0.105332
v -0.033380 0.069686 0.101483
v -0.032688 0.069964 0.102822
v -0.032778 0.074181 0.003482
v -0.031014 0.060349 0.105883
v -0.033967 0.047955 0.078745
v -0.031173 0.062975 0.105943
v -0.033899 0.047381 0.082254
v -0.028829 0.062746 0.105723
v -0.031114 0.066507 0.105791
v -0.032476 0.077466 -0.007150
v -0.032527 0.075371 -0.004529
v -0.030980 0.070205 0.105754
v -0.026378 0.064885 0.105562
v -0.033834 0.059047 0.053006
v -0.032648 0.079030 -0.006943
v -0.031185 0.080532 -0.009140
v -0.028330 0.080436 -0.008443
v -0.019437 0.069848 0.105357
v -0.025337 0.070263 0.105478
v -0.027099 0.070018 0.105636
v -0.032375 0.079816 -0.006701
v -0.033033 0.072844 0.102230
v -0.033021 0.074964 0.101643
v -0.026368 0.080903 -0.008921
v -0.031633 0.072763 0.105381
v -0.025230 0.080514 -0.006767
v -0.032996 0.076335 0.103294
v -0.028049 0.080541 -0.005714
v -0.032861 0.078589 0.100417
v -0.032352 0.078172 -0.003437
v -0.032684 0.079160 -0.004358
v -0.032127 0.076552 0.104889
v -0.032296 0.077816 0.104458
v -0.032523 0.079476 0.102362
v -0.030961 0.073428 0.105722
v -0.030755 0.077211 0.105622
v -0.032387 0.078883 0.104906
v -0.031878 0.080118 0.104743
v -0.031790 0.080336 0.101995
v -0.031764 0.079269 0.105366
v -0.028000 0.077644 0.105439
v -0.027219 0.078324 0.104402
v -0.028402 0.079908 0.104459
v -0.025749 0.071777 0.105605
v -0.026902 0.075018 0.105520
v -0.019628 0.071267 0.105542
v -0.024182 0.077208 0.105455
v -0.021553 0.073280 0.105430
v -0.021535 0.076896 0.105401
v -0.019650 0.075305 0.105537
v -0.029800 0.080645 0.101915
v -0.026766 0.081693 0.102984
v -0.026884 0.081069 0.101286
v -0.029869 0.081139 0.104256
v -0.028043 0.081217 0.103849
v -0.030356 0.080578 0.104867
v -0.024448 0.081292 0.100609
v -0.024963 0.078703 0.104142
v -0.023562 0.081932 0.102303
v -0.024019 0.081537 0.103433
v -0.020149 0.081749 0.102584
v -0.020994 0.078252 0.103974
v -0.023095 0.080183 0.104052
v -0.020020 0.080061 0.103965
v -0.017502 0.076451 0.105397
v -0.016719 0.077785 0.104020
v -0.016979 0.080038 0.103899
v -0.021249 0.081618 0.100511
v -0.018005 0.082018 0.101487
v -0.016256 0.081254 0.102924
v -0.026609 0.080194 0.104365
v 0.030592 0.064924 0.069303
v 0.030970 0.061972 0.069031
v 0.030354 0.062149 0.065236
v 0.032593 0.039449 0.095239
v 0.031344 0.042631 0.098775
v 0.031123 0.036300 0.098803
v 0.027568 0.002584 0.007895
v 0.027305 0.001939 0.011364
v 0.032424 0.035982 0.095539
v 0.026677 0.003787 0.015660
v 0.027127 0.005405 0.012257
v 0.029779 0.068650 0.063741
v 0.030077 0.067479 0.066751
v 0.030002 0.065822 0.063387
v 0.029535 0.069752 0.061241
v 0.029522 0.069704 0.067428
v 0.032575 0.042833 0.095619
v 0.033426 0.042580 0.090403
v 0.028003 0.012111 0.048988
v 0.027740 0.013774 0.047289
v 0.027889 0.013273 0.050231
v 0.032896 0.044667 0.094081
v 0.027124 -0.003183 0.012165
v 0.027999 0.015314 0.049990
v 0.027723 0.017076 0.047241
v 0.027294 0.013542 0.044365
v 0.028036 0.017231 0.049684
v 0.028918 0.073095 0.067602
v 0.028545 0.015156 0.051304
v 0.028741 0.017939 0.051664
v 0.032585 0.043977 0.096535
v 0.031235 0.061809 0.073793
v 0.030935 0.060947 0.070790
v 0.030365 0.065593 0.071623
v 0.027678 0.020512 0.046689
v 0.027340 0.020064 0.044261
v 0.032191 0.046257 0.097357
v 0.031490 0.046463 0.098858
v 0.030176 0.035643 0.100016
v 0.029752 0.037783 0.101145
v 0.029490 0.034073 0.101574
v 0.027817 0.022793 0.048047
v 0.027419 0.022500 0.045098
v 0.030275 0.042295 0.100195
v 0.028028 0.020932 0.049356
v 0.028013 0.019239 0.050584
v 0.028626 0.020062 0.052007
v 0.027960 0.041923 0.104398
v 0.028755 0.037803 0.102685
v 0.028133 0.020953 0.050989
v 0.026890 0.000317 0.013562
v 0.030137 0.066361 0.075333
v 0.027709 0.039592 0.104914
v 0.027528 0.036967 0.104909
v 0.029436 0.070017 0.072502
v 0.028385 0.023117 0.051113
v 0.027894 0.024545 0.048520
v 0.026280 -0.001715 0.018714
v 0.028597 0.021387 0.053538
v 0.028613 0.025620 0.052482
v 0.005082 0.079820 0.045898
v 0.027781 0.028474 0.047219
v 0.027345 0.025714 0.044531
v 0.027098 0.027788 0.041937
v 0.005821 0.079638 0.043062
v 0.006147 0.080008 0.041436
v 0.027103 0.024250 0.041918
v 0.027861 0.024213 0.047198
v 0.009625 0.079415 0.042728
v 0.009901 0.079769 0.041436
v 0.030460 0.047385 0.100209
v 0.007949 0.079785 0.044219
v 0.026244 -0.002950 0.020849
v 0.028841 0.044707 0.102859
v 0.028018 0.026203 0.049169
v 0.009489 0.079649 0.045364
v 0.012547 0.079779 0.045761
v 0.012533 0.079246 0.043015
v 0.032915 0.050053 0.093231
v 0.032885 0.045686 0.093220
v 0.033403 0.053596 0.091528
v 0.014293 0.079529 0.043391
v 0.015778 0.079557 0.046068
v 0.007488 0.079639 0.048691
v 0.026355 0.000785 0.019318
v 0.027366 0.030852 0.044130
v 0.009184 0.079388 0.050713
v 0.013556 0.079525 0.048516
v 0.003166 0.079666 0.049313
v 0.027572 0.032587 0.046142
v 0.005219 0.079517 0.050655
v 0.026359 0.004079 0.019945
v 0.031998 0.049848 0.098267
v 0.032079 0.051580 0.098416
v 0.028083 0.026954 0.051017
v 0.028015 0.025108 0.051072
v 0.032906 0.054209 0.093798
v 0.006217 0.079308 0.051477
v 0.027227 0.003536 0.010680
v 0.003287 0.079442 0.052011
v 0.028779 0.027630 0.054683
v 0.007531 0.079464 0.053313
v 0.028335 0.027332 0.051696
v 0.028339 0.029786 0.051175
v 0.030763 0.054894 0.100306
v 0.027629 0.005758 0.010852
v 0.028436 0.029585 0.053113
v 0.032197 0.055433 0.097148
v 0.032614 0.056580 0.094944
v 0.027790 0.034893 0.046705
v 0.028091 0.032913 0.050455
v 0.011131 0.079455 0.051350
v 0.031871 0.053207 0.098684
v 0.027369 0.007964 0.011412
v 0.009917 0.079873 0.053143
v 0.015785 0.079630 0.044429
v 0.017617 0.079363 0.043275
v 0.031981 0.057055 0.098916
v 0.018996 0.079546 0.044523
v 0.028530 0.032015 0.052682
v 0.028599 0.034782 0.053372
v 0.028155 0.036916 0.050107
v 0.015277 0.079273 0.052074
v 0.027103 0.043135 0.040903
v 0.026965 0.038113 0.039477
v 0.026731 0.038646 0.035058
v 0.027526 0.011314 0.009887
v 0.019967 0.079368 0.048633
v 0.026980 0.045045 0.038894
v 0.023668 0.079309 0.047118
v 0.020955 0.079610 0.044017
v 0.027312 0.036046 0.043461
v 0.026875 0.031975 0.038928
v 0.021048 0.079193 0.051336
v 0.032292 0.048534 0.097551
v 0.012915 0.079386 0.051926
v 0.026912 0.010654 0.015040
v 0.026289 0.008296 0.021473
v 0.012138 0.079173 0.053535
v 0.014300 0.078718 0.053426
v 0.027388 0.041750 0.044057
v 0.015808 0.078848 0.055858
v 0.027644 0.038176 0.046269
v 0.027381 0.011346 0.012060
v 0.017784 0.079126 0.053602
v 0.027496 0.014206 0.012373
v 0.027206 0.013055 0.012759
v 0.013394 0.025517 0.105679
v 0.010344 0.028442 0.105771
v 0.022469 0.078965 0.054936
v 0.028102 0.038876 0.049742
v 0.022241 0.079381 0.043806
v 0.027722 0.040670 0.046259
v 0.001581 0.079645 0.054344
v 0.027752 0.043598 0.046520
v 0.015939 0.027369 0.105506
v 0.014711 0.032678 0.105605
v 0.005187 0.079647 0.053291
v 0.027455 0.045774 0.044424
v 0.028073 0.041529 0.049637
v 0.004282 0.079089 0.054897
v 0.019483 0.030402 0.105459
v 0.005028 0.078862 0.057020
v 0.026288 -0.000027 0.021165
v 0.025920 -0.001388 0.022997
v 0.009545 0.079031 0.054620
v 0.028905 0.029794 0.055960
v 0.018592 0.034645 0.105471
v 0.007168 0.078859 0.056005
v 0.007399 0.078436 0.057816
v 0.028931 0.028753 0.057695
v 0.029539 0.029438 0.059082
v 0.029157 0.031835 0.056679
v 0.010727 0.078602 0.058232
v 0.026091 0.001083 0.023102
v 0.003776 0.078425 0.058792
v 0.000655 0.078478 0.059530
v 0.029018 0.034606 0.054920
v 0.004896 0.078569 0.059945
v 0.002913 0.078535 0.061012
v 0.026210 0.003227 0.021551
v 0.015590 0.038763 0.105539
v 0.011605 0.036420 0.105678
v 0.008465 0.078563 0.060152
v 0.029015 0.035909 0.055998
v 0.004736 0.078287 0.062946
v 0.029642 0.034154 0.059342
v 0.008078 0.078270 0.062790
v 0.005818 0.077905 0.066354
v 0.029729 0.030602 0.060675
v 0.013103 0.078963 0.055900
v 0.025209 0.032236 0.105251
v 0.029915 0.036763 0.061419
v 0.013476 0.078353 0.057348
v 0.026212 0.005947 0.021577
v 0.030155 0.034826 0.061950
v 0.028048 0.038140 0.051317
v 0.011623 0.078568 0.059671
v 0.014585 0.078548 0.059772
v 0.028409 0.041039 0.051916
v 0.028627 0.037069 0.052623
v 0.026188 0.000648 0.028620
v 0.018267 0.078745 0.058341
v 0.028664 0.037450 0.053923
v 0.019976 0.039681 0.105435
v 0.017772 0.042118 0.105373
v 0.028133 0.043251 0.049925
v 0.022980 0.035809 0.105338
v 0.011449 0.078189 0.064084
v 0.028656 0.043042 0.053321
v 0.026064 0.002744 0.025575
v 0.028139 0.044289 0.051116
v 0.028284 0.044635 0.053581
v 0.028340 0.045807 0.051273
v 0.028748 0.045460 0.053736
v 0.025494 0.037804 0.105179
v 0.026156 0.005003 0.024297
v 0.026144 0.006966 0.028326
v 0.029398 0.042188 0.058299
v 0.018866 0.078369 0.063499
v 0.026240 0.003996 0.031507
v 0.026185 0.008910 0.025251
v 0.014937 0.077839 0.067967
v 0.028803 0.045006 0.056983
v 0.029271 0.046612 0.057754
v 0.028240 0.073093 0.052539
v 0.028369 0.067923 0.052993
v 0.028096 0.068056 0.050251
v 0.027984 0.071284 0.048684
v 0.028092 0.074127 0.050077
v 0.025050 0.046384 0.105156
v 0.019398 0.044792 0.105396
v 0.028745 0.070696 0.055624
v 0.029398 0.043938 0.059161
v 0.026944 0.014082 0.015501
v 0.027318 0.015467 0.012387
v 0.026262 0.011454 0.022250
v 0.026531 0.011970 0.021010
v 0.029453 0.045069 0.058019
v 0.028224 0.078112 0.051614
v 0.027976 0.075547 0.046454
v 0.028162 0.078123 0.047760
v 0.026514 0.013668 0.019710
v 0.023956 0.079215 0.050936
v 0.027697 0.078786 0.053380
v 0.027348 0.078945 0.049995
v 0.026635 0.017578 0.019786
v 0.027151 0.041302 0.104938
v 0.030034 0.043044 0.062106
v 0.030510 0.044290 0.061954
v 0.029512 0.045313 0.059857
v 0.028314 0.076140 0.054016
v 0.029939 0.047797 0.061002
v 0.026476 0.016805 0.022914
v 0.029938 0.045927 0.062334
v 0.026534 0.014607 0.023174
v 0.030948 0.044532 0.065276
v 0.028763 0.074194 0.057135
v 0.029162 0.072192 0.059451
v 0.026298 0.014518 0.024517
v 0.030592 0.047750 0.065472
v 0.030653 0.046246 0.066521
v 0.019475 0.048766 0.105360
v 0.028459 0.075420 0.057858
v 0.027432 0.044481 0.104874
v 0.031250 0.050509 0.068440
v 0.031138 0.049423 0.069232
v 0.028198 0.003042 0.050489
v 0.028639 0.003929 0.051576
v 0.026117 0.079259 0.049120
v 0.025966 0.079054 0.056092
v 0.028079 0.005083 0.050482
v 0.027913 0.003869 0.050365
v 0.029801 0.050699 0.101614
v 0.028607 0.006027 0.052224
v 0.027721 0.048867 0.104829
v 0.027743 0.046534 0.104844
v 0.028269 0.008453 0.051175
v 0.028533 0.007259 0.053306
v 0.029306 0.007888 0.058762
v 0.028158 0.077821 0.055433
v 0.027899 0.007574 0.049057
v 0.027516 0.078710 0.058079
v 0.027843 0.009823 0.048491
v 0.028261 0.077563 0.059716
v 0.027857 0.010249 0.051301
v 0.028433 0.011535 0.050281
v 0.028559 0.011262 0.052153
v 0.026292 0.012846 0.026770
v 0.028626 0.011109 0.054106
v 0.028972 0.068481 0.057746
v 0.017414 0.047285 0.105355
v 0.026940 0.079398 0.044653
v 0.029496 0.010431 0.059657
v 0.027295 0.079035 0.046542
v 0.020770 0.053272 0.105251
v 0.017054 0.051416 0.105330
v 0.029401 0.005552 0.060448
v 0.028760 0.074034 0.062171
v 0.028300 0.076496 0.065336
v 0.029444 0.007910 0.060639
v 0.022680 0.078748 0.059218
v 0.028593 0.015374 0.053658
v 0.023826 0.078485 0.063927
v 0.026290 0.078839 0.060774
v 0.029884 0.012914 0.062199
v 0.027786 0.017172 0.008581
v 0.027553 0.078564 0.062194
v 0.028284 0.077722 0.064081
v 0.025616 0.051373 0.105040
v 0.027876 0.054050 0.104664
v 0.026956 0.078616 0.065642
v 0.027444 0.019697 0.011931
v 0.019641 0.077944 0.069634
v 0.023777 0.078358 0.066637
v 0.029967 0.008125 0.062803
v 0.027598 0.078352 0.067550
v 0.029781 0.010001 0.060803
v 0.029943 0.009744 0.063558
v 0.027852 0.056454 0.104609
v 0.030462 0.060026 0.101162
v 0.027830 0.060195 0.104667
v 0.026732 0.078607 0.071586
v 0.030558 0.009268 0.065777
v 0.027987 0.024634 0.007823
v 0.030288 0.011340 0.064505
v 0.027495 0.023298 0.012349
v 0.028445 0.024647 0.004242
v 0.017602 0.054582 0.105315
v 0.018927 0.059977 0.105264
v 0.025265 0.057614 0.105048
v 0.028340 0.075280 0.070689
v 0.030752 0.008300 0.068790
v 0.030845 0.010653 0.068246
v 0.030309 0.011155 0.067270
v 0.031234 0.010369 0.070693
v 0.028231 0.077582 0.068256
v 0.028098 0.076987 0.071908
v 0.030855 0.012353 0.067710
v 0.031545 0.050516 0.070913
v 0.030710 0.052019 0.066545
v 0.028691 0.028227 0.002716
v 0.031125 0.014819 0.070178
v 0.031693 0.052285 0.072701
v 0.028107 0.028847 0.006791
v 0.022624 0.061278 0.105092
v 0.031010 0.012496 0.070316
v 0.032093 0.050241 0.074024
v 0.031312 0.013386 0.071813
v 0.032739 0.050165 0.077799
v 0.032411 0.051261 0.077184
v 0.031367 0.007528 0.070736
v 0.025885 0.061201 0.104931
v 0.031208 0.008859 0.071751
v 0.031592 0.057887 0.072897
v 0.032831 0.052580 0.080219
v 0.031742 0.058359 0.076285
v 0.029606 0.021012 0.060039
v 0.030578 0.058055 0.066215
v 0.030088 0.020273 0.062955
v 0.031461 0.059309 0.073545
v -0.001933 0.078249 0.064187
v 0.031010 0.060592 0.075870
v -0.002168 0.078560 0.061170
v 0.028529 0.077630 -0.013017
v 0.029414 0.026555 0.058635
v 0.000494 0.078138 0.064331
v 0.028867 0.075505 -0.012833
v 0.029607 0.022587 0.060837
v 0.028003 0.031112 0.008556
v -0.003210 0.077803 0.068796
v 0.029370 0.025965 0.059772
v 0.026926 0.079430 -0.016410
v 0.028251 0.037257 0.006906
v 0.028099 0.078799 -0.017153
v 0.030916 0.021007 0.068015
v 0.027836 0.079344 -0.014631
v 0.027490 0.018004 0.013685
v 0.027049 0.016463 0.015039
v 0.024286 0.079441 -0.011918
v 0.030491 0.021876 0.063154
v 0.026728 0.079474 -0.009358
v 0.030908 0.022224 0.065935
v 0.022607 0.079564 -0.010284
v 0.001786 0.077736 0.068338
v 0.030300 0.023802 0.064664
v 0.029888 0.025365 0.061501
v 0.029765 0.027550 0.061246
v 0.023482 0.079527 -0.007974
v 0.027431 0.022032 0.014206
v 0.028666 0.076288 -0.010537
v 0.028992 0.073167 -0.010996
v 0.030814 0.026238 0.067122
v 0.028791 0.074902 -0.008046
v 0.027942 0.079191 -0.012597
v 0.030732 0.023038 0.067001
v 0.028522 0.078014 -0.009062
v 0.030445 0.024755 0.067526
v 0.027959 0.078943 -0.010335
v 0.027118 0.023915 0.015932
v 0.028252 0.078471 -0.005954
v -0.004329 0.077658 0.072516
v -0.000952 0.077479 0.071520
v 0.021760 0.079371 -0.007028
v 0.030560 0.030084 0.065370
v 0.027094 0.079453 -0.006261
v 0.030392 0.032837 0.064150
v 0.021523 0.079217 -0.004548
v 0.027367 0.026535 0.015314
v 0.022672 0.079542 -0.005388
v 0.023421 0.079578 -0.001097
v 0.025065 0.079499 -0.004877
v 0.004352 0.077433 0.070473
v 0.029880 0.032721 0.061615
v 0.028378 0.078293 -0.003735
v 0.028341 0.077759 -0.001700
v 0.003042 0.077254 0.073292
v 0.001187 0.077071 0.074383
v 0.027593 0.079181 -0.002383
v 0.026926 0.079458 -0.000794
v 0.031318 0.007987 0.073812
v 0.008076 0.077541 0.069352
v 0.026743 0.024270 0.020696
v 0.021420 0.079207 -0.001714
v 0.031660 0.011930 0.073985
v 0.031916 0.009700 0.075893
v 0.031743 0.008056 0.075132
v 0.021360 0.079313 0.000635
v 0.011714 0.077471 0.070690
v 0.026997 0.026380 0.016892
v 0.026592 0.026563 0.023040
v 0.032291 0.010704 0.079050
v 0.028653 0.073988 -0.000838
v 0.028357 0.076454 0.001627
v 0.028331 0.078402 0.001549
v 0.031797 0.013564 0.074457
v 0.032355 0.013917 0.077998
v 0.032019 0.015789 0.076223
v 0.005157 0.077333 0.072934
v 0.027692 0.030174 0.011056
v 0.027308 0.079489 0.003678
v 0.027404 0.028640 0.014574
v 0.032414 0.012200 0.080749
v 0.021055 0.079462 0.003333
v 0.024112 0.079485 0.004074
v 0.005101 0.076860 0.074935
v 0.032818 0.011888 0.083124
v 0.032899 0.015084 0.083048
v 0.006941 0.076996 0.074903
v 0.009319 0.077252 0.072993
v 0.026955 0.079509 0.006620
v 0.009172 0.076875 0.075104
v 0.027314 0.031413 0.014843
v 0.022924 0.079612 0.006132
v 0.028231 0.077972 0.005268
v 0.013582 0.077087 0.074977
v 0.027925 0.078876 0.006011
v 0.015056 0.077436 0.073553
v 0.015760 0.077433 0.071905
v 0.028217 0.078131 0.009407
v 0.027319 0.079259 0.009913
v 0.026350 0.079576 0.010589
v 0.032470 0.016181 0.081038
v 0.032673 0.017896 0.080884
v 0.010311 0.076934 0.076120
v 0.011596 0.076831 0.074873
v 0.027868 0.036200 0.009854
v -0.014814 0.036256 0.105436
v -0.011849 0.031912 0.105586
v 0.012266 0.077310 0.076875
v 0.027641 0.036083 0.012860
v -0.010603 0.032624 0.106247
v -0.006306 0.033546 0.106248
v -0.011810 0.033625 0.105264
v 0.027110 0.029998 0.017644
v -0.011596 0.036286 0.105436
v 0.026792 0.031776 0.020241
v -0.010183 0.037451 0.106318
v 0.031065 0.025045 0.070632
v 0.031170 0.023424 0.070639
v -0.002077 0.077221 0.074810
v -0.012288 0.038446 0.105344
v -0.003493 0.077484 0.076379
v 0.031785 0.022708 0.073936
v 0.031769 0.024498 0.072604
v -0.004726 0.077039 0.078274
v 0.026623 0.028778 0.022592
v 0.030930 0.028211 0.067653
v 0.031758 0.027795 0.073013
v 0.026915 0.029810 0.021664
v -0.000906 0.076921 0.077453
v 0.031922 0.024229 0.074297
v 0.031616 0.025923 0.073269
v 0.027215 0.035506 0.016782
v -0.023881 0.037943 0.105869
v 0.000238 0.077281 0.076393
v 0.004104 0.077182 0.076384
v -0.019786 0.038059 0.105664
v 0.032363 0.026550 0.077709
v 0.032483 0.024997 0.078005
v 0.026961 0.034205 0.020592
v 0.032366 0.030023 0.078044
v 0.002318 0.076661 0.078663
v 0.032855 0.023584 0.081762
v -0.024644 0.043419 0.105844
v -0.021374 0.042032 0.105708
v 0.032569 0.024472 0.079980
v -0.021508 0.046455 0.105625
v 0.032667 0.014730 0.084206
v -0.007272 0.076791 0.080602
v 0.033248 0.011695 0.085108
v -0.005250 0.077023 0.081504
v -0.017751 0.043945 0.105488
v -0.006537 0.077263 0.082408
v 0.033108 0.017063 0.085762
v -0.015423 0.041864 0.105394
v -0.003537 0.077392 0.081790
v -0.001515 0.076778 0.079022
v 0.032795 0.016591 0.083040
v -0.001900 0.076633 0.083560
v 0.000198 0.076390 0.080119
v -0.004361 0.077298 0.083075
v -0.003813 0.076928 0.083965
v 0.026288 0.008973 0.031882
v 0.000813 0.076311 0.081869
v -0.011684 0.039847 0.105326
v 0.005032 0.076687 0.077574
v 0.032213 0.015558 0.093298
v -0.010271 0.040060 0.106283
v 0.032785 0.018355 0.091090
v -0.006518 0.039550 0.106220
v 0.005413 0.076499 0.079210
v 0.026603 0.004336 0.037735
v 0.007221 0.077119 0.076424
v -0.017332 0.048182 0.105516
v -0.012888 0.046933 0.105311
v -0.018159 0.050370 0.105459
v 0.032676 0.029044 0.080111
v -0.016684 0.053298 0.105388
v -0.013411 0.051319 0.105297
v 0.008609 0.076739 0.077753
v 0.009877 0.076500 0.077600
v 0.013011 0.076987 0.078602
v -0.022171 0.049982 0.105647
v 0.032936 0.025561 0.083622
v 0.026533 0.009318 0.036445
v -0.022058 0.052151 0.105541
v 0.032512 0.026526 0.079757
v 0.033030 0.026209 0.081728
v 0.010524 0.076108 0.082563
v 0.033109 0.027705 0.084056
v 0.033168 0.028823 0.083552
v 0.026326 0.018293 0.024975
v 0.003656 0.076927 0.082174
v 0.002549 0.076618 0.081213
v 0.005891 0.076057 0.083054
v 0.033310 0.025911 0.086993
v 0.002197 0.076743 0.084483
v 0.026358 0.014292 0.032108
v -0.011867 0.045174 0.105273
v 0.033327 0.026973 0.085029
v 0.004284 0.076187 0.084033
v 0.033314 0.030322 0.085766
v 0.033185 0.028821 0.087616
v -0.010253 0.044046 0.106279
v 0.009419 0.076058 0.085161
v -0.006278 0.043437 0.106161
v 0.026338 0.017632 0.028303
v 0.030577 0.030590 0.066898
v 0.030800 0.032304 0.066468
v 0.030751 0.033405 0.067590
v 0.031252 0.031168 0.070010
v 0.031255 0.034819 0.068747
v -0.011526 0.050259 0.105237
v -0.010407 0.047828 0.106193
v -0.010013 0.051432 0.106145
v 0.030835 0.034902 0.066681
v 0.016998 0.077084 0.074820
v 0.016119 0.077312 0.076453
v 0.030249 0.035931 0.064093
v 0.026572 0.013691 0.036556
v -0.003696 0.046684 0.106079
v -0.005133 0.048836 0.106160
v -0.007365 0.050053 0.106051
v 0.018014 0.077338 0.077546
v 0.020220 0.077620 0.075935
v 0.030887 0.037273 0.067445
v 0.030709 0.063410 0.076362
v -0.006714 0.052566 0.106109
v 0.031208 0.061974 0.077767
v 0.031701 0.030523 0.072998
v 0.001337 0.027725 0.106007
v 0.026466 0.019368 0.033467
v 0.030936 0.062022 0.080627
v 0.029931 0.066409 0.081772
v 0.031814 0.034168 0.073307
v 0.031216 0.035632 0.069661
v -0.000732 0.032721 0.106103
v 0.029257 0.070331 0.078298
v 0.028724 0.073476 0.073930
v 0.031338 0.038053 0.070256
v 0.001912 0.030722 0.105942
v 0.027303 0.002454 0.044339
v -0.002182 0.036910 0.106090
v 0.028218 0.075107 0.075757
v 0.027217 0.005291 0.043461
v 0.027659 0.002539 0.045469
v 0.031199 0.042342 0.069122
v 0.030777 0.043600 0.066757
v 0.001462 0.034018 0.105929
v 0.026987 0.009624 0.041191
v 0.029313 0.069283 0.080307
v 0.029043 0.070062 0.083574
v 0.030768 0.044744 0.068792
v 0.030995 0.044575 0.071328
v 0.031899 0.042718 0.073709
v 0.007725 0.030411 0.105807
v 0.031405 0.047196 0.069973
v 0.027317 0.009372 0.043951
v 0.027405 0.010724 0.045281
v 0.028495 0.073491 0.080011
v 0.032553 0.033414 0.078720
v 0.027623 0.008572 0.045842
v 0.028094 0.074459 0.083120
v 0.032501 0.036029 0.078373
v 0.032879 0.034177 0.081320
v 0.006110 0.034611 0.105849
v 0.014343 0.076847 0.077944
v 0.014537 0.076449 0.080200
v 0.032168 0.035348 0.076480
v 0.032192 0.036812 0.075617
v 0.031748 0.038029 0.073792
v 0.032344 0.038704 0.076788
v 0.017500 0.077007 0.080494
v 0.013597 0.076537 0.082341
v 0.012643 0.076226 0.084064
v 0.016150 0.076389 0.082642
v 0.014224 0.076073 0.084479
v 0.032823 0.035563 0.082608
v 0.032972 0.036789 0.082213
v 0.026816 0.017335 0.039210
v 0.019724 0.077356 0.077502
v 0.032899 0.042656 0.081014
v -0.001498 0.040870 0.106091
v 0.021811 0.077470 0.081032
v 0.019812 0.077482 0.081128
v 0.000330 0.038413 0.105935
v 0.033064 0.035442 0.085396
v -0.001808 0.043292 0.106010
v 0.018792 0.077713 0.082354
v 0.017577 0.076764 0.083290
v 0.033261 0.032607 0.085600
v 0.006387 0.039843 0.105779
v 0.021762 0.077433 0.083917
v 0.026883 0.021412 0.039552
v 0.002808 0.041745 0.105908
v 0.033330 0.034369 0.085585
v 0.026625 0.024162 0.036028
v 0.010878 0.076185 0.085830
v 0.013188 0.076284 0.086621
v 0.001540 0.046409 0.105904
v 0.010223 0.077145 0.089309
v 0.031344 0.044615 0.074161
v 0.027279 0.016525 0.043545
v 0.032008 0.044838 0.076874
v 0.032461 0.043688 0.078062
v 0.004996 0.046270 0.105741
v 0.015526 0.076090 0.087508
v 0.017574 0.076410 0.087758
v 0.031837 0.046319 0.073195
v 0.016335 0.076242 0.085238
v 0.031755 0.048710 0.072581
v 0.018852 0.077388 0.086405
v 0.032406 0.046245 0.076833
v 0.032267 0.048546 0.076541
v 0.020770 0.077194 0.087083
v 0.012630 0.042555 0.105633
v 0.019151 0.076557 0.088629
v 0.015488 0.076977 0.089987
v 0.018885 0.076419 0.089411
v 0.033329 0.042437 0.086112
v 0.032906 0.045092 0.081773
v 0.029651 0.066718 0.085954
v 0.007202 0.043250 0.105743
v 0.029242 0.068285 0.088951
v 0.028893 0.069648 0.086358
v 0.032751 0.047831 0.079689
v 0.028465 0.071723 0.087885
v 0.026398 0.021290 0.024891
v 0.008575 0.046917 0.105650
v 0.026386 0.023221 0.025313
v 0.032842 0.049997 0.081444
v 0.026941 0.047842 0.034497
v 0.026874 0.048082 0.035993
v 0.027038 0.049377 0.036505
v 0.027872 0.074012 0.088201
v 0.027081 0.049514 0.039056
v -0.001945 0.048771 0.105939
v 0.027527 0.077626 0.086281
v 0.026853 0.050329 0.033062
v 0.028183 0.072204 0.089248
v 0.027010 0.052424 0.033661
v 0.026976 0.051563 0.036836
v 0.029091 0.071247 0.092208
v 0.027618 0.075064 0.090085
v 0.027123 0.056522 0.037041
v 0.026446 0.025138 0.027568
v 0.023975 0.078067 0.085053
v 0.022201 0.077185 0.087047
v -0.016337 0.058035 0.105384
v 0.027250 0.052920 0.040822
v 0.026492 0.027407 0.027522
v 0.024334 0.077686 0.087506
v 0.026409 0.021911 0.029351
v -0.016415 0.063062 0.105314
v 0.020955 0.076110 0.089220
v 0.022479 0.075900 0.089574
v 0.026490 0.024902 0.031954
v 0.027383 0.049753 0.044118
v -0.014672 0.055221 0.105300
v 0.027645 0.048683 0.045444
v 0.023305 0.076237 0.090194
v -0.011672 0.057784 0.105236
v 0.024633 0.076619 0.090779
v 0.026391 0.078034 0.089521
v 0.027452 0.054743 0.044330
v 0.027700 0.052013 0.046354
v 0.026538 0.030042 0.032000
v 0.027797 0.046867 0.046951
v 0.027659 0.076786 0.089539
v -0.011781 0.060648 0.105242
v 0.026929 0.054960 0.029401
v 0.027067 0.057408 0.030118
v 0.029305 0.074445 0.092629
v 0.028287 0.075307 0.091289
v -0.012035 0.064614 0.105229
v -0.011990 0.053529 0.105433
v 0.027645 0.077128 0.091090
v -0.010351 0.053615 0.106073
v 0.027193 0.061062 0.032807
v 0.027099 0.060124 0.029498
v 0.027320 0.063899 0.035135
v 0.027300 0.064757 0.029830
v -0.003043 0.052613 0.105927
v 0.027300 0.061447 0.037565
v -0.010018 0.057650 0.106054
v 0.027297 0.058102 0.040027
v 0.027551 0.059165 0.044600
v 0.026942 0.029778 0.024470
v 0.026647 0.029556 0.027128
v 0.026586 0.030916 0.024975
v -0.011586 0.054818 0.105292
v 0.026717 0.033731 0.023839
v 0.027495 0.064553 0.042177
v 0.026879 0.035901 0.021007
v 0.027451 0.060871 0.041376
v 0.027543 0.066191 0.040368
v -0.010125 0.061665 0.105992
v -0.007087 0.060711 0.105999
v 0.027662 0.056891 0.046399
v 0.027852 0.054342 0.047253
v 0.018923 0.077757 0.073140
v 0.023604 0.078144 0.071786
v 0.027980 0.050409 0.048783
v 0.028413 0.049367 0.052752
v -0.015815 0.067700 0.105289
v -0.010162 0.064858 0.106071
v -0.011336 0.066686 0.105630
v 0.021242 0.077836 0.074681
v -0.011771 0.068526 0.105307
v 0.026525 0.032028 0.028429
v 0.028406 0.051276 0.051980
v -0.010266 0.071400 0.106130
v 0.028183 0.053379 0.051109
v -0.003780 0.067428 0.105913
v 0.028211 0.054356 0.050501
v 0.028109 0.056704 0.049588
v 0.028183 0.056602 0.051106
v 0.029017 0.048529 0.055887
v 0.026720 0.038701 0.025876
v 0.026933 0.039766 0.021204
v 0.028814 0.050431 0.053270
v 0.028646 0.051776 0.053848
v 0.029413 0.050432 0.057138
v 0.028608 0.053500 0.052784
v 0.026598 0.035029 0.028729
v 0.029811 0.050012 0.060116
v 0.002725 0.059799 0.105700
v 0.022473 0.078096 0.075958
v 0.024071 0.078074 0.078144
v 0.028719 0.055369 0.052509
v 0.028728 0.058119 0.052408
v -0.005408 0.070580 0.105977
v 0.026009 0.078535 0.077224
v -0.008327 0.073926 0.106079
v 0.028604 0.057951 0.053699
v 0.023313 0.077967 0.080428
v 0.027726 0.059681 0.047014
v 0.027734 0.062309 0.046655
v 0.027542 0.078111 0.073462
v 0.027532 0.062297 0.044254
v 0.002455 0.050089 0.105824
v 0.027808 0.064759 0.046444
v 0.026621 0.028726 0.034979
v 0.027983 0.077530 0.074286
v 0.027746 0.067852 0.045706
v 0.028113 0.060460 0.050379
v 0.028383 0.059232 0.051498
v 0.009871 0.052046 0.105563
v 0.012631 0.047795 0.105564
v 0.028435 0.061598 0.052322
v 0.027896 0.076924 0.077343
v 0.026929 0.078363 0.077437
v 0.028250 0.063783 0.051888
v 0.026317 0.078460 0.081216
v 0.027925 0.067683 0.047355
v 0.027613 0.077544 0.080713
v 0.028692 0.066209 0.054736
v 0.014888 0.052100 0.105451
v 0.028168 0.060172 0.053561
v 0.027563 0.070271 0.027368
v 0.027467 0.069743 0.030336
v 0.027404 0.067384 0.025541
v 0.027686 0.074647 0.028880
v 0.027592 0.072753 0.025179
v 0.027644 0.071959 0.033264
v 0.026670 0.033905 0.034941
v 0.012375 0.058153 0.105467
v 0.016058 0.056650 0.105378
v 0.015684 0.079804 0.025271
v 0.018662 0.079759 0.022186
v 0.026436 0.078380 0.084504
v 0.019435 0.079791 0.024460
v 0.020666 0.079397 0.020713
v 0.020873 0.079533 0.023949
v 0.019008 0.079700 0.027253
v 0.020991 0.079395 0.028754
v 0.000049 0.048868 0.106016
v 0.026157 0.078217 0.086799
v 0.012264 0.079946 0.032808
v 0.026644 0.037234 0.030536
v 0.015726 0.079818 0.030727
v -0.009104 0.077090 0.083974
v 0.018842 0.079762 0.030472
v -0.006832 0.077105 0.083453
v 0.026677 0.040795 0.029381
v -0.007665 0.077588 0.085154
v 0.019353 0.079793 0.032684
v -0.009590 0.077857 0.086689
v 0.021505 0.079545 0.026528
v 0.022006 0.079645 0.022991
v 0.024483 0.079587 0.026832
v 0.024162 0.079638 0.023545
v -0.006900 0.077627 0.086546
v -0.007899 0.078266 0.087956
v 0.023838 0.079814 0.028853
v 0.027858 0.076350 0.028449
v 0.027855 0.078563 0.025318
v 0.027756 0.075238 0.024811
v 0.027780 0.078730 0.028712
v -0.011875 0.079028 0.090088
v 0.027676 0.074441 0.032860
v 0.027885 0.076078 0.034409
v -0.005560 0.078970 0.091060
v -0.005361 0.078535 0.088606
v 0.027865 0.078358 0.032847
v 0.026780 0.079558 0.026452
v -0.008921 0.079122 0.091160
v -0.011213 0.079255 0.091579
v 0.026821 0.043629 0.033696
v -0.007947 0.079664 0.091802
v 0.025123 0.079398 0.028728
v 0.027067 0.079674 0.021985
v -0.004881 0.077712 0.086455
v 0.026086 0.079620 0.031248
v 0.021273 0.079459 0.031497
v 0.023485 0.079612 0.031277
v 0.010315 0.065059 0.105478
v -0.002889 0.077818 0.086936
v -0.000937 0.076696 0.084803
v -0.001249 0.078053 0.088881
v 0.020940 0.079182 0.033098
v 0.019262 0.079580 0.033576
v 0.003751 0.071680 0.105709
v 0.021974 0.079396 0.035092
v -0.003452 0.078471 0.087896
v -0.003080 0.078353 0.089384
v 0.026908 0.079574 0.033687
v 0.024027 0.079651 0.035032
v 0.027669 0.004673 0.047232
v 0.027019 0.079465 0.037829
v 0.027934 0.078054 0.037856
v -0.002776 0.078846 0.091289
v -0.008734 0.079654 0.092908
v -0.004251 0.079462 0.093236
v -0.004440 0.079419 0.091858
v -0.001405 0.079285 0.093188
v 0.010779 0.079869 0.033944
v 0.010052 0.079953 0.037104
v 0.000943 0.077654 0.088259
v 0.002311 0.077325 0.086237
v 0.011972 0.079842 0.038624
v 0.007901 0.079936 0.038372
v 0.003662 0.077338 0.087197
v 0.012979 0.062265 0.105434
v 0.005677 0.077466 0.088703
v 0.008217 0.078259 0.091436
v 0.019282 0.065576 0.105199
v 0.013206 0.079831 0.041470
v 0.015109 0.079648 0.041402
v 0.004474 0.078568 0.091649
v 0.019303 0.079746 0.040940
v 0.032212 0.018738 0.094571
v 0.020901 0.079270 0.041772
v 0.031648 0.018628 0.097079
v 0.000718 0.078980 0.091811
v 0.032355 0.021793 0.093558
v 0.015028 0.079728 0.033882
v 0.032918 0.026803 0.091464
v 0.032066 0.022047 0.096384
v 0.018803 0.079664 0.036865
v 0.030878 0.017550 0.098774
v 0.002037 0.079211 0.093448
v -0.000196 0.079844 0.094456
v 0.020875 0.079228 0.037337
v 0.028245 0.042914 0.007587
v 0.003450 0.079538 0.094226
v 0.029082 0.017946 0.101614
v 0.021722 0.079518 0.037405
v 0.029911 0.018673 0.099940
v 0.006353 0.078803 0.093002
v 0.030857 0.023481 0.098855
v 0.024617 0.079502 0.038536
v 0.029887 0.024136 0.100088
v 0.002909 0.080337 0.097149
v 0.002923 0.079828 0.095868
v 0.006225 0.079531 0.094428
v 0.005816 0.079959 0.096355
v 0.023639 0.079438 0.041050
v 0.006990 0.079484 0.095921
v 0.009070 0.079450 0.094796
v 0.032467 0.026593 0.093526
v 0.033157 0.028294 0.089443
v -0.008165 0.080225 0.094744
v -0.012839 0.080371 0.094518
v 0.026574 0.079368 0.042931
v 0.033136 0.031558 0.090345
v -0.011329 0.080437 0.094620
v 0.032858 0.029998 0.092001
v -0.009679 0.080537 0.096340
v 0.029377 0.055077 -0.003044
v 0.032222 0.026393 0.096183
v 0.027495 0.068135 0.034846
v 0.032343 0.028840 0.095602
v 0.031040 0.030051 0.098657
v 0.032464 0.031835 0.095564
v -0.009414 0.081303 0.099327
v 0.032518 0.034168 0.095226
v 0.028521 0.051494 0.005866
v 0.031544 0.032786 0.097637
v -0.012787 0.081918 0.101092
v -0.005811 0.080774 0.097798
v 0.018428 0.023250 0.105541
v -0.007361 0.081680 0.100912
v 0.027698 0.070044 0.040502
v 0.027672 0.072519 0.037739
v 0.028784 0.055550 0.003431
v -0.010231 0.081567 0.102382
v 0.024940 0.023897 0.105288
v -0.007115 0.081236 0.102418
v -0.003257 0.081271 0.102420
v 0.027810 0.075557 0.036982
v 0.018212 0.027137 0.105549
v -0.004905 0.074636 0.105942
v -0.003601 0.076186 0.104070
v -0.006813 0.075849 0.103965
v 0.028088 0.044859 0.009115
v 0.028326 0.048352 0.007206
v -0.002185 0.074800 0.105890
v -0.000388 0.076439 0.104125
v 0.027804 0.070794 0.044450
v 0.027367 0.022270 0.104653
v 0.029268 0.021861 0.101384
v 0.027882 0.075313 0.041232
v 0.000594 0.075224 0.105770
v -0.003330 0.077919 0.103941
v -0.009128 0.077108 0.103926
v 0.029348 0.027013 0.101353
v 0.027303 0.025481 0.104729
v -0.006274 0.079686 0.104022
v -0.000220 0.079657 0.104014
v -0.003093 0.079725 0.103786
v 0.028357 0.054618 0.005809
v 0.028480 0.056644 0.005546
v 0.027986 0.078239 0.042727
v 0.027837 0.048256 0.012389
v 0.028223 0.051069 0.008635
v 0.002570 0.076618 0.104121
v 0.027970 0.051127 0.012368
v 0.027606 0.079001 0.039488
v 0.005927 0.076972 0.103963
v 0.001781 0.079418 0.103972
v 0.028419 0.054034 0.007435
v 0.003567 0.079631 0.104019
v -0.006467 0.080012 0.094090
v -0.005078 0.080278 0.096416
v 0.030024 0.029661 0.100019
v -0.004246 0.080147 0.094598
v -0.002531 0.079947 0.094600
v 0.027984 0.054211 0.011759
v 0.028229 0.056933 0.009757
v 0.029572 0.030930 0.101196
v -0.003519 0.080637 0.097540
v -0.005015 0.081457 0.100300
v -0.001436 0.078417 0.059577
v -0.001353 0.080008 0.096168
v 0.029664 0.051751 0.060115
v 0.027486 0.029393 0.104714
v -0.000154 0.080354 0.096805
v 0.027615 0.032972 0.104737
v 0.029954 0.050696 0.059490
v -0.001221 0.081405 0.100643
v 0.026958 0.031329 0.105065
v 0.030439 0.050740 0.063153
v 0.006264 0.080613 0.097945
v 0.029442 0.058225 0.059064
v 0.003922 0.081075 0.100206
v 0.028037 0.040816 0.008729
v 0.006086 0.081649 0.100999
v 0.033335 0.034514 0.088952
v 0.030749 0.050238 0.066194
v 0.027785 0.039648 0.011604
v 0.033128 0.035267 0.088893
v 0.033422 0.036761 0.087793
v 0.004190 0.081180 0.101745
v 0.033208 0.036265 0.090672
v 0.029687 0.059256 0.061802
v 0.001094 0.080819 0.102818
v 0.005886 0.081216 0.102030
v 0.027334 0.039430 0.015894
v 0.030333 0.059286 0.066338
v 0.007178 0.079498 0.103889
v 0.027609 0.043963 0.013402
v 0.027228 0.041822 0.017947
v 0.028506 0.060136 0.055997
v 0.027879 0.042318 0.011771
v 0.012071 0.076896 0.088426
v 0.028903 0.061627 0.055460
v 0.011681 0.077991 0.091417
v 0.013511 0.078010 0.091471
v 0.029224 0.060802 0.059468
v 0.029445 0.061960 0.059230
v 0.033087 0.044616 0.083802
v 0.033359 0.044650 0.084836
v 0.033242 0.045451 0.085702
v 0.033438 0.044563 0.089516
v 0.029283 0.066730 0.058894
v 0.012386 0.078331 0.093040
v 0.033537 0.047075 0.084952
v 0.033315 0.046627 0.086820
v 0.030035 0.061586 0.062692
v 0.029795 0.063435 0.062262
v 0.033125 0.048150 0.082795
v 0.016330 0.077847 0.091858
v 0.029871 0.060795 0.063615
v 0.020873 0.076994 0.091551
v 0.032987 0.051021 0.082824
v 0.033064 0.048052 0.084352
v 0.033241 0.049399 0.084832
v 0.018114 0.078110 0.093360
v 0.033273 0.051211 0.086457
v 0.032923 0.050747 0.084350
v 0.033179 0.052683 0.085673
v 0.029555 0.059688 -0.005793
v 0.033478 0.046938 0.090132
v 0.011053 0.079186 0.094476
v 0.010973 0.079141 0.095431
v 0.009142 0.079740 0.096242
v 0.012319 0.079843 0.097412
v 0.033263 0.053808 0.089138
v 0.013574 0.079040 0.094504
v 0.013605 0.079422 0.096773
v 0.030240 0.060455 0.068243
v 0.029329 0.064166 -0.006815
v 0.017239 0.078629 0.094460
v 0.030995 0.059521 0.070594
v 0.019814 0.078577 0.095567
v 0.015179 0.078815 0.095387
v 0.017751 0.078877 0.096436
v 0.016043 0.079292 0.096788
v 0.031433 0.060234 0.072076
v 0.029204 0.058706 -0.001112
v 0.030521 0.060805 0.066652
v 0.021340 0.077581 0.091841
v 0.024864 0.076840 0.092405
v 0.021813 0.077382 0.092773
v 0.024340 0.077592 0.093877
v 0.029244 0.062569 -0.003215
v 0.021072 0.078208 0.094512
v 0.023843 0.078287 0.095684
v 0.027005 0.077581 0.091892
v 0.027397 0.077514 0.093270
v 0.029377 0.075236 0.093804
v 0.029402 0.066697 -0.011361
v 0.028925 0.076405 0.094129
v 0.027530 0.077854 0.095566
v 0.029186 0.070642 -0.012869
v 0.020912 0.078828 0.097183
v 0.029128 0.071535 -0.008034
v 0.022153 0.078991 0.098514
v 0.016845 0.079927 0.099109
v 0.020623 0.079824 0.100246
v 0.029156 0.069017 -0.006226
v 0.025162 0.078583 0.098544
v 0.026635 0.078263 0.099520
v 0.028103 0.077202 0.100375
v 0.022753 0.078943 0.101337
v 0.025846 0.078732 0.101464
v 0.027519 0.077746 0.101034
v 0.014201 0.076015 0.105391
v 0.009106 0.071851 0.105556
v 0.012480 0.068050 0.105429
v 0.008512 0.068517 0.105611
v 0.028991 0.068839 -0.002542
v 0.028886 0.071668 -0.004410
v 0.028731 0.063215 0.003880
v 0.028575 0.060258 0.004700
v 0.004210 0.075435 0.105591
v 0.007801 0.075535 0.105588
v 0.009741 0.077583 0.104031
v 0.009567 0.076353 0.105179
v 0.028933 0.065330 0.000918
v 0.011661 0.075886 0.105388
v 0.028376 0.059218 0.007817
v 0.011831 0.077355 0.103956
v 0.028191 0.062099 0.009858
v 0.016326 0.071113 0.105308
v 0.028692 0.068033 0.003659
v 0.028380 0.065514 0.008036
v 0.022390 0.069966 0.105034
v 0.019797 0.073649 0.105142
v 0.028645 0.072062 0.001529
v 0.008876 0.080080 0.097793
v 0.007592 0.080646 0.099323
v 0.028407 0.074130 0.005776
v 0.011209 0.080506 0.099388
v 0.008280 0.081043 0.101395
v 0.015234 0.080764 0.101459
v 0.013602 0.079906 0.103328
v 0.027387 0.052464 0.018506
v 0.027538 0.051647 0.015469
v 0.027609 0.055944 0.015438
v 0.017456 0.080147 0.102734
v 0.027837 0.057631 0.013754
v 0.008770 0.080136 0.103243
v 0.027667 0.059288 0.016036
v 0.011091 0.079200 0.104082
v 0.027436 0.057511 0.020025
v 0.014673 0.078935 0.103982
v 0.016814 0.077453 0.104000
v 0.016824 0.076180 0.105233
v 0.020073 0.076624 0.105003
v 0.020305 0.079166 0.103907
v 0.026953 0.042774 0.021242
v 0.027318 0.045131 0.016625
v 0.020940 0.077535 0.104064
v 0.022551 0.076353 0.105057
v 0.027463 0.048375 0.016936
v 0.025778 0.075828 0.104828
v 0.027254 0.045850 0.019709
v 0.024205 0.077408 0.104224
v 0.026868 0.043537 0.024576
v 0.022574 0.079423 0.103076
v 0.026969 0.047077 0.023029
v 0.023979 0.079264 0.102574
v 0.027311 0.079115 0.102880
v 0.024599 0.078860 0.103853
v 0.027159 0.050480 0.021163
v 0.026982 0.051079 0.025086
v 0.026321 0.077687 0.104298
v 0.031973 0.056920 0.084236
v 0.027245 0.053019 0.021872
v 0.027093 0.054844 0.023218
v 0.031511 0.059233 0.080624
v 0.031009 0.060209 0.079588
v 0.026737 0.045178 0.028847
v 0.031156 0.060148 0.082133
v 0.026840 0.047876 0.029239
v 0.026856 0.049015 0.026846
v 0.031418 0.059472 0.087083
v 0.026946 0.052484 0.029606
v 0.026920 0.050958 0.029976
v 0.031557 0.060082 0.084698
v 0.026790 0.047376 0.031560
v 0.030879 0.061735 0.084038
v 0.030268 0.065176 0.085586
v 0.030499 0.063674 0.084484
v 0.026990 0.049278 0.031630
v 0.032923 0.056956 0.092493
v 0.030411 0.064585 0.089587
v 0.032517 0.060063 0.093666
v 0.032590 0.056833 0.093456
v 0.032767 0.058720 0.093901
v 0.027120 0.053845 0.026283
v 0.027179 0.057412 0.025083
v 0.027321 0.061171 0.023585
v 0.029741 0.065775 0.086935
v 0.031097 0.065021 0.092474
v 0.032100 0.060230 0.097110
v 0.032665 0.061585 0.095527
v 0.032173 0.063392 0.097360
v 0.030320 0.066455 0.091802
v 0.029700 0.066021 0.089672
v 0.030614 0.067629 0.093802
v 0.031993 0.065856 0.095735
v 0.031450 0.067852 0.095174
v 0.028021 0.060675 0.012578
v 0.032138 0.064299 0.094705
v 0.028093 0.064330 0.012567
v 0.027615 0.061587 0.017896
v 0.029687 0.066756 0.088858
v 0.028092 0.067776 0.012648
v 0.029503 0.070124 0.091969
v 0.030498 0.070861 0.094272
v 0.027719 0.065550 0.017341
v 0.031931 0.061301 0.098749
v 0.031066 0.063006 0.100503
v 0.027721 0.068305 0.018488
v 0.028011 0.071817 0.015132
v 0.030663 0.064754 0.101578
v 0.032053 0.064046 0.098903
v 0.020220 0.079465 0.005096
v 0.031325 0.068970 0.099064
v 0.021708 0.079289 0.008933
v 0.031431 0.065709 0.100329
v 0.031408 0.067831 0.100789
v 0.020067 0.079517 0.011612
v 0.025738 0.067074 0.104891
v 0.028093 0.064926 0.104520
v 0.022965 0.079563 0.010108
v 0.023578 0.079580 0.012990
v 0.028196 0.070548 0.010315
v 0.028021 0.068662 0.104447
v 0.028241 0.075026 0.008886
v 0.028222 0.071467 0.104429
v 0.030890 0.068819 0.101495
v 0.030684 0.071966 0.096509
v 0.031684 0.068059 0.096743
v 0.030912 0.070983 0.100133
v 0.028182 0.075285 0.012220
v 0.027898 0.073951 0.016715
v 0.028789 0.076042 0.096391
v 0.027483 0.079298 0.012962
v 0.029594 0.074670 0.100070
v 0.029535 0.073742 0.101235
v 0.030001 0.071883 0.102578
v 0.028162 0.076326 0.015255
v 0.029698 0.074075 0.102465
v 0.028133 0.078203 0.014310
v 0.028244 0.075108 0.104318
v 0.027414 0.064992 0.022648
v 0.028510 0.077821 0.103036
v 0.028781 0.076868 0.103567
v 0.027565 0.068955 0.022756
v 0.027698 0.070615 0.021546
v 0.028070 0.078184 0.104052
v 0.018869 0.079774 0.018002
v 0.021143 0.079345 0.016238
v -0.015873 0.071796 0.105422
v 0.021689 0.079619 0.017980
v -0.011860 0.071935 0.105318
v -0.010409 0.074267 0.105520
v -0.010724 0.075666 0.105438
v -0.014024 0.076038 0.105430
v -0.012111 0.077297 0.103980
v -0.014336 0.079925 0.103985
v 0.027885 0.075584 0.020461
v -0.008364 0.074785 0.105462
v 0.027953 0.077946 0.018271
v 0.026823 0.079636 0.016453
v 0.027613 0.079120 0.017856
v -0.013132 0.081644 0.102445
v 0.023532 0.079589 0.018153
v -0.010113 0.079835 0.104015
v 0.026599 0.079644 0.020021
v 0.027850 0.078326 0.021638
v -0.007834 0.079629 0.103769
vt 0.469341 0.349210
vt 0.475273 0.334302
vt 0.498009 0.342765
vt 0.505438 0.085184
vt 0.504086 0.090683
vt 0.504683 0.080018
vt 0.500865 0.092522
vt 0.488003 0.246757
vt 0.485770 0.228076
vt 0.495422 0.229736
vt 0.494264 0.084692
vt 0.501221 0.077756
vt 0.512551 0.326447
vt 0.524482 0.326055
vt 0.514722 0.339749
vt 0.441936 0.166835
vt 0.430596 0.165888
vt 0.443243 0.163462
vt 0.537852 0.340106
vt 0.505026 0.072305
vt 0.501882 0.070649
vt 0.436415 0.158488
vt 0.518767 0.352663
vt 0.571105 0.152428
vt 0.429740 0.162702
vt 0.438594 0.169402
vt 0.431975 0.169140
vt 0.461575 0.224932
vt 0.480435 0.204893
vt 0.490637 0.084934
vt 0.493701 0.078711
vt 0.434887 0.178674
vt 0.441965 0.173124
vt 0.448236 0.175288
vt 0.497407 0.070999
vt 0.450675 0.182446
vt 0.441857 0.181382
vt 0.489766 0.074820
vt 0.493038 0.072102
vt 0.491090 0.069136
vt 0.443330 0.189810
vt 0.468966 0.248218
vt 0.512154 0.350130
vt 0.508726 0.343146
vt 0.504851 0.065986
vt 0.506768 0.348943
vt 0.430966 0.174194
vt 0.503561 0.056667
vt 0.505203 0.058629
vt 0.502479 0.063234
vt 0.498962 0.066797
vt 0.495597 0.068276
vt 0.496580 0.061491
vt 0.491203 0.058642
vt 0.500337 0.050839
vt 0.426052 0.172750
vt 0.448582 0.246305
vt 0.431054 0.183832
vt 0.425569 0.156780
vt 0.433897 0.154757
vt 0.504738 0.051867
vt 0.478242 0.309790
vt 0.493413 0.320890
vt 0.425974 0.165732
vt 0.421332 0.161346
vt 0.497208 0.048883
vt 0.420305 0.157198
vt 0.421958 0.164523
vt 0.440043 0.226770
vt 0.453051 0.208157
vt 0.423806 0.151293
vt 0.588876 0.154080
vt 0.416340 0.153912
vt 0.416018 0.149580
vt 0.411900 0.154104
vt 0.598248 0.154188
vt 0.413058 0.157019
vt 0.484801 0.074608
vt 0.485534 0.086512
vt 0.416477 0.162441
vt 0.413506 0.165457
vt 0.487685 0.064639
vt 0.419786 0.167835
vt 0.447952 0.232539
vt 0.418964 0.176379
vt 0.420841 0.173365
vt 0.475268 0.073746
vt 0.480963 0.069128
vt 0.471089 0.067746
vt 0.475927 0.062963
vt 0.502753 0.356219
vt 0.504492 0.351015
vt 0.505488 0.359953
vt 0.493514 0.361113
vt 0.498252 0.354194
vt 0.417392 0.170658
vt 0.469033 0.064825
vt 0.497684 0.360898
vt 0.413472 0.174191
vt 0.486855 0.057160
vt 0.500955 0.350713
vt 0.480235 0.057124
vt 0.500613 0.361035
vt 0.403459 0.158944
vt 0.407341 0.168633
vt 0.488996 0.053379
vt 0.453039 0.189950
vt 0.448704 0.193104
vt 0.438574 0.190537
vt 0.442637 0.195513
vt 0.482993 0.051754
vt 0.482688 0.043952
vt 0.445758 0.198224
vt 0.497952 0.366562
vt 0.478555 0.054331
vt 0.501078 0.368641
vt 0.437451 0.194331
vt 0.498087 0.373148
vt 0.435167 0.190055
vt 0.427280 0.191439
vt 0.493427 0.379768
vt 0.421311 0.188960
vt 0.471159 0.057256
vt 0.474931 0.265213
vt 0.460839 0.263197
vt 0.465759 0.061890
vt 0.430624 0.195272
vt 0.471421 0.053321
vt 0.453130 0.259886
vt 0.480649 0.382835
vt 0.488548 0.041064
vt 0.465409 0.275876
vt 0.432317 0.200287
vt 0.468274 0.043932
vt 0.439679 0.202838
vt 0.511671 0.360399
vt 0.421672 0.193201
vt 0.474496 0.038052
vt 0.517484 0.361936
vt 0.464685 0.053942
vt 0.419957 0.197177
vt 0.514266 0.367694
vt 0.414019 0.202571
vt 0.468985 0.032244
vt 0.463756 0.038982
vt 0.412354 0.184701
vt 0.525404 0.371901
vt 0.532058 0.359686
vt 0.499321 0.148903
vt 0.493755 0.150093
vt 0.498924 0.145742
vt 0.412810 0.179199
vt 0.493217 0.145176
vt 0.523046 0.372600
vt 0.496292 0.154900
vt 0.505206 0.370168
vt 0.482911 0.145905
vt 0.485080 0.153208
vt 0.488851 0.139961
vt 0.480649 0.140967
vt 0.398032 0.176123
vt 0.434766 0.237477
vt 0.502735 0.374412
vt 0.472996 0.144023
vt 0.505085 0.380577
vt 0.402820 0.182171
vt 0.477231 0.135773
vt 0.465239 0.138805
vt 0.416334 0.192883
vt 0.470448 0.146394
vt 0.411668 0.191241
vt 0.524502 0.377847
vt 0.511630 0.377914
vt 0.465904 0.145226
vt 0.410882 0.194939
vt 0.412973 0.199244
vt 0.407858 0.196834
vt 0.443254 0.260740
vt 0.517162 0.385081
vt 0.491608 0.155668
vt 0.491090 0.159875
vt 0.405762 0.188856
vt 0.482706 0.159529
vt 0.432191 0.247927
vt 0.488254 0.164803
vt 0.402852 0.195859
vt 0.480837 0.163353
vt 0.423921 0.254365
vt 0.485228 0.167166
vt 0.395256 0.191894
vt 0.397217 0.197025
vt 0.486405 0.170476
vt 0.480498 0.172337
vt 0.400026 0.152771
vt 0.397979 0.146530
vt 0.409627 0.146641
vt 0.462607 0.335769
vt 0.398233 0.157209
vt 0.480592 0.149924
vt 0.557311 0.251914
vt 0.539323 0.248806
vt 0.558198 0.240972
vt 0.478036 0.156229
vt 0.471291 0.150956
vt 0.388962 0.146593
vt 0.399065 0.142336
vt 0.457678 0.346845
vt 0.458255 0.341026
vt 0.389163 0.150471
vt 0.564080 0.247534
vt 0.471631 0.156064
vt 0.470581 0.160408
vt 0.386264 0.157507
vt 0.499671 0.284533
vt 0.503219 0.277673
vt 0.503338 0.290376
vt 0.464712 0.377636
vt 0.498351 0.295958
vt 0.500489 0.301489
vt 0.390500 0.161779
vt 0.401093 0.164308
vt 0.463318 0.151170
vt 0.497612 0.306948
vt 0.496953 0.286283
vt 0.458425 0.146789
vt 0.463969 0.153756
vt 0.464868 0.157168
vt 0.497640 0.275989
vt 0.490339 0.271508
vt 0.507939 0.275730
vt 0.448482 0.348872
vt 0.395901 0.167005
vt 0.469126 0.165982
vt 0.384772 0.169840
vt 0.378730 0.166774
vt 0.471080 0.170370
vt 0.473365 0.173344
vt 0.477418 0.286519
vt 0.491931 0.293377
vt 0.463493 0.160509
vt 0.399611 0.171255
vt 0.457588 0.157606
vt 0.386553 0.141955
vt 0.463203 0.169404
vt 0.379911 0.146475
vt 0.376061 0.141780
vt 0.454199 0.166058
vt 0.381455 0.130448
vt 0.456044 0.162789
vt 0.442959 0.316856
vt 0.441003 0.304949
vt 0.448220 0.308624
vt 0.377575 0.149587
vt 0.379172 0.158893
vt 0.476258 0.178794
vt 0.464600 0.175256
vt 0.374043 0.146803
vt 0.367733 0.144290
vt 0.468368 0.185925
vt 0.365971 0.146863
vt 0.444382 0.334434
vt 0.460771 0.324025
vt 0.454117 0.169631
vt 0.362332 0.141660
vt 0.433332 0.326875
vt 0.460850 0.182534
vt 0.466552 0.190338
vt 0.471948 0.189396
vt 0.412215 0.304146
vt 0.432627 0.299567
vt 0.430472 0.312501
vt 0.366821 0.151393
vt 0.438968 0.308312
vt 0.435615 0.307001
vt 0.367861 0.161786
vt 0.459231 0.297694
vt 0.363947 0.157308
vt 0.456020 0.191944
vt 0.456573 0.195620
vt 0.474935 0.194910
vt 0.357931 0.152918
vt 0.398574 0.129387
vt 0.456477 0.200517
vt 0.365900 0.134083
vt 0.374409 0.124076
vt 0.381548 0.121864
vt 0.510603 0.290172
vt 0.504979 0.301025
vt 0.494185 0.135781
vt 0.494093 0.127542
vt 0.497544 0.134388
vt 0.414825 0.319259
vt 0.392164 0.171692
vt 0.503798 0.128464
vt 0.500698 0.135511
vt 0.503260 0.122927
vt 0.511075 0.302000
vt 0.521551 0.151935
vt 0.515840 0.146471
vt 0.503780 0.141016
vt 0.393909 0.176923
vt 0.504002 0.312372
vt 0.396283 0.180979
vt 0.527142 0.148997
vt 0.500069 0.124628
vt 0.450739 0.339272
vt 0.510790 0.308739
vt 0.496939 0.118714
vt 0.389241 0.177083
vt 0.502535 0.145909
vt 0.502314 0.149922
vt 0.520682 0.298685
vt 0.527553 0.311074
vt 0.505512 0.152550
vt 0.509400 0.152163
vt 0.373109 0.173072
vt 0.371855 0.166571
vt 0.514397 0.275498
vt 0.502118 0.154284
vt 0.393759 0.187062
vt 0.389003 0.187872
vt 0.503158 0.158158
vt 0.512702 0.159587
vt 0.374469 0.183544
vt 0.521940 0.285606
vt 0.521554 0.276509
vt 0.440515 0.343727
vt 0.495719 0.142780
vt 0.432152 0.338083
vt 0.527653 0.293206
vt 0.529601 0.284744
vt 0.522492 0.156519
vt 0.439160 0.349989
vt 0.432818 0.348662
vt 0.535315 0.282948
vt 0.533540 0.289264
vt 0.504411 0.116440
vt 0.500476 0.111589
vt 0.504590 0.111705
vt 0.431232 0.357142
vt 0.504296 0.109362
vt 0.535096 0.293628
vt 0.537446 0.152116
vt 0.533539 0.154696
vt 0.366216 0.169785
vt 0.502591 0.102527
vt 0.505055 0.103700
vt 0.541490 0.299158
vt 0.551498 0.290424
vt 0.422061 0.338534
vt 0.357715 0.162631
vt 0.548866 0.152281
vt 0.355574 0.168711
vt 0.531580 0.159222
vt 0.408327 0.334331
vt 0.532546 0.301095
vt 0.521307 0.165391
vt 0.529185 0.166031
vt 0.362639 0.176523
vt 0.365152 0.183914
vt 0.425209 0.345565
vt 0.537985 0.307726
vt 0.544392 0.161944
vt 0.541823 0.170548
vt 0.353050 0.175476
vt 0.416105 0.343549
vt 0.360812 0.181514
vt 0.355148 0.181569
vt 0.419158 0.349911
vt 0.465679 0.125835
vt 0.471439 0.121980
vt 0.469970 0.131152
vt 0.484274 0.127736
vt 0.539314 0.318228
vt 0.544373 0.313452
vt 0.460237 0.124446
vt 0.458725 0.135695
vt 0.493723 0.119912
vt 0.488459 0.116409
vt 0.499798 0.314144
vt 0.454653 0.124673
vt 0.402227 0.342389
vt 0.460752 0.120927
vt 0.481485 0.120204
vt 0.498120 0.381848
vt 0.471046 0.114758
vt 0.478060 0.108021
vt 0.518672 0.311678
vt 0.466314 0.107526
vt 0.452771 0.134389
vt 0.447609 0.123477
vt 0.492187 0.398484
vt 0.497965 0.319340
vt 0.503762 0.321294
vt 0.452126 0.111461
vt 0.461995 0.103745
vt 0.455512 0.102788
vt 0.505330 0.333594
vt 0.477417 0.102472
vt 0.468840 0.100428
vt 0.496225 0.109963
vt 0.500687 0.380439
vt 0.492354 0.106911
vt 0.494092 0.113704
vt 0.502457 0.381873
vt 0.478118 0.092057
vt 0.482758 0.098595
vt 0.472265 0.091461
vt 0.505045 0.094142
vt 0.498427 0.388446
vt 0.459476 0.101144
vt 0.495710 0.100605
vt 0.491634 0.097001
vt 0.495040 0.092651
vt 0.464276 0.091598
vt 0.532852 0.329633
vt 0.484900 0.107175
vt 0.460556 0.084031
vt 0.489678 0.095892
vt 0.552520 0.327964
vt 0.454351 0.267625
vt 0.496781 0.165949
vt 0.507557 0.162458
vt 0.458250 0.269649
vt 0.502968 0.170382
vt 0.501221 0.166788
vt 0.456694 0.273998
vt 0.449228 0.269027
vt 0.445417 0.276255
vt 0.506160 0.170201
vt 0.441286 0.117461
vt 0.514390 0.167367
vt 0.456299 0.383692
vt 0.443409 0.370288
vt 0.443706 0.110477
vt 0.449425 0.101065
vt 0.449527 0.383653
vt 0.512447 0.179093
vt 0.443071 0.102635
vt 0.439312 0.105435
vt 0.434682 0.109006
vt 0.501366 0.176459
vt 0.429014 0.103531
vt 0.434249 0.101874
vt 0.462533 0.392183
vt 0.479762 0.408205
vt 0.495476 0.171171
vt 0.462316 0.410003
vt 0.497134 0.177714
vt 0.447405 0.080717
vt 0.505430 0.178167
vt 0.502376 0.181607
vt 0.498329 0.411400
vt 0.441024 0.099606
vt 0.507286 0.189887
vt 0.445242 0.267242
vt 0.444481 0.091193
vt 0.437758 0.089908
vt 0.488182 0.178740
vt 0.431809 0.100203
vt 0.529436 0.171760
vt 0.428327 0.263251
vt 0.522745 0.180202
vt 0.431661 0.091502
vt 0.465708 0.416964
vt 0.437831 0.268544
vt 0.438228 0.079741
vt 0.442869 0.270996
vt 0.443258 0.079547
vt 0.434884 0.272184
vt 0.537496 0.183351
vt 0.438412 0.132176
vt 0.451243 0.394642
vt 0.440785 0.385525
vt 0.440357 0.122321
vt 0.431240 0.269181
vt 0.425380 0.270609
vt 0.425537 0.132124
vt 0.430174 0.120970
vt 0.431766 0.115353
vt 0.433442 0.276062
vt 0.514474 0.193570
vt 0.429014 0.278178
vt 0.428847 0.273526
vt 0.450416 0.413149
vt 0.533759 0.190717
vt 0.423875 0.111208
vt 0.556911 0.158455
vt 0.553024 0.166089
vt 0.478199 0.083568
vt 0.432986 0.406186
vt 0.474376 0.084582
vt 0.548120 0.171215
vt 0.475603 0.079544
vt 0.565738 0.162216
vt 0.561543 0.169691
vt 0.556722 0.173716
vt 0.470713 0.079695
vt 0.559802 0.153791
vt 0.462583 0.074149
vt 0.423085 0.350979
vt 0.463316 0.068272
vt 0.415880 0.353746
vt 0.407988 0.346015
vt 0.411458 0.347236
vt 0.457963 0.066193
vt 0.453775 0.071060
vt 0.435866 0.286732
vt 0.404750 0.350745
vt 0.409186 0.354215
vt 0.423478 0.285962
vt 0.426619 0.379963
vt 0.412176 0.368205
vt 0.455882 0.062412
vt 0.455320 0.057944
vt 0.450662 0.068463
vt 0.568883 0.164733
vt 0.565645 0.172928
vt 0.409623 0.291752
vt 0.445615 0.075962
vt 0.572456 0.158874
vt 0.404249 0.356535
vt 0.579801 0.161030
vt 0.448828 0.066007
vt 0.394416 0.359125
vt 0.589632 0.164122
vt 0.442492 0.067978
vt 0.439810 0.061657
vt 0.446008 0.057331
vt 0.436002 0.069583
vt 0.459296 0.056566
vt 0.426982 0.209283
vt 0.577618 0.170987
vt 0.453052 0.053570
vt 0.420067 0.219199
vt 0.423298 0.204967
vt 0.417345 0.388826
vt 0.388156 0.379455
vt 0.399613 0.394051
vt 0.403456 0.212981
vt 0.599400 0.177767
vt 0.590032 0.187271
vt 0.431584 0.233398
vt 0.442046 0.053254
vt 0.446789 0.050008
vt 0.451440 0.042652
vt 0.548429 0.176411
vt 0.457530 0.037343
vt 0.557672 0.179572
vt 0.552784 0.183549
vt 0.402590 0.207727
vt 0.545791 0.187636
vt 0.402633 0.200643
vt 0.424065 0.092368
vt 0.549150 0.188431
vt 0.394486 0.204917
vt 0.426021 0.087981
vt 0.397110 0.199227
vt 0.393231 0.202405
vt 0.432584 0.079044
vt 0.556671 0.189383
vt 0.424637 0.081363
vt 0.548752 0.201410
vt 0.429208 0.078716
vt 0.562530 0.201031
vt 0.567341 0.182044
vt 0.570964 0.177388
vt 0.414820 0.083634
vt 0.420461 0.078790
vt 0.424608 0.074048
vt 0.571919 0.183184
vt 0.406538 0.227327
vt 0.414975 0.068893
vt 0.419281 0.231729
vt 0.426015 0.393641
vt 0.409805 0.072199
vt 0.571425 0.193382
vt 0.405393 0.076134
vt 0.407075 0.066549
vt 0.418736 0.117682
vt 0.422267 0.122420
vt 0.408642 0.241207
vt 0.421841 0.240108
vt 0.411571 0.119460
vt 0.580721 0.192018
vt 0.410764 0.110340
vt 0.415639 0.103678
vt 0.571777 0.204401
vt 0.583250 0.203023
vt 0.421366 0.101144
vt 0.416914 0.397129
vt 0.403757 0.114376
vt 0.350341 0.284329
vt 0.359405 0.272364
vt 0.365684 0.282304
vt 0.351014 0.268905
vt 0.400903 0.108344
vt 0.388362 0.230540
vt 0.391558 0.237379
vt 0.502533 0.198001
vt 0.501245 0.192138
vt 0.503367 0.190370
vt 0.402713 0.102506
vt 0.507095 0.204384
vt 0.408733 0.098471
vt 0.413195 0.089791
vt 0.499447 0.210621
vt 0.496028 0.203741
vt 0.502297 0.205881
vt 0.354477 0.295468
vt 0.391992 0.243362
vt 0.507002 0.213297
vt 0.406711 0.101473
vt 0.497137 0.213968
vt 0.492845 0.205250
vt 0.334371 0.272950
vt 0.502124 0.215634
vt 0.494092 0.213454
vt 0.385182 0.190082
vt 0.375011 0.189729
vt 0.380750 0.193620
vt 0.409413 0.093785
vt 0.371694 0.193419
vt 0.498304 0.230113
vt 0.502502 0.223239
vt 0.491900 0.216125
vt 0.494207 0.218840
vt 0.374983 0.200154
vt 0.497195 0.220849
vt 0.364624 0.206385
vt 0.366634 0.200609
vt 0.502277 0.231215
vt 0.393809 0.106725
vt 0.398267 0.101942
vt 0.390290 0.193920
vt 0.405131 0.093155
vt 0.389418 0.198575
vt 0.521566 0.210373
vt 0.516206 0.206409
vt 0.339956 0.298795
vt 0.396954 0.093533
vt 0.382306 0.203077
vt 0.393119 0.099554
vt 0.520431 0.219930
vt 0.507964 0.219891
vt 0.379957 0.211447
vt 0.389711 0.116184
vt 0.394727 0.120531
vt 0.327046 0.293639
vt 0.527112 0.215874
vt 0.527479 0.222503
vt 0.377474 0.208418
vt 0.522154 0.224784
vt 0.507197 0.226435
vt 0.513064 0.226848
vt 0.388683 0.108842
vt 0.387087 0.102765
vt 0.506670 0.232966
vt 0.382124 0.110723
vt 0.368152 0.189247
vt 0.380097 0.104470
vt 0.384898 0.098760
vt 0.378435 0.099941
vt 0.517379 0.231699
vt 0.377554 0.116266
vt 0.374404 0.108938
vt 0.364711 0.189520
vt 0.386506 0.089072
vt 0.525616 0.226171
vt 0.522241 0.234350
vt 0.332351 0.313664
vt 0.350975 0.187529
vt 0.310595 0.317808
vt 0.395240 0.085234
vt 0.361642 0.196363
vt 0.410256 0.077821
vt 0.523112 0.241657
vt 0.535345 0.229765
vt 0.354816 0.204025
vt 0.493938 0.183401
vt 0.349107 0.193245
vt 0.349541 0.197174
vt 0.495752 0.190470
vt 0.491538 0.187039
vt 0.390898 0.074613
vt 0.398376 0.077920
vt 0.373895 0.217933
vt 0.390424 0.290721
vt 0.388196 0.310686
vt 0.409301 0.311355
vt 0.394784 0.065396
vt 0.388454 0.067896
vt 0.399521 0.312715
vt 0.438020 0.065175
vt 0.405676 0.315320
vt 0.362555 0.211176
vt 0.481899 0.183531
vt 0.487180 0.186976
vt 0.484653 0.188899
vt 0.358816 0.215720
vt 0.398783 0.318729
vt 0.489526 0.190685
vt 0.496823 0.197155
vt 0.438250 0.055939
vt 0.491421 0.195502
vt 0.365742 0.227289
vt 0.431084 0.056224
vt 0.487856 0.194590
vt 0.490236 0.204564
vt 0.385217 0.283049
vt 0.391011 0.280654
vt 0.373116 0.236935
vt 0.428268 0.068875
vt 0.479713 0.188148
vt 0.378706 0.296593
vt 0.376664 0.274212
vt 0.479840 0.196499
vt 0.348088 0.204536
vt 0.520274 0.194366
vt 0.349658 0.208261
vt 0.421089 0.063367
vt 0.344751 0.213480
vt 0.425983 0.061796
vt 0.534787 0.198084
vt 0.432865 0.053140
vt 0.427104 0.052190
vt 0.421249 0.056552
vt 0.344697 0.225892
vt 0.337889 0.218061
vt 0.523243 0.201075
vt 0.537304 0.203553
vt 0.419615 0.053370
vt 0.405825 0.324308
vt 0.439696 0.047567
vt 0.443095 0.041151
vt 0.394700 0.332175
vt 0.359469 0.227651
vt 0.431830 0.041761
vt 0.530224 0.210008
vt 0.452860 0.028428
vt 0.442548 0.031234
vt 0.434136 0.034770
vt 0.404880 0.253147
vt 0.394848 0.248446
vt 0.378347 0.246296
vt 0.435564 0.026661
vt 0.395960 0.261980
vt 0.421894 0.031619
vt 0.382042 0.259014
vt 0.424676 0.025394
vt 0.468397 0.201121
vt 0.423373 0.044991
vt 0.389368 0.270161
vt 0.378083 0.261144
vt 0.409571 0.061898
vt 0.410387 0.056763
vt 0.398728 0.062037
vt 0.408882 0.053093
vt 0.360884 0.308085
vt 0.466898 0.211882
vt 0.412457 0.045426
vt 0.364525 0.234949
vt 0.370918 0.322152
vt 0.403556 0.056607
vt 0.369644 0.248228
vt 0.391452 0.057446
vt 0.377861 0.342588
vt 0.400579 0.053402
vt 0.369808 0.255486
vt 0.354722 0.243746
vt 0.416851 0.037730
vt 0.346968 0.232992
vt 0.542881 0.198937
vt 0.399925 0.038586
vt 0.398619 0.046397
vt 0.346820 0.240883
vt 0.413458 0.022883
vt 0.410519 0.029813
vt 0.354658 0.256170
vt 0.342974 0.247854
vt 0.340029 0.238753
vt 0.329348 0.235339
vt 0.543484 0.210524
vt 0.534279 0.213528
vt 0.502264 0.390665
vt 0.504853 0.390235
vt 0.350385 0.316884
vt 0.367442 0.267600
vt 0.498294 0.396981
vt 0.556050 0.218442
vt 0.502606 0.400564
vt 0.505270 0.403515
vt 0.509348 0.396339
vt 0.517452 0.397343
vt 0.357720 0.263555
vt 0.517731 0.406990
vt 0.498123 0.405373
vt 0.500518 0.405307
vt 0.362607 0.268672
vt 0.572295 0.213553
vt 0.504555 0.412889
vt 0.397233 0.349635
vt 0.511385 0.410291
vt 0.389705 0.346819
vt 0.343266 0.259479
vt 0.502223 0.410373
vt 0.565293 0.218273
vt 0.509095 0.416326
vt 0.329477 0.256564
vt 0.572990 0.226553
vt 0.537997 0.219208
vt 0.501764 0.423015
vt 0.499772 0.416688
vt 0.504399 0.421663
vt 0.385661 0.361954
vt 0.498313 0.420364
vt 0.499189 0.424812
vt 0.510103 0.428948
vt 0.324732 0.266542
vt 0.495971 0.240635
vt 0.356153 0.332222
vt 0.502337 0.238231
vt 0.561005 0.232895
vt 0.498852 0.243339
vt 0.362391 0.347949
vt 0.427836 0.236940
vt 0.425382 0.233592
vt 0.502856 0.245380
vt 0.507722 0.241237
vt 0.515115 0.237831
vt 0.353053 0.343265
vt 0.517724 0.239880
vt 0.572270 0.235103
vt 0.518813 0.245611
vt 0.417237 0.248321
vt 0.501964 0.253507
vt 0.504206 0.252260
vt 0.498498 0.254629
vt 0.496486 0.250292
vt 0.509179 0.248101
vt 0.508188 0.256227
vt 0.563580 0.239060
vt 0.517542 0.255057
vt 0.513379 0.258752
vt 0.413470 0.261170
vt 0.369847 0.369612
vt 0.504016 0.261152
vt 0.497438 0.262001
vt 0.454281 0.145729
vt 0.414405 0.253533
vt 0.458720 0.139937
vt 0.403806 0.258814
vt 0.418581 0.270071
vt 0.447108 0.138399
vt 0.504139 0.268395
vt 0.502196 0.264060
vt 0.450383 0.152176
vt 0.512801 0.264323
vt 0.443331 0.147261
vt 0.443006 0.144621
vt 0.419436 0.275667
vt 0.407149 0.265420
vt 0.445866 0.134501
vt 0.373672 0.384357
vt 0.410945 0.270214
vt 0.438524 0.135519
vt 0.440997 0.140909
vt 0.451143 0.157724
vt 0.451833 0.153985
vt 0.446222 0.158140
vt 0.444304 0.154274
vt 0.396529 0.268674
vt 0.355836 0.365076
vt 0.430962 0.146349
vt 0.435177 0.150805
vt 0.411671 0.280827
vt 0.429163 0.144013
vt 0.405967 0.278364
vt 0.431700 0.139345
vt 0.411372 0.274164
vt 0.405293 0.274544
vt 0.524058 0.249448
vt 0.399645 0.272792
vt 0.397549 0.276754
vt 0.366897 0.379854
vt 0.536452 0.253807
vt 0.422727 0.135028
vt 0.417659 0.131451
vt 0.398717 0.283092
vt 0.527442 0.257118
vt 0.343893 0.326822
vt 0.347931 0.336561
vt 0.420144 0.145272
vt 0.418860 0.140033
vt 0.410423 0.143453
vt 0.535022 0.263936
vt 0.415000 0.133331
vt 0.326888 0.336921
vt 0.546545 0.255145
vt 0.388779 0.278201
vt 0.411069 0.130268
vt 0.554817 0.259987
vt 0.340784 0.350562
vt 0.409488 0.140267
vt 0.325747 0.324497
vt 0.540744 0.259521
vt 0.406423 0.134863
vt 0.384576 0.278879
vt 0.547738 0.261677
vt 0.561501 0.259606
vt 0.557217 0.264970
vt 0.552688 0.268167
vt 0.403499 0.130312
vt 0.517561 0.263613
vt 0.524753 0.263560
vt 0.308485 0.340617
vt 0.400716 0.121513
vt 0.500839 0.334362
vt 0.502170 0.330012
vt 0.524045 0.268608
vt 0.504069 0.339815
vt 0.501016 0.339284
vt 0.497676 0.330145
vt 0.527779 0.272837
vt 0.534347 0.273436
vt 0.502341 0.344925
vt 0.505194 0.344083
vt 0.339595 0.371190
vt 0.325972 0.353868
vt 0.538836 0.269995
vt 0.543207 0.269638
vt 0.545519 0.279496
vt 0.547968 0.273750
vt 0.550638 0.275779
vt 0.560197 0.267720
vt 0.557784 0.275804
vt 0.557964 0.283727
vt 0.310327 0.359540
vt 0.324690 0.366505
vt 0.697141 0.251076
vt 0.684278 0.244672
vt 0.695945 0.245933
vt 0.632398 0.384818
vt 0.632272 0.390457
vt 0.625569 0.390792
vt 0.688176 0.253654
vt 0.687919 0.233839
vt 0.691465 0.215024
vt 0.696665 0.232473
vt 0.504021 0.028388
vt 0.504902 0.036841
vt 0.500522 0.041804
vt 0.621850 0.147598
vt 0.695163 0.259478
vt 0.605483 0.152208
vt 0.504490 0.044563
vt 0.636116 0.380359
vt 0.632565 0.376889
vt 0.679408 0.233788
vt 0.682437 0.231375
vt 0.637236 0.394063
vt 0.682522 0.256914
vt 0.686246 0.266654
vt 0.691209 0.262130
vt 0.640754 0.383589
vt 0.631093 0.395863
vt 0.601925 0.158254
vt 0.677730 0.240791
vt 0.609814 0.158593
vt 0.697869 0.265516
vt 0.643132 0.397578
vt 0.645721 0.390335
vt 0.613988 0.151657
vt 0.678288 0.246887
vt 0.703071 0.246005
vt 0.705586 0.253717
vt 0.622907 0.153914
vt 0.693821 0.243481
vt 0.701880 0.260811
vt 0.623272 0.396579
vt 0.615700 0.385059
vt 0.616713 0.161590
vt 0.622074 0.409558
vt 0.614988 0.397613
vt 0.627354 0.400703
vt 0.675149 0.275407
vt 0.687001 0.276967
vt 0.631750 0.401953
vt 0.684606 0.282812
vt 0.622557 0.166718
vt 0.629229 0.161988
vt 0.636193 0.399060
vt 0.665421 0.285210
vt 0.661916 0.273114
vt 0.669623 0.270646
vt 0.693996 0.198561
vt 0.686080 0.207280
vt 0.688382 0.193173
vt 0.498193 0.037697
vt 0.498589 0.027190
vt 0.635856 0.404759
vt 0.672338 0.282906
vt 0.504603 0.019138
vt 0.695678 0.183810
vt 0.699890 0.197821
vt 0.493183 0.034619
vt 0.696428 0.199872
vt 0.491026 0.025089
vt 0.651230 0.397014
vt 0.677527 0.284932
vt 0.640769 0.410199
vt 0.639416 0.364983
vt 0.636313 0.360858
vt 0.636454 0.351704
vt 0.663002 0.296650
vt 0.672455 0.295915
vt 0.700643 0.189218
vt 0.707979 0.194727
vt 0.647608 0.354307
vt 0.670089 0.302690
vt 0.680635 0.290295
vt 0.646768 0.367470
vt 0.710476 0.200715
vt 0.703393 0.206628
vt 0.483827 0.033015
vt 0.653840 0.363368
vt 0.651474 0.346092
vt 0.660710 0.356077
vt 0.690340 0.287795
vt 0.695641 0.206280
vt 0.707524 0.205991
vt 0.692318 0.275604
vt 0.710866 0.207860
vt 0.484668 0.021882
vt 0.641113 0.375258
vt 0.706527 0.212983
vt 0.476377 0.024435
vt 0.650047 0.376342
vt 0.712446 0.190392
vt 0.707760 0.184469
vt 0.629780 0.150097
vt 0.714814 0.185816
vt 0.725043 0.190996
vt 0.633214 0.146078
vt 0.633605 0.149550
vt 0.702957 0.271096
vt 0.714833 0.196782
vt 0.657082 0.372469
vt 0.500133 0.017334
vt 0.707269 0.262856
vt 0.663613 0.368478
vt 0.500310 0.013044
vt 0.721825 0.198019
vt 0.659846 0.382547
vt 0.494198 0.017762
vt 0.642045 0.146286
vt 0.636205 0.145874
vt 0.643826 0.143750
vt 0.638180 0.146965
vt 0.726989 0.186795
vt 0.705605 0.286471
vt 0.644253 0.151043
vt 0.487041 0.015887
vt 0.729446 0.188998
vt 0.669108 0.363274
vt 0.672969 0.346990
vt 0.729369 0.184409
vt 0.652061 0.146008
vt 0.726786 0.199541
vt 0.729418 0.194960
vt 0.716258 0.280207
vt 0.629184 0.155015
vt 0.672478 0.369014
vt 0.735526 0.187283
vt 0.734832 0.198260
vt 0.633444 0.152743
vt 0.676629 0.355409
vt 0.714042 0.206061
vt 0.682678 0.367468
vt 0.716832 0.202682
vt 0.632236 0.158707
vt 0.634999 0.156095
vt 0.638780 0.152940
vt 0.642780 0.157819
vt 0.710041 0.238699
vt 0.632320 0.165916
vt 0.723073 0.205098
vt 0.720114 0.205782
vt 0.636066 0.161476
vt 0.653672 0.383533
vt 0.720377 0.212562
vt 0.714025 0.245662
vt 0.656830 0.390156
vt 0.710770 0.248891
vt 0.646402 0.155369
vt 0.713004 0.247719
vt 0.651966 0.153875
vt 0.670007 0.377030
vt 0.720698 0.245244
vt 0.717727 0.231542
vt 0.646348 0.161299
vt 0.650952 0.159808
vt 0.655966 0.160236
vt 0.727422 0.207199
vt 0.731154 0.204204
vt 0.711559 0.255918
vt 0.716737 0.255038
vt 0.649831 0.404521
vt 0.657336 0.402401
vt 0.705786 0.257806
vt 0.716061 0.215265
vt 0.721552 0.264934
vt 0.723562 0.215098
vt 0.717248 0.248796
vt 0.664744 0.395387
vt 0.670523 0.384935
vt 0.720268 0.248686
vt 0.726947 0.211636
vt 0.668593 0.398486
vt 0.727229 0.250420
vt 0.728475 0.247497
vt 0.476335 0.016053
vt 0.465545 0.017988
vt 0.728515 0.257155
vt 0.462843 0.027776
vt 0.680846 0.374426
vt 0.733093 0.212922
vt 0.722790 0.228106
vt 0.730592 0.230637
vt 0.685389 0.383474
vt 0.741216 0.240919
vt 0.689982 0.371485
vt 0.455946 0.020930
vt 0.740774 0.208865
vt 0.738487 0.221866
vt 0.739356 0.231419
vt 0.744113 0.236021
vt 0.743552 0.229188
vt 0.681828 0.385873
vt 0.657232 0.143826
vt 0.673255 0.395913
vt 0.663586 0.145878
vt 0.676798 0.394287
vt 0.743995 0.217024
vt 0.738099 0.247423
vt 0.743773 0.221530
vt 0.682855 0.395027
vt 0.468053 0.011857
vt 0.732700 0.250665
vt 0.734934 0.254201
vt 0.664350 0.152203
vt 0.661742 0.155105
vt 0.691818 0.206156
vt 0.658000 0.156216
vt 0.600129 0.404128
vt 0.614124 0.416161
vt 0.751064 0.244427
vt 0.740171 0.246840
vt 0.741872 0.249417
vt 0.626657 0.416830
vt 0.700496 0.212278
vt 0.674938 0.152276
vt 0.670030 0.155929
vt 0.462083 0.012105
vt 0.672595 0.145664
vt 0.676643 0.145095
vt 0.449617 0.016323
vt 0.725642 0.262566
vt 0.620394 0.427432
vt 0.449193 0.011967
vt 0.629794 0.416736
vt 0.627462 0.425093
vt 0.685695 0.145175
vt 0.605024 0.430010
vt 0.625377 0.430658
vt 0.629861 0.427696
vt 0.603685 0.166360
vt 0.596154 0.169953
vt 0.703565 0.226993
vt 0.708848 0.228835
vt 0.614866 0.168875
vt 0.632603 0.412290
vt 0.635447 0.414944
vt 0.731056 0.265738
vt 0.607828 0.172840
vt 0.712341 0.215278
vt 0.727471 0.283935
vt 0.737143 0.278901
vt 0.632835 0.420509
vt 0.646404 0.416537
vt 0.733281 0.261810
vt 0.643671 0.420759
vt 0.738311 0.265909
vt 0.744334 0.259789
vt 0.654473 0.413073
vt 0.639111 0.424728
vt 0.753539 0.256672
vt 0.608228 0.178532
vt 0.648995 0.422572
vt 0.649011 0.431951
vt 0.616482 0.176916
vt 0.659226 0.418373
vt 0.654381 0.424604
vt 0.635744 0.424287
vt 0.633330 0.427199
vt 0.623332 0.171223
vt 0.631012 0.436788
vt 0.638384 0.432477
vt 0.634117 0.433286
vt 0.643661 0.432843
vt 0.631288 0.170594
vt 0.631758 0.177586
vt 0.633419 0.177064
vt 0.758430 0.272679
vt 0.608810 0.435355
vt 0.623789 0.180657
vt 0.680868 0.298908
vt 0.609528 0.443265
vt 0.617083 0.436250
vt 0.617394 0.187737
vt 0.677667 0.318895
vt 0.666556 0.309795
vt 0.634271 0.188196
vt 0.636359 0.185879
vt 0.630808 0.188903
vt 0.603098 0.444185
vt 0.593931 0.440118
vt 0.696727 0.303182
vt 0.596699 0.449456
vt 0.690146 0.315187
vt 0.598807 0.453371
vt 0.605174 0.450465
vt 0.610265 0.447362
vt 0.526223 0.397593
vt 0.524666 0.404660
vt 0.619319 0.445967
vt 0.622645 0.456155
vt 0.628444 0.441503
vt 0.602497 0.194144
vt 0.633664 0.445008
vt 0.631132 0.447929
vt 0.517622 0.413112
vt 0.626834 0.449049
vt 0.513980 0.416192
vt 0.714953 0.295066
vt 0.712696 0.301932
vt 0.631065 0.455820
vt 0.635974 0.444086
vt 0.634377 0.452382
vt 0.526790 0.422071
vt 0.630216 0.460744
vt 0.538231 0.410299
vt 0.661436 0.431521
vt 0.636477 0.435920
vt 0.713672 0.321237
vt 0.707522 0.308262
vt 0.638726 0.440082
vt 0.516280 0.422581
vt 0.522965 0.423759
vt 0.714050 0.311083
vt 0.651584 0.444658
vt 0.654773 0.436805
vt 0.673299 0.332110
vt 0.688120 0.339962
vt 0.624107 0.202567
vt 0.615885 0.201867
vt 0.642522 0.446074
vt 0.517957 0.429749
vt 0.628272 0.200757
vt 0.631940 0.196776
vt 0.646990 0.456354
vt 0.612464 0.219810
vt 0.699185 0.328699
vt 0.531560 0.431616
vt 0.660818 0.448420
vt 0.621495 0.212909
vt 0.679431 0.339344
vt 0.626853 0.215223
vt 0.538717 0.432457
vt 0.684174 0.342315
vt 0.635118 0.197036
vt 0.661717 0.412270
vt 0.631803 0.210441
vt 0.665188 0.405431
vt 0.634555 0.204932
vt 0.699770 0.340652
vt 0.678854 0.408076
vt 0.638817 0.203604
vt 0.634803 0.217221
vt 0.635558 0.210840
vt 0.555596 0.424592
vt 0.550488 0.432428
vt 0.640028 0.214354
vt 0.643541 0.210085
vt 0.664756 0.424493
vt 0.669651 0.419116
vt 0.673401 0.410067
vt 0.552974 0.443611
vt 0.583413 0.217542
vt 0.595315 0.216624
vt 0.680464 0.419160
vt 0.561032 0.441587
vt 0.564161 0.264947
vt 0.683377 0.405658
vt 0.693405 0.391700
vt 0.696098 0.383351
vt 0.581593 0.222386
vt 0.690471 0.397370
vt 0.562661 0.275412
vt 0.589930 0.225289
vt 0.695501 0.402068
vt 0.735261 0.302559
vt 0.575273 0.266565
vt 0.580207 0.227385
vt 0.686042 0.414590
vt 0.589878 0.237881
vt 0.691834 0.413481
vt 0.569758 0.279926
vt 0.606089 0.231475
vt 0.690592 0.405649
vt 0.703261 0.406963
vt 0.700333 0.414436
vt 0.575813 0.291557
vt 0.580680 0.279677
vt 0.742841 0.291587
vt 0.670989 0.436685
vt 0.672054 0.429512
vt 0.558578 0.294915
vt 0.677079 0.423700
vt 0.563543 0.289088
vt 0.682360 0.431523
vt 0.754907 0.284918
vt 0.663299 0.438984
vt 0.668354 0.441152
vt 0.678798 0.439304
vt 0.621851 0.238579
vt 0.669722 0.445912
vt 0.688219 0.424616
vt 0.580460 0.237479
vt 0.587140 0.290503
vt 0.578867 0.306142
vt 0.728885 0.315482
vt 0.598985 0.300059
vt 0.597144 0.290835
vt 0.696784 0.422468
vt 0.575298 0.243011
vt 0.577247 0.252000
vt 0.704853 0.425305
vt 0.568460 0.259350
vt 0.744149 0.318029
vt 0.691440 0.434740
vt 0.688583 0.439294
vt 0.583790 0.249164
vt 0.700104 0.432584
vt 0.724672 0.331161
vt 0.584322 0.260269
vt 0.591268 0.255027
vt 0.742654 0.333310
vt 0.694273 0.346536
vt 0.680227 0.353027
vt 0.686665 0.353685
vt 0.754731 0.304541
vt 0.696339 0.350940
vt 0.608798 0.254352
vt 0.616827 0.245580
vt 0.706326 0.353786
vt 0.689780 0.360279
vt 0.769334 0.295361
vt 0.773510 0.315915
vt 0.759122 0.321959
vt 0.701299 0.358480
vt 0.714956 0.340307
vt 0.629378 0.220416
vt 0.632853 0.221018
vt 0.591409 0.269998
vt 0.601542 0.268954
vt 0.627769 0.224559
vt 0.634103 0.228672
vt 0.635971 0.228099
vt 0.639670 0.220937
vt 0.562900 0.345690
vt 0.547409 0.355312
vt 0.713847 0.360532
vt 0.611596 0.263117
vt 0.650872 0.218122
vt 0.728228 0.351773
vt 0.632181 0.232035
vt 0.584970 0.270002
vt 0.627923 0.236806
vt 0.636394 0.235466
vt 0.633051 0.237250
vt 0.561669 0.365925
vt 0.550539 0.370618
vt 0.699942 0.366480
vt 0.641140 0.228549
vt 0.700315 0.376002
vt 0.706973 0.367213
vt 0.643375 0.239276
vt 0.647680 0.232859
vt 0.575772 0.355582
vt 0.599100 0.281362
vt 0.705781 0.383810
vt 0.567999 0.371403
vt 0.618939 0.255522
vt 0.624704 0.246801
vt 0.581725 0.376961
vt 0.603184 0.283680
vt 0.607585 0.271285
vt 0.712208 0.377398
vt 0.625461 0.251612
vt 0.623358 0.255596
vt 0.619883 0.261352
vt 0.631759 0.255149
vt 0.630143 0.260421
vt 0.580671 0.336554
vt 0.633121 0.258973
vt 0.631894 0.266194
vt 0.591792 0.280445
vt 0.586103 0.281727
vt 0.728076 0.359005
vt 0.629975 0.239720
vt 0.632066 0.247622
vt 0.635185 0.246042
vt 0.723472 0.365085
vt 0.728595 0.362815
vt 0.719135 0.370915
vt 0.534502 0.371619
vt 0.646164 0.246172
vt 0.721967 0.380373
vt 0.730401 0.370111
vt 0.728464 0.378046
vt 0.652494 0.242589
vt 0.540788 0.371296
vt 0.736062 0.370518
vt 0.635600 0.256198
vt 0.640925 0.253230
vt 0.544757 0.381342
vt 0.734549 0.343905
vt 0.643751 0.259427
vt 0.535007 0.386357
vt 0.652193 0.254775
vt 0.613499 0.265744
vt 0.635703 0.263560
vt 0.557672 0.373434
vt 0.635536 0.167517
vt 0.735518 0.352427
vt 0.740843 0.344443
vt 0.644062 0.164583
vt 0.640415 0.175997
vt 0.620229 0.269945
vt 0.622959 0.263759
vt 0.636709 0.173871
vt 0.637338 0.180042
vt 0.554559 0.378526
vt 0.555741 0.384375
vt 0.749550 0.343351
vt 0.755260 0.334269
vt 0.652830 0.167182
vt 0.655490 0.173552
vt 0.571487 0.385904
vt 0.542197 0.388465
vt 0.547895 0.386635
vt 0.627272 0.269708
vt 0.648416 0.179470
vt 0.645503 0.189045
vt 0.632268 0.274359
vt 0.611465 0.280497
vt 0.767756 0.337771
vt 0.619107 0.278144
vt 0.663155 0.160844
vt 0.627262 0.276180
vt 0.659919 0.166698
vt 0.588108 0.363709
vt 0.591515 0.361291
vt 0.594035 0.354657
vt 0.754362 0.348225
vt 0.665782 0.168011
vt 0.670343 0.163745
vt 0.673336 0.154411
vt 0.673455 0.160385
vt 0.743629 0.358699
vt 0.667838 0.159271
vt 0.620221 0.283992
vt 0.626466 0.281269
vt 0.596851 0.357890
vt 0.739194 0.362680
vt 0.624841 0.287741
vt 0.604546 0.366005
vt 0.748979 0.354174
vt 0.678087 0.162306
vt 0.635571 0.275934
vt 0.676540 0.165314
vt 0.591223 0.371606
vt 0.665504 0.178707
vt 0.662573 0.186234
vt 0.631158 0.280168
vt 0.633847 0.281828
vt 0.674322 0.169468
vt 0.598285 0.368515
vt 0.745366 0.370147
vt 0.632047 0.284380
vt 0.683650 0.168383
vt 0.673745 0.178723
vt 0.751829 0.365184
vt 0.599222 0.374190
vt 0.635758 0.289739
vt 0.679665 0.176627
vt 0.609571 0.357783
vt 0.638312 0.288863
vt 0.641227 0.279408
vt 0.653212 0.187932
vt 0.760306 0.364718
vt 0.762189 0.359153
vt 0.758420 0.345849
vt 0.652315 0.266795
vt 0.671006 0.185994
vt 0.616303 0.354349
vt 0.623518 0.361260
vt 0.761096 0.349312
vt 0.778449 0.355385
vt 0.785509 0.340796
vt 0.617364 0.370457
vt 0.680078 0.186713
vt 0.642297 0.268443
vt 0.684913 0.189047
vt 0.682689 0.191230
vt 0.673443 0.196719
vt 0.605277 0.375333
vt 0.683892 0.197500
vt 0.625473 0.375439
vt 0.646759 0.282618
vt 0.645002 0.201387
vt 0.769798 0.360888
vt 0.657194 0.196535
vt 0.651513 0.283604
vt 0.712182 0.393293
vt 0.598881 0.382420
vt 0.650373 0.206313
vt 0.707366 0.400773
vt 0.718412 0.390447
vt 0.653489 0.208860
vt 0.721970 0.394474
vt 0.657779 0.278073
vt 0.716526 0.401221
vt 0.666273 0.194393
vt 0.588826 0.395346
vt 0.659900 0.208332
vt 0.726725 0.387561
vt 0.663435 0.201800
vt 0.608335 0.287301
vt 0.602796 0.294119
vt 0.672179 0.204231
vt 0.733625 0.386285
vt 0.741838 0.383800
vt 0.611765 0.292208
vt 0.605980 0.388288
vt 0.724649 0.391263
vt 0.734093 0.390488
vt 0.734415 0.393640
vt 0.445269 0.025659
vt 0.605218 0.380336
vt 0.622807 0.302302
vt 0.626053 0.294047
vt 0.740125 0.391674
vt 0.729666 0.401586
vt 0.437182 0.016608
vt 0.745052 0.399868
vt 0.432442 0.021633
vt 0.716887 0.407797
vt 0.724637 0.406120
vt 0.722567 0.415341
vt 0.613335 0.387329
vt 0.608101 0.303712
vt 0.730824 0.408314
vt 0.737991 0.403236
vt 0.693873 0.144990
vt 0.697231 0.143381
vt 0.604245 0.311533
vt 0.702417 0.145885
vt 0.698590 0.148342
vt 0.744823 0.395918
vt 0.614829 0.300001
vt 0.683493 0.152566
vt 0.739986 0.411703
vt 0.727595 0.416109
vt 0.662852 0.340899
vt 0.690897 0.148495
vt 0.739931 0.418556
vt 0.733723 0.419608
vt 0.672241 0.339315
vt 0.689633 0.154787
vt 0.687165 0.156644
vt 0.682716 0.159523
vt 0.632338 0.290142
vt 0.745590 0.416879
vt 0.747671 0.413085
vt 0.694214 0.156512
vt 0.698648 0.154381
vt 0.526085 0.386271
vt 0.702341 0.152211
vt 0.751612 0.378924
vt 0.688359 0.165313
vt 0.631412 0.299202
vt 0.533461 0.396100
vt 0.759251 0.374007
vt 0.633367 0.298572
vt 0.692835 0.171122
vt 0.755935 0.380251
vt 0.539468 0.395937
vt 0.642821 0.290643
vt 0.695654 0.161490
vt 0.748812 0.391852
vt 0.636023 0.302481
vt 0.754605 0.389599
vt 0.703344 0.162447
vt 0.704938 0.159852
vt 0.628200 0.303025
vt 0.699751 0.168670
vt 0.753632 0.393607
vt 0.764498 0.386281
vt 0.631125 0.310811
vt 0.760122 0.388583
vt 0.634047 0.306476
vt 0.633252 0.311305
vt 0.423167 0.020753
vt 0.427522 0.016204
vt 0.553413 0.407082
vt 0.431377 0.010263
vt 0.772040 0.370460
vt 0.774644 0.365955
vt 0.768409 0.376993
vt 0.423182 0.011876
vt 0.639074 0.303493
vt 0.569623 0.401257
vt 0.563995 0.411465
vt 0.636471 0.313023
vt 0.425352 0.009783
vt 0.713857 0.151193
vt 0.415469 0.015889
vt 0.417885 0.009971
vt 0.709948 0.156458
vt 0.770187 0.388244
vt 0.776915 0.377272
vt 0.775903 0.390617
vt 0.782618 0.373147
vt 0.781527 0.377443
vt 0.651340 0.296971
vt 0.718830 0.150277
vt 0.412430 0.010846
vt 0.784473 0.383885
vt 0.726910 0.152172
vt 0.751193 0.401603
vt 0.755813 0.398114
vt 0.760069 0.394881
vt 0.723736 0.157711
vt 0.764687 0.394574
vt 0.574288 0.409241
vt 0.652686 0.303934
vt 0.771379 0.398085
vt 0.771225 0.395283
vt 0.709852 0.165429
vt 0.713694 0.162059
vt 0.716836 0.158600
vt 0.754709 0.410609
vt 0.645429 0.312696
vt 0.769169 0.410100
vt 0.762129 0.419273
vt 0.688989 0.181291
vt 0.687535 0.184178
vt 0.773350 0.404130
vt 0.696281 0.177574
vt 0.663297 0.304752
vt 0.571165 0.424113
vt 0.705798 0.176140
vt 0.696984 0.181474
vt 0.703837 0.180790
vt 0.554573 0.309749
vt 0.775700 0.396948
vt 0.580030 0.419334
vt 0.783856 0.392336
vt 0.790615 0.388181
vt 0.590548 0.413347
vt 0.701571 0.183393
vt 0.777306 0.401950
vt 0.565877 0.301936
vt 0.780517 0.398631
vt 0.783445 0.401550
vt 0.790758 0.392590
vt 0.579886 0.428983
vt 0.591457 0.427681
vt 0.789485 0.400620
vt 0.794271 0.398171
vt 0.712337 0.170889
vt 0.723193 0.164623
vt 0.722666 0.169241
vt 0.701281 0.397771
vt 0.730172 0.161167
vt 0.568698 0.433404
vt 0.734474 0.168250
vt 0.726446 0.173494
vt 0.558234 0.319538
vt 0.567970 0.313275
vt 0.713713 0.183230
vt 0.714595 0.180239
vt 0.720011 0.182009
vt 0.714250 0.409113
vt 0.574102 0.320500
vt 0.722160 0.178244
vt 0.731888 0.180951
vt 0.711399 0.417123
vt 0.720365 0.416130
vt 0.713484 0.426247
vt 0.660274 0.217025
vt 0.662454 0.213621
vt 0.584303 0.441280
vt 0.719374 0.424224
vt 0.589668 0.319185
vt 0.668107 0.211637
vt 0.728164 0.420434
vt 0.656758 0.230187
vt 0.662147 0.224257
vt 0.670889 0.221183
vt 0.573658 0.450071
vt 0.672214 0.230012
vt 0.676282 0.214690
vt 0.679928 0.207195
vt 0.683498 0.203781
vt 0.632620 0.368520
vt 0.632020 0.360803
vt 0.633749 0.359099
vt 0.636020 0.369828
vt 0.682357 0.211434
vt 0.677555 0.224432
vt 0.681004 0.222087
vt 0.685585 0.220067
vt 0.659200 0.242090
vt 0.668298 0.235382
vt 0.658255 0.253207
vt 0.663717 0.250528
vt 0.666749 0.246628
vt 0.672369 0.254305
vt 0.606254 0.328091
vt 0.611878 0.322793
vt 0.611068 0.315271
vt 0.614810 0.333897
vt 0.598314 0.342934
vt 0.621086 0.347272
vt 0.619598 0.333526
vt 0.626131 0.336584
vt 0.626073 0.353077
vt 0.621363 0.316557
vt 0.632105 0.318213
vt 0.634911 0.318617
vt 0.633544 0.321897
vt 0.635886 0.323512
vt 0.640689 0.320203
vt 0.624023 0.327149
vt 0.632167 0.326467
vt 0.633966 0.330833
vt 0.642350 0.332107
vt 0.632831 0.337213
vt 0.636591 0.339824
vt 0.655092 0.320645
vt 0.650166 0.325248
vt 0.648052 0.330745
vt 0.658646 0.314135
vt 0.662346 0.319143
vt 0.656816 0.325704
vt 0.663311 0.328526
vt 0.654322 0.336839
vt 0.669315 0.332783
vt 0.632759 0.351625
vt 0.642842 0.344052
vt 0.634274 0.346456
vt 0.664867 0.257326
vt 0.662629 0.264643
vt 0.674751 0.265394
vt 0.676217 0.259786
vt 0.369782 0.116928
vt 0.096231 0.184562
vt 0.088580 0.182100
vt 0.101462 0.180058
vt 0.294792 0.284515
vt 0.290331 0.266898
vt 0.301342 0.271674
vt 0.896324 0.167916
vt 0.891109 0.163388
vt 0.900396 0.162497
vt 0.897933 0.178870
vt 0.890319 0.174385
vt 0.116406 0.171664
vt 0.115004 0.185050
vt 0.110801 0.181316
vt 0.363112 0.111758
vt 0.292156 0.281857
vt 0.288579 0.272653
vt 0.234243 0.028123
vt 0.231569 0.022313
vt 0.239523 0.014272
vt 0.285268 0.275804
vt 0.282567 0.270631
vt 0.313218 0.152747
vt 0.317157 0.162362
vt 0.305836 0.158591
vt 0.100964 0.185592
vt 0.307849 0.161479
vt 0.107331 0.188671
vt 0.358071 0.139956
vt 0.362811 0.130084
vt 0.224380 0.028708
vt 0.222088 0.023185
vt 0.225927 0.013775
vt 0.083345 0.185202
vt 0.307361 0.304532
vt 0.311967 0.285926
vt 0.104381 0.196904
vt 0.096865 0.194186
vt 0.092074 0.189063
vt 0.352650 0.146545
vt 0.350521 0.143214
vt 0.359238 0.146468
vt 0.354246 0.150526
vt 0.301074 0.292392
vt 0.091480 0.197850
vt 0.894030 0.143208
vt 0.898930 0.144890
vt 0.891393 0.146904
vt 0.901328 0.142700
vt 0.901919 0.148775
vt 0.225766 0.010573
vt 0.892423 0.153556
vt 0.076392 0.173007
vt 0.093585 0.167732
vt 0.079760 0.182379
vt 0.906262 0.145319
vt 0.347138 0.146869
vt 0.341777 0.151023
vt 0.337791 0.146619
vt 0.339464 0.142747
vt 0.912207 0.151153
vt 0.349048 0.138958
vt 0.067270 0.182266
vt 0.353447 0.129302
vt 0.073658 0.187509
vt 0.068364 0.184970
vt 0.338412 0.138547
vt 0.217011 0.017892
vt 0.216864 0.025489
vt 0.085428 0.193628
vt 0.078274 0.188063
vt 0.080143 0.194087
vt 0.212863 0.014055
vt 0.213529 0.010220
vt 0.363828 0.121365
vt 0.297607 0.302720
vt 0.915933 0.145734
vt 0.073789 0.193892
vt 0.068703 0.192835
vt 0.071359 0.196873
vt 0.206793 0.023051
vt 0.064159 0.190492
vt 0.358005 0.126562
vt 0.125020 0.190114
vt 0.917967 0.149695
vt 0.113045 0.200981
vt 0.121079 0.202063
vt 0.358427 0.112595
vt 0.290284 0.283679
vt 0.914423 0.156196
vt 0.286447 0.281997
vt 0.272557 0.275821
vt 0.097241 0.203783
vt 0.101566 0.208013
vt 0.278770 0.280494
vt 0.118657 0.209226
vt 0.903831 0.157601
vt 0.895237 0.157582
vt 0.109664 0.206745
vt 0.105768 0.203777
vt 0.354744 0.105715
vt 0.279826 0.285847
vt 0.360133 0.099713
vt 0.892198 0.160254
vt 0.110974 0.214316
vt 0.290364 0.294064
vt 0.908711 0.158606
vt 0.104660 0.211943
vt 0.286656 0.288596
vt 0.329215 0.142252
vt 0.905272 0.163984
vt 0.292576 0.301380
vt 0.339051 0.134238
vt 0.903680 0.168730
vt 0.102705 0.215795
vt 0.088754 0.207111
vt 0.095246 0.210832
vt 0.909602 0.164747
vt 0.289767 0.303112
vt 0.284915 0.299417
vt 0.092982 0.217188
vt 0.333216 0.127587
vt 0.325908 0.138496
vt 0.278842 0.293520
vt 0.279974 0.296981
vt 0.920203 0.154313
vt 0.084295 0.198025
vt 0.912952 0.161908
vt 0.315610 0.126958
vt 0.310027 0.139587
vt 0.271131 0.258012
vt 0.283334 0.253280
vt 0.286590 0.259736
vt 0.920671 0.157837
vt 0.921835 0.161806
vt 0.274130 0.267105
vt 0.280356 0.247751
vt 0.918559 0.166967
vt 0.079382 0.202557
vt 0.259608 0.251200
vt 0.263398 0.238575
vt 0.268020 0.251487
vt 0.073659 0.202899
vt 0.341309 0.115980
vt 0.068940 0.207262
vt 0.274165 0.240829
vt 0.199261 0.060005
vt 0.202085 0.063226
vt 0.192236 0.063520
vt 0.329702 0.105139
vt 0.073660 0.211177
vt 0.084221 0.211052
vt 0.201168 0.053591
vt 0.207777 0.057305
vt 0.198920 0.057677
vt 0.194295 0.054956
vt 0.282186 0.264985
vt 0.188438 0.058392
vt 0.084001 0.215214
vt 0.266460 0.263661
vt 0.188632 0.054455
vt 0.193104 0.051421
vt 0.076582 0.215904
vt 0.263265 0.269047
vt 0.083666 0.224705
vt 0.196705 0.045044
vt 0.207529 0.048093
vt 0.201500 0.040308
vt 0.197262 0.040288
vt 0.182656 0.063278
vt 0.184743 0.049316
vt 0.255719 0.262631
vt 0.181962 0.055155
vt 0.178728 0.057822
vt 0.250696 0.236292
vt 0.174900 0.063873
vt 0.250062 0.250356
vt 0.303919 0.117689
vt 0.174441 0.052251
vt 0.183931 0.040303
vt 0.192815 0.037046
vt 0.178273 0.040247
vt 0.354863 0.157984
vt 0.347974 0.156023
vt 0.208165 0.036519
vt 0.203629 0.035899
vt 0.352607 0.165255
vt 0.243609 0.244024
vt 0.237823 0.235032
vt 0.173956 0.058315
vt 0.174857 0.054894
vt 0.171174 0.057937
vt 0.208786 0.029439
vt 0.336895 0.160856
vt 0.346338 0.164764
vt 0.199276 0.030620
vt 0.168743 0.048014
vt 0.173059 0.040732
vt 0.169653 0.055723
vt 0.165141 0.058648
vt 0.336130 0.157101
vt 0.349539 0.169145
vt 0.245342 0.267950
vt 0.198899 0.026611
vt 0.344252 0.168022
vt 0.352216 0.172523
vt 0.168153 0.039160
vt 0.241008 0.257378
vt 0.234588 0.249313
vt 0.344839 0.174217
vt 0.197902 0.023788
vt 0.158049 0.057636
vt 0.336389 0.164676
vt 0.157609 0.047205
vt 0.201353 0.013659
vt 0.339333 0.167687
vt 0.337981 0.174023
vt 0.331981 0.168848
vt 0.157238 0.038710
vt 0.194646 0.030952
vt 0.170838 0.032433
vt 0.330938 0.150879
vt 0.166233 0.030357
vt 0.328186 0.146797
vt 0.186188 0.029550
vt 0.258912 0.278363
vt 0.255298 0.270875
vt 0.157137 0.030453
vt 0.155104 0.057721
vt 0.154129 0.045484
vt 0.250865 0.276281
vt 0.318993 0.146599
vt 0.271147 0.284324
vt 0.261471 0.283600
vt 0.176893 0.031075
vt 0.191507 0.025477
vt 0.314776 0.141940
vt 0.192052 0.020357
vt 0.180259 0.026301
vt 0.170330 0.024771
vt 0.265024 0.289815
vt 0.252375 0.287764
vt 0.172416 0.017985
vt 0.183659 0.018702
vt 0.323259 0.161218
vt 0.326137 0.170716
vt 0.273785 0.300912
vt 0.190497 0.014673
vt 0.321013 0.172465
vt 0.161818 0.024184
vt 0.177753 0.013111
vt 0.257813 0.290933
vt 0.310779 0.147109
vt 0.303441 0.146740
vt 0.301220 0.143287
vt 0.167870 0.011009
vt 0.162178 0.015934
vt 0.302205 0.152049
vt 0.296656 0.146907
vt 0.202720 0.009524
vt 0.233640 0.261716
vt 0.295101 0.158360
vt 0.230315 0.270421
vt 0.293334 0.139662
vt 0.292752 0.143355
vt 0.061609 0.168897
vt 0.054658 0.181990
vt 0.930224 0.149077
vt 0.926958 0.156029
vt 0.052931 0.167366
vt 0.290374 0.150318
vt 0.285497 0.145928
vt 0.245208 0.282175
vt 0.047526 0.167527
vt 0.044914 0.177295
vt 0.284406 0.154193
vt 0.237623 0.276174
vt 0.937252 0.156642
vt 0.943539 0.155696
vt 0.928819 0.160002
vt 0.934471 0.163726
vt 0.945304 0.160200
vt 0.930728 0.155736
vt 0.936751 0.154130
vt 0.946907 0.157866
vt 0.939945 0.168846
vt 0.949035 0.166746
vt 0.271948 0.146277
vt 0.280181 0.148522
vt 0.194977 0.009682
vt 0.280089 0.139861
vt 0.947244 0.170705
vt 0.942909 0.174973
vt 0.272674 0.138994
vt 0.277928 0.130384
vt 0.235946 0.283449
vt 0.275297 0.151861
vt 0.948255 0.178208
vt 0.956447 0.173069
vt 0.228509 0.277206
vt 0.188270 0.009619
vt 0.925905 0.167098
vt 0.264623 0.140263
vt 0.944513 0.149117
vt 0.932196 0.167098
vt 0.928149 0.171753
vt 0.924557 0.173825
vt 0.306507 0.133295
vt 0.921687 0.174126
vt 0.934983 0.167513
vt 0.930752 0.175063
vt 0.934621 0.173218
vt 0.921664 0.179323
vt 0.927455 0.180920
vt 0.300488 0.321402
vt 0.940722 0.153671
vt 0.947568 0.153192
vt 0.931675 0.179712
vt 0.930814 0.185379
vt 0.935924 0.180129
vt 0.943240 0.184864
vt 0.294431 0.306595
vt 0.960509 0.146031
vt 0.952188 0.152311
vt 0.959086 0.150359
vt 0.289967 0.315394
vt 0.291348 0.309173
vt 0.961868 0.152966
vt 0.954776 0.157171
vt 0.963478 0.156936
vt 0.950753 0.154354
vt 0.318062 0.165438
vt 0.316560 0.170145
vt 0.310900 0.165571
vt 0.954983 0.165285
vt 0.954403 0.160309
vt 0.306489 0.171930
vt 0.304367 0.108051
vt 0.957387 0.163164
vt 0.310146 0.176720
vt 0.313345 0.172048
vt 0.963125 0.160407
vt 0.966845 0.147779
vt 0.285039 0.323304
vt 0.282713 0.303980
vt 0.343785 0.177873
vt 0.345118 0.181369
vt 0.971345 0.148652
vt 0.967255 0.152607
vt 0.285817 0.306863
vt 0.342858 0.187399
vt 0.340332 0.190525
vt 0.970145 0.156620
vt 0.974551 0.153185
vt 0.280556 0.310421
vt 0.306306 0.092407
vt 0.953092 0.167961
vt 0.962010 0.168541
vt 0.960755 0.162722
vt 0.278312 0.305398
vt 0.265825 0.303453
vt 0.268019 0.309464
vt 0.331872 0.177880
vt 0.335190 0.181842
vt 0.963178 0.175522
vt 0.966187 0.160086
vt 0.970058 0.166266
vt 0.290221 0.095984
vt 0.298248 0.089757
vt 0.977367 0.159755
vt 0.970903 0.161117
vt 0.326963 0.180632
vt 0.978022 0.163844
vt 0.269499 0.318333
vt 0.262592 0.311719
vt 0.347131 0.190091
vt 0.345110 0.193918
vt 0.950814 0.184032
vt 0.947556 0.181789
vt 0.954392 0.178828
vt 0.960001 0.185203
vt 0.953805 0.192471
vt 0.342787 0.201419
vt 0.936384 0.183851
vt 0.937267 0.187305
vt 0.930035 0.191904
vt 0.296467 0.344039
vt 0.337375 0.200224
vt 0.336765 0.192293
vt 0.939511 0.192521
vt 0.943771 0.196538
vt 0.328417 0.190273
vt 0.274466 0.339733
vt 0.947053 0.188797
vt 0.949020 0.194860
vt 0.938677 0.196102
vt 0.933308 0.197691
vt 0.946961 0.202560
vt 0.264732 0.326591
vt 0.325055 0.176076
vt 0.296539 0.130016
vt 0.953576 0.198004
vt 0.316964 0.175887
vt 0.263181 0.335075
vt 0.960087 0.198115
vt 0.957431 0.178499
vt 0.258303 0.342671
vt 0.247248 0.293681
vt 0.963028 0.182024
vt 0.965431 0.178428
vt 0.325481 0.185040
vt 0.319940 0.179674
vt 0.266421 0.299552
vt 0.260287 0.297148
vt 0.968195 0.183400
vt 0.972186 0.173599
vt 0.323246 0.192388
vt 0.319468 0.191099
vt 0.977464 0.170350
vt 0.976078 0.177995
vt 0.258752 0.302479
vt 0.969525 0.179018
vt 0.256325 0.297701
vt 0.280086 0.121985
vt 0.251508 0.300255
vt 0.245541 0.297944
vt 0.259802 0.306191
vt 0.270699 0.121542
vt 0.280663 0.107298
vt 0.960178 0.192209
vt 0.311502 0.186407
vt 0.304123 0.179067
vt 0.966988 0.193498
vt 0.974240 0.186426
vt 0.252182 0.303636
vt 0.980311 0.179627
vt 0.976419 0.183487
vt 0.253607 0.310231
vt 0.339363 0.210259
vt 0.268380 0.130973
vt 0.332483 0.204515
vt 0.973518 0.196572
vt 0.337172 0.205895
vt 0.244615 0.305646
vt 0.237206 0.305840
vt 0.329266 0.198168
vt 0.331726 0.194808
vt 0.238097 0.293339
vt 0.153618 0.034390
vt 0.153216 0.024362
vt 0.149903 0.022387
vt 0.149749 0.061465
vt 0.150240 0.047995
vt 0.243073 0.294716
vt 0.233519 0.292176
vt 0.150345 0.039926
vt 0.047306 0.146824
vt 0.051857 0.147531
vt 0.325522 0.204815
vt 0.320374 0.198341
vt 0.316820 0.202224
vt 0.044230 0.147437
vt 0.040705 0.147569
vt 0.045555 0.150453
vt 0.227090 0.289279
vt 0.036509 0.149188
vt 0.371389 0.099527
vt 0.056196 0.152818
vt 0.058031 0.147455
vt 0.044094 0.154621
vt 0.049388 0.157282
vt 0.327318 0.214889
vt 0.378894 0.091912
vt 0.236991 0.297039
vt 0.034417 0.146151
vt 0.036073 0.154248
vt 0.333011 0.210795
vt 0.229661 0.299766
vt 0.030886 0.149793
vt 0.372495 0.089780
vt 0.237065 0.301313
vt 0.228144 0.294879
vt 0.039570 0.156568
vt 0.029270 0.156987
vt 0.326110 0.218075
vt 0.032025 0.159598
vt 0.224964 0.302181
vt 0.330384 0.208372
vt 0.327480 0.207629
vt 0.328161 0.211494
vt 0.325809 0.208671
vt 0.157179 0.019599
vt 0.375089 0.083029
vt 0.321542 0.207313
vt 0.158766 0.009890
vt 0.365889 0.091159
vt 0.320697 0.212207
vt 0.150796 0.014758
vt 0.359720 0.092207
vt 0.381468 0.084962
vt 0.384344 0.077837
vt 0.982196 0.150226
vt 0.986136 0.149784
vt 0.379624 0.076820
vt 0.027245 0.153545
vt 0.311160 0.192253
vt 0.255865 0.317726
vt 0.024071 0.159304
vt 0.021768 0.157200
vt 0.025289 0.162439
vt 0.985628 0.156717
vt 0.380008 0.072827
vt 0.977741 0.156029
vt 0.015954 0.156659
vt 0.310344 0.195662
vt 0.380216 0.065649
vt 0.017873 0.162336
vt 0.310527 0.200658
vt 0.017974 0.159018
vt 0.304169 0.187370
vt 0.018014 0.165299
vt 0.014429 0.169262
vt 0.012892 0.164931
vt 0.369259 0.077574
vt 0.373763 0.069775
vt 0.983230 0.160599
vt 0.024503 0.150925
vt 0.017384 0.152320
vt 0.302302 0.192084
vt 0.240803 0.324136
vt 0.061869 0.158282
vt 0.370945 0.061724
vt 0.234223 0.312345
vt 0.045270 0.164506
vt 0.042779 0.163378
vt 0.313874 0.206211
vt 0.317621 0.208306
vt 0.367192 0.072865
vt 0.312751 0.213843
vt 0.312559 0.209843
vt 0.234047 0.332639
vt 0.243921 0.339979
vt 0.041921 0.170717
vt 0.037685 0.173681
vt 0.354961 0.085200
vt 0.358744 0.075150
vt 0.297105 0.195106
vt 0.340309 0.088970
vt 0.028666 0.168098
vt 0.305451 0.209122
vt 0.031395 0.173381
vt 0.298957 0.208327
vt 0.296117 0.203840
vt 0.017645 0.171408
vt 0.299047 0.162428
vt 0.219075 0.308242
vt 0.362232 0.067809
vt 0.303668 0.165650
vt 0.216962 0.317872
vt 0.013560 0.174566
vt 0.352834 0.073091
vt 0.035066 0.179128
vt 0.298448 0.170357
vt 0.357227 0.062091
vt 0.028110 0.180695
vt 0.042413 0.181185
vt 0.361633 0.056819
vt 0.039017 0.184432
vt 0.353153 0.056930
vt 0.226825 0.321803
vt 0.034520 0.188950
vt 0.340028 0.077638
vt 0.020324 0.180813
vt 0.284240 0.159831
vt 0.292025 0.167399
vt 0.029130 0.193644
vt 0.286679 0.165378
vt 0.343541 0.057175
vt 0.299828 0.174924
vt 0.337983 0.066887
vt 0.292601 0.172362
vt 0.983279 0.165801
vt 0.389289 0.041227
vt 0.293141 0.178437
vt 0.391372 0.032990
vt 0.983231 0.174423
vt 0.401960 0.024690
vt 0.284896 0.173455
vt 0.283042 0.168189
vt 0.983944 0.180422
vt 0.987571 0.177084
vt 0.290338 0.178190
vt 0.014014 0.188594
vt 0.023401 0.192238
vt 0.983538 0.188910
vt 0.390668 0.018878
vt 0.383740 0.027162
vt 0.380780 0.017178
vt 0.278667 0.157323
vt 0.059672 0.185825
vt 0.278118 0.161520
vt 0.053235 0.185113
vt 0.058295 0.194621
vt 0.054797 0.189877
vt 0.272458 0.157566
vt 0.292042 0.362225
vt 0.269986 0.162524
vt 0.046244 0.187089
vt 0.386453 0.053576
vt 0.393204 0.053459
vt 0.382594 0.057007
vt 0.263445 0.156539
vt 0.266706 0.152931
vt 0.393569 0.049439
vt 0.262693 0.146771
vt 0.218002 0.243142
vt 0.217294 0.229670
vt 0.227606 0.233158
vt 0.377214 0.053300
vt 0.066881 0.198450
vt 0.062257 0.199838
vt 0.371654 0.056776
vt 0.279978 0.170211
vt 0.200384 0.228703
vt 0.210844 0.221044
vt 0.275818 0.167209
vt 0.207563 0.236833
vt 0.368994 0.053717
vt 0.047206 0.197699
vt 0.276540 0.173230
vt 0.041987 0.194049
vt 0.283269 0.180481
vt 0.053489 0.200905
vt 0.383815 0.043216
vt 0.058218 0.205272
vt 0.376543 0.040117
vt 0.044824 0.206279
vt 0.264977 0.169375
vt 0.051971 0.206569
vt 0.259695 0.161576
vt 0.194105 0.236535
vt 0.192378 0.220872
vt 0.191106 0.227168
vt 0.207354 0.246682
vt 0.383945 0.035780
vt 0.034642 0.202707
vt 0.025679 0.199809
vt 0.374960 0.031347
vt 0.292515 0.187220
vt 0.199022 0.244086
vt 0.040202 0.208818
vt 0.289912 0.190806
vt 0.030248 0.206857
vt 0.357774 0.053358
vt 0.368173 0.042993
vt 0.190218 0.241256
vt 0.025154 0.211021
vt 0.287908 0.187951
vt 0.199473 0.253622
vt 0.063016 0.208528
vt 0.187626 0.245820
vt 0.279807 0.186170
vt 0.283079 0.189611
vt 0.190567 0.252802
vt 0.280517 0.191131
vt 0.068855 0.215101
vt 0.358187 0.041615
vt 0.362509 0.033721
vt 0.290232 0.195195
vt 0.059451 0.211100
vt 0.051021 0.211423
vt 0.058299 0.216989
vt 0.283251 0.199796
vt 0.348072 0.053662
vt 0.346491 0.045787
vt 0.280979 0.202047
vt 0.351927 0.039292
vt 0.273902 0.200245
vt 0.274545 0.181134
vt 0.373585 0.023554
vt 0.223689 0.253031
vt 0.269247 0.183665
vt 0.267636 0.177518
vt 0.045034 0.212453
vt 0.365277 0.025992
vt 0.032694 0.212335
vt 0.250169 0.171375
vt 0.371643 0.012985
vt 0.044892 0.216005
vt 0.250844 0.177755
vt 0.261404 0.183113
vt 0.225592 0.261172
vt 0.265422 0.182209
vt 0.030742 0.215071
vt 0.355256 0.027115
vt 0.268284 0.186197
vt 0.367687 0.018001
vt 0.270087 0.193072
vt 0.274877 0.192051
vt 0.208237 0.256147
vt 0.359458 0.011844
vt 0.046887 0.240678
vt 0.215239 0.264025
vt 0.263336 0.189365
vt 0.260632 0.194625
vt 0.253250 0.182285
vt 0.217678 0.272558
vt 0.031948 0.232409
vt 0.933212 0.215006
vt 0.330033 0.057263
vt 0.943749 0.213386
vt 0.338319 0.053653
vt 0.254784 0.189639
vt 0.327066 0.062901
vt 0.210849 0.267309
vt 0.329536 0.053803
vt 0.958240 0.205989
vt 0.293425 0.199892
vt 0.964126 0.213271
vt 0.200648 0.261738
vt 0.200300 0.268802
vt 0.291542 0.205778
vt 0.332667 0.049218
vt 0.338791 0.041084
vt 0.345464 0.034774
vt 0.941936 0.231456
vt 0.335919 0.225510
vt 0.335972 0.031470
vt 0.187627 0.264152
vt 0.324085 0.224780
vt 0.324339 0.048072
vt 0.964172 0.205596
vt 0.329953 0.227399
vt 0.961161 0.223602
vt 0.324240 0.042360
vt 0.326687 0.035122
vt 0.182082 0.228127
vt 0.183810 0.220344
vt 0.346869 0.028927
vt 0.962933 0.200750
vt 0.969285 0.200073
vt 0.330395 0.026214
vt 0.313595 0.220397
vt 0.972710 0.205325
vt 0.966552 0.210727
vt 0.172759 0.216712
vt 0.177686 0.210037
vt 0.981181 0.193368
vt 0.174063 0.223633
vt 0.352913 0.021850
vt 0.976453 0.195792
vt 0.323479 0.232111
vt 0.346413 0.013802
vt 0.174257 0.229868
vt 0.984158 0.197476
vt 0.184637 0.234811
vt 0.352277 0.010219
vt 0.971872 0.212935
vt 0.326017 0.242249
vt 0.181382 0.241431
vt 0.019627 0.196790
vt 0.015927 0.212438
vt 0.346469 0.020156
vt 0.311451 0.236078
vt 0.339984 0.026408
vt 0.175543 0.237187
vt 0.980083 0.208290
vt 0.338128 0.021203
vt 0.171337 0.233947
vt 0.983879 0.205528
vt 0.987646 0.199911
vt 0.987392 0.205778
vt 0.166496 0.221626
vt 0.167191 0.208692
vt 0.158558 0.217741
vt 0.345750 0.010427
vt 0.986805 0.212589
vt 0.984283 0.219845
vt 0.795187 0.150361
vt 0.156551 0.208527
vt 0.333922 0.013166
vt 0.337862 0.010054
vt 0.966764 0.223665
vt 0.970550 0.225516
vt 0.150983 0.210651
vt 0.304716 0.213746
vt 0.303796 0.217868
vt 0.164985 0.229330
vt 0.953467 0.239587
vt 0.156885 0.226561
vt 0.322276 0.023974
vt 0.313735 0.030686
vt 0.945166 0.243216
vt 0.162310 0.232772
vt 0.329006 0.017642
vt 0.165794 0.239900
vt 0.959796 0.232712
vt 0.300946 0.211861
vt 0.320133 0.013381
vt 0.293161 0.209780
vt 0.295600 0.210944
vt 0.331037 0.010460
vt 0.148286 0.222560
vt 0.964997 0.231370
vt 0.948293 0.246092
vt 0.802642 0.152330
vt 0.295480 0.215041
vt 0.147922 0.231819
vt 0.957286 0.240628
vt 0.808410 0.145047
vt 0.299498 0.223452
vt 0.322991 0.010456
vt 0.948375 0.249131
vt 0.953852 0.245061
vt 0.812393 0.147998
vt 0.317018 0.020437
vt 0.964882 0.236365
vt 0.960438 0.241103
vt 0.960202 0.235675
vt 0.968446 0.233203
vt 0.316602 0.010227
vt 0.964376 0.247411
vt 0.972250 0.242528
vt 0.177531 0.248060
vt 0.958058 0.246927
vt 0.295787 0.234078
vt 0.024394 0.220857
vt 0.027513 0.216131
vt 0.171658 0.244638
vt 0.290402 0.231222
vt 0.026875 0.222750
vt 0.028718 0.228528
vt 0.974871 0.220406
vt 0.982306 0.226985
vt 0.015788 0.221085
vt 0.313621 0.245197
vt 0.331770 0.085262
vt 0.176154 0.256502
vt 0.013118 0.226445
vt 0.026674 0.227795
vt 0.019737 0.227542
vt 0.023733 0.232475
vt 0.163221 0.250201
vt 0.322467 0.088195
vt 0.161800 0.256156
vt 0.026497 0.240603
vt 0.984409 0.229262
vt 0.170126 0.264826
vt 0.987701 0.234149
vt 0.322996 0.079750
vt 0.015039 0.230263
vt 0.158336 0.236275
vt 0.983873 0.236866
vt 0.160353 0.243809
vt 0.152907 0.242863
vt 0.157178 0.241822
vt 0.316086 0.087046
vt 0.148071 0.237980
vt 0.979533 0.236393
vt 0.145302 0.247988
vt 0.148569 0.246963
vt 0.145013 0.240050
vt 0.156374 0.251095
vt 0.310737 0.257893
vt 0.987454 0.239715
vt 0.139744 0.244428
vt 0.139422 0.249298
vt 0.148191 0.253273
vt 0.318955 0.057221
vt 0.320503 0.054049
vt 0.304856 0.081037
vt 0.014060 0.195512
vt 0.143750 0.255540
vt 0.136408 0.252658
vt 0.304361 0.062714
vt 0.220285 0.284400
vt 0.216090 0.281896
vt 0.297163 0.253914
vt 0.147967 0.213530
vt 0.148170 0.201557
vt 0.145278 0.209098
vt 0.145412 0.199576
vt 0.140611 0.201782
vt 0.221520 0.289906
vt 0.141600 0.206372
vt 0.136547 0.214321
vt 0.132981 0.209282
vt 0.208239 0.276840
vt 0.144758 0.215637
vt 0.208794 0.286664
vt 0.202901 0.283996
vt 0.140334 0.217342
vt 0.215672 0.289052
vt 0.288434 0.083656
vt 0.134096 0.216069
vt 0.129511 0.216282
vt 0.221244 0.296949
vt 0.217922 0.291947
vt 0.124163 0.213897
vt 0.134392 0.222306
vt 0.127194 0.224324
vt 0.214081 0.297320
vt 0.145125 0.220375
vt 0.144349 0.225788
vt 0.137841 0.223079
vt 0.210325 0.290507
vt 0.206661 0.290770
vt 0.202788 0.288578
vt 0.307712 0.057211
vt 0.206038 0.294167
vt 0.289844 0.246066
vt 0.138459 0.228620
vt 0.204861 0.297696
vt 0.134162 0.228800
vt 0.129691 0.232956
vt 0.199794 0.276390
vt 0.144946 0.233314
vt 0.310916 0.053983
vt 0.289768 0.257428
vt 0.285117 0.242710
vt 0.286037 0.251375
vt 0.314976 0.042983
vt 0.314447 0.049931
vt 0.134466 0.233869
vt 0.138493 0.238049
vt 0.134391 0.242273
vt 0.274172 0.206031
vt 0.195956 0.283461
vt 0.190789 0.276702
vt 0.133740 0.250375
vt 0.182376 0.271141
vt 0.264028 0.198869
vt 0.306984 0.042918
vt 0.268807 0.202733
vt 0.114374 0.217106
vt 0.298657 0.053858
vt 0.294355 0.057322
vt 0.107782 0.237449
vt 0.181198 0.277402
vt 0.267588 0.209152
vt 0.262138 0.206131
vt 0.259527 0.202806
vt 0.195339 0.289321
vt 0.190079 0.285092
vt 0.315980 0.036534
vt 0.250708 0.193374
vt 0.197742 0.294589
vt 0.254827 0.199841
vt 0.190854 0.291244
vt 0.308568 0.033708
vt 0.307935 0.037274
vt 0.181565 0.285621
vt 0.301445 0.033972
vt 0.275114 0.211035
vt 0.179577 0.291717
vt 0.307426 0.027786
vt 0.257692 0.209068
vt 0.261535 0.211848
vt 0.204563 0.303858
vt 0.271453 0.216092
vt 0.307122 0.021477
vt 0.812673 0.154302
vt 0.265999 0.219791
vt 0.250631 0.216291
vt 0.819709 0.150117
vt 0.248820 0.205169
vt 0.247224 0.199557
vt 0.251199 0.209138
vt 0.208105 0.314327
vt 0.821079 0.157893
vt 0.826274 0.155514
vt 0.246378 0.210864
vt 0.259850 0.144203
vt 0.258107 0.218949
vt 0.196956 0.323854
vt 0.184353 0.311467
vt 0.205239 0.323992
vt 0.247028 0.224842
vt 0.260824 0.226042
vt 0.262140 0.130614
vt 0.259777 0.139215
vt 0.247896 0.134477
vt 0.259169 0.124384
vt 0.243066 0.126163
vt 0.241905 0.216854
vt 0.086002 0.256128
vt 0.193761 0.297307
vt 0.278102 0.095780
vt 0.187811 0.299385
vt 0.278148 0.084312
vt 0.117447 0.248894
vt 0.129761 0.248924
vt 0.277237 0.106656
vt 0.278243 0.115473
vt 0.271485 0.114755
vt 0.290024 0.213890
vt 0.179812 0.297338
vt 0.177667 0.296360
vt 0.283654 0.207623
vt 0.185845 0.298006
vt 0.262747 0.108430
vt 0.261946 0.114187
vt 0.261715 0.102494
vt 0.287082 0.218998
vt 0.262976 0.122346
vt 0.177214 0.301037
vt 0.277985 0.219498
vt 0.178254 0.305515
vt 0.174424 0.305611
vt 0.286950 0.232233
vt 0.175043 0.319223
vt 0.242810 0.113073
vt 0.158254 0.263138
vt 0.160689 0.272337
vt 0.154935 0.270587
vt 0.148778 0.261614
vt 0.148611 0.269779
vt 0.267981 0.105794
vt 0.281953 0.226937
vt 0.284834 0.224993
vt 0.146276 0.262223
vt 0.269786 0.092291
vt 0.267237 0.097008
vt 0.102776 0.271036
vt 0.284480 0.236575
vt 0.279523 0.232345
vt 0.144166 0.266588
vt 0.138265 0.258371
vt 0.141211 0.265858
vt 0.133202 0.257870
vt 0.270422 0.230142
vt 0.151870 0.284560
vt 0.148500 0.279333
vt 0.271482 0.085878
vt 0.115498 0.276413
vt 0.144876 0.274545
vt 0.261299 0.086245
vt 0.145667 0.279536
vt 0.267344 0.082040
vt 0.170314 0.278378
vt 0.164250 0.276627
vt 0.178827 0.281785
vt 0.243511 0.098667
vt 0.176698 0.285922
vt 0.090569 0.291545
vt 0.167608 0.285831
vt 0.068430 0.248563
vt 0.232354 0.100566
vt 0.230638 0.119899
vt 0.157512 0.283009
vt 0.137447 0.270082
vt 0.133457 0.267414
vt 0.240639 0.081891
vt 0.129620 0.265437
vt 0.133391 0.274563
vt 0.136567 0.279627
vt 0.132934 0.278797
vt 0.128990 0.276446
vt 0.258696 0.152423
vt 0.255540 0.146631
vt 0.220245 0.114064
vt 0.032283 0.255660
vt 0.218038 0.100874
vt 0.250070 0.150267
vt 0.254878 0.155810
vt 0.113104 0.293256
vt 0.175462 0.294108
vt 0.173322 0.289976
vt 0.250714 0.141556
vt 0.247523 0.146433
vt 0.228924 0.088204
vt 0.241343 0.143221
vt 0.238488 0.140119
vt 0.160048 0.293605
vt 0.167212 0.299093
vt 0.247008 0.154255
vt 0.240910 0.149552
vt 0.239630 0.145584
vt 0.246668 0.138581
vt 0.152019 0.291912
vt 0.220538 0.078989
vt 0.251897 0.159296
vt 0.163633 0.303311
vt 0.167995 0.306867
vt 0.170821 0.310118
vt 0.162190 0.309211
vt 0.253998 0.166343
vt 0.154870 0.300541
vt 0.247275 0.164188
vt 0.222722 0.063594
vt 0.156333 0.306394
vt 0.241362 0.161350
vt 0.239137 0.154338
vt 0.065517 0.275175
vt 0.204925 0.083258
vt 0.148393 0.289163
vt 0.145765 0.291905
vt 0.143370 0.288698
vt 0.225614 0.156657
vt 0.221255 0.153245
vt 0.226837 0.149957
vt 0.044454 0.274132
vt 0.214540 0.157144
vt 0.215627 0.147860
vt 0.139790 0.287265
vt 0.133359 0.283654
vt 0.211096 0.063552
vt 0.232845 0.147099
vt 0.129500 0.289140
vt 0.234054 0.150960
vt 0.232499 0.144582
vt 0.133720 0.290133
vt 0.148955 0.296259
vt 0.234740 0.136112
vt 0.281161 0.065707
vt 0.143925 0.301494
vt 0.139543 0.294996
vt 0.149450 0.306046
vt 0.145630 0.305734
vt 0.225874 0.145640
vt 0.138153 0.302996
vt 0.133494 0.296275
vt 0.222080 0.141650
vt 0.133997 0.305729
vt 0.129007 0.298110
vt 0.129102 0.309295
vt 0.226709 0.139040
vt 0.272589 0.073601
vt 0.949274 0.258156
vt 0.220298 0.135301
vt 0.956256 0.253964
vt 0.264686 0.075834
vt 0.960636 0.254073
vt 0.214762 0.140118
vt 0.951153 0.262713
vt 0.956945 0.259284
vt 0.270458 0.067097
vt 0.966818 0.257035
vt 0.281618 0.057558
vt 0.978405 0.254307
vt 0.289375 0.053832
vt 0.952872 0.269464
vt 0.950590 0.268129
vt 0.294642 0.043522
vt 0.956981 0.268697
vt 0.962873 0.268499
vt 0.233488 0.155757
vt 0.228546 0.160699
vt 0.112431 0.314768
vt 0.970344 0.262116
vt 0.282098 0.054308
vt 0.217391 0.145264
vt 0.270116 0.057694
vt 0.271665 0.054405
vt 0.030292 0.248201
vt 0.275270 0.051577
vt 0.941327 0.254193
vt 0.942335 0.249985
vt 0.281635 0.046441
vt 0.246252 0.172556
vt 0.942445 0.260420
vt 0.015892 0.242549
vt 0.022942 0.243228
vt 0.019260 0.250312
vt 0.014217 0.251320
vt 0.266732 0.064855
vt 0.261476 0.066038
vt 0.093248 0.310952
vt 0.025000 0.252400
vt 0.258090 0.059953
vt 0.263303 0.057487
vt 0.250691 0.056510
vt 0.027171 0.254706
vt 0.228451 0.170118
vt 0.019900 0.254349
vt 0.247111 0.184289
vt 0.262718 0.054035
vt 0.268536 0.047043
vt 0.240770 0.176565
vt 0.024293 0.260198
vt 0.019738 0.259745
vt 0.281700 0.038857
vt 0.273443 0.039560
vt 0.980941 0.243573
vt 0.239076 0.183756
vt 0.242559 0.192309
vt 0.985007 0.247278
vt 0.162205 0.116950
vt 0.181565 0.128015
vt 0.163206 0.127570
vt 0.257591 0.053920
vt 0.228888 0.176305
vt 0.181115 0.101493
vt 0.263431 0.044385
vt 0.187016 0.116529
vt 0.262845 0.038410
vt 0.985068 0.254866
vt 0.987071 0.251904
vt 0.162437 0.109284
vt 0.014447 0.260134
vt 0.253510 0.037522
vt 0.151558 0.110379
vt 0.151384 0.104358
vt 0.159217 0.103989
vt 0.169201 0.146920
vt 0.173580 0.148390
vt 0.160546 0.148955
vt 0.985114 0.260348
vt 0.214094 0.167054
vt 0.158534 0.146961
vt 0.163449 0.139522
vt 0.977724 0.268203
vt 0.261093 0.073027
vt 0.163379 0.135368
vt 0.174195 0.139816
vt 0.179212 0.134935
vt 0.221763 0.172148
vt 0.959499 0.281791
vt 0.211889 0.175802
vt 0.968925 0.273870
vt 0.149954 0.139434
vt 0.149078 0.147002
vt 0.249192 0.064093
vt 0.975778 0.277463
vt 0.160289 0.128595
vt 0.150129 0.131068
vt 0.173167 0.152826
vt 0.163850 0.155764
vt 0.171969 0.155363
vt 0.249342 0.062356
vt 0.152886 0.150338
vt 0.970134 0.284713
vt 0.166298 0.160271
vt 0.160513 0.157636
vt 0.251508 0.052572
vt 0.154848 0.157391
vt 0.149836 0.150054
vt 0.299391 0.029984
vt 0.300406 0.037335
vt 0.976146 0.287832
vt 0.144680 0.139706
vt 0.148311 0.153815
vt 0.985356 0.289732
vt 0.985719 0.277890
vt 0.293067 0.035672
vt 0.150510 0.156795
vt 0.145448 0.148442
vt 0.144453 0.153038
vt 0.032350 0.272581
vt 0.142114 0.155373
vt 0.300170 0.022832
vt 0.027142 0.262822
vt 0.027848 0.271261
vt 0.022600 0.266593
vt 0.286367 0.030890
vt 0.024455 0.274229
vt 0.291976 0.023385
vt 0.209635 0.145550
vt 0.159566 0.116678
vt 0.150646 0.122011
vt 0.282595 0.027209
vt 0.211805 0.152229
vt 0.205472 0.148490
vt 0.201600 0.145668
vt 0.202781 0.153975
vt 0.202468 0.140061
vt 0.031628 0.281457
vt 0.027184 0.284649
vt 0.306194 0.013368
vt 0.195283 0.147643
vt 0.985939 0.266370
vt 0.015375 0.268248
vt 0.308443 0.010037
vt 0.146764 0.129646
vt 0.130745 0.147101
vt 0.193908 0.139602
vt 0.987320 0.262725
vt 0.302166 0.010307
vt 0.194188 0.145881
vt 0.127981 0.151230
vt 0.135151 0.151588
vt 0.135213 0.154265
vt 0.988177 0.271754
vt 0.984213 0.271042
vt 0.126885 0.155175
vt 0.015661 0.271735
vt 0.135661 0.159062
vt 0.832040 0.152148
vt 0.148086 0.123016
vt 0.120987 0.147186
vt 0.148472 0.114776
vt 0.833870 0.157886
vt 0.124839 0.148838
vt 0.019492 0.279047
vt 0.116842 0.148461
vt 0.018767 0.286898
vt 0.293108 0.010200
vt 0.014220 0.286219
vt 0.148690 0.107713
vt 0.285233 0.016289
vt 0.098872 0.147511
vt 0.097850 0.143417
vt 0.012858 0.289376
vt 0.110205 0.147675
vt 0.205821 0.122491
vt 0.850397 0.143681
vt 0.840194 0.152221
vt 0.111077 0.149541
vt 0.111771 0.156886
vt 0.104537 0.148558
vt 0.083157 0.275983
vt 0.122526 0.151368
vt 0.115916 0.152698
vt 0.841840 0.156645
vt 0.119558 0.158971
vt 0.848999 0.153365
vt 0.116484 0.157186
vt 0.838187 0.163364
vt 0.852166 0.162468
vt 0.101024 0.156899
vt 0.273043 0.022750
vt 0.116892 0.163317
vt 0.277091 0.030318
vt 0.195198 0.135300
vt 0.109739 0.164473
vt 0.267793 0.028883
vt 0.187719 0.077816
vt 0.188836 0.094122
vt 0.183896 0.087759
vt 0.277003 0.018993
vt 0.064767 0.295807
vt 0.079083 0.306129
vt 0.268175 0.016327
vt 0.188510 0.107557
vt 0.259903 0.020785
vt 0.045313 0.289279
vt 0.163124 0.088195
vt 0.185987 0.139386
vt 0.857908 0.143758
vt 0.860977 0.155837
vt 0.161708 0.097047
vt 0.203514 0.103576
vt 0.263895 0.010286
vt 0.863974 0.144538
vt 0.865410 0.148305
vt 0.871463 0.147675
vt 0.869194 0.154479
vt 0.854534 0.167146
vt 0.868345 0.162926
vt 0.170532 0.073577
vt 0.871857 0.166919
vt 0.202444 0.158309
vt 0.206093 0.162825
vt 0.863624 0.171688
vt 0.878560 0.168220
vt 0.866892 0.176390
vt 0.879379 0.174194
vt 0.197343 0.163249
vt 0.048945 0.308258
vt 0.058596 0.323282
vt 0.192959 0.153981
vt 0.188370 0.147483
vt 0.084776 0.320836
vt 0.196846 0.159425
vt 0.154002 0.094037
vt 0.159693 0.086169
vt 0.236950 0.063373
vt 0.187468 0.157010
vt 0.204487 0.168560
vt 0.164309 0.075088
vt 0.243207 0.056983
vt 0.245803 0.054039
vt 0.195274 0.168165
vt 0.239477 0.060552
vt 0.154043 0.085317
vt 0.151848 0.096416
vt 0.155054 0.075987
vt 0.205217 0.175830
vt 0.150058 0.090164
vt 0.083339 0.145309
vt 0.080695 0.142591
vt 0.031061 0.295424
vt 0.233492 0.053660
vt 0.196877 0.175732
vt 0.225668 0.061297
vt 0.166967 0.070446
vt 0.158568 0.068756
vt 0.187152 0.159992
vt 0.235369 0.056033
vt 0.226336 0.057077
vt 0.186755 0.162814
vt 0.168099 0.061448
vt 0.235545 0.051272
vt 0.164138 0.062397
vt 0.224968 0.053445
vt 0.156505 0.067729
vt 0.159016 0.062505
vt 0.181215 0.146152
vt 0.027256 0.294338
vt 0.247371 0.038516
vt 0.182441 0.148176
vt 0.024159 0.291835
vt 0.156097 0.071541
vt 0.974024 0.298904
vt 0.983737 0.295468
vt 0.152324 0.069201
vt 0.181133 0.156206
vt 0.026468 0.302373
vt 0.154975 0.065548
vt 0.023219 0.305667
vt 0.019936 0.299662
vt 0.070543 0.145237
vt 0.070008 0.147628
vt 0.242914 0.030422
vt 0.254407 0.028921
vt 0.248149 0.024076
vt 0.080342 0.147492
vt 0.031624 0.310262
vt 0.066743 0.147348
vt 0.064350 0.151934
vt 0.234433 0.039590
vt 0.154702 0.062546
vt 0.016287 0.297540
vt 0.016027 0.306216
vt 0.013319 0.306371
vt 0.010417 0.305401
vt 0.013115 0.298661
vt 0.241714 0.036389
vt 0.009997 0.311829
vt 0.014133 0.313739
vt 0.232151 0.033854
vt 0.090375 0.147430
vt 0.095216 0.152792
vt 0.099848 0.152382
vt 0.176753 0.159710
vt 0.177303 0.162525
vt 0.216011 0.056684
vt 0.085249 0.151683
vt 0.209845 0.059739
vt 0.181174 0.169612
vt 0.075883 0.152132
vt 0.079841 0.153456
vt 0.088155 0.154698
vt 0.218020 0.054313
vt 0.214205 0.051099
vt 0.074123 0.160807
vt 0.219595 0.038755
vt 0.172357 0.159217
vt 0.045423 0.322970
vt 0.212187 0.053883
vt 0.206723 0.053881
vt 0.213727 0.046150
vt 0.227148 0.037250
vt 0.065568 0.154434
vt 0.026937 0.313070
vt 0.216930 0.030849
vt 0.026295 0.320822
vt 0.031659 0.320522
vt 0.215830 0.035885
vt 0.020086 0.313706
vt 0.014928 0.320776
vt 0.022699 0.320747
vt 0.213690 0.040735
vt 0.019231 0.325724
vt 0.012772 0.316102
vt 0.027733 0.328688
vt 0.032115 0.336638
vt 0.023258 0.335882
vt 0.015669 0.331702
vt 0.257403 0.016147
vt 0.252648 0.010363
vt 0.249829 0.014329
vt 0.062421 0.147651
vt 0.882187 0.144587
vt 0.160717 0.165393
vt 0.153745 0.162272
vt 0.167088 0.168168
vt 0.153168 0.169364
vt 0.164251 0.173802
vt 0.242620 0.021020
vt 0.156950 0.177234
vt 0.149194 0.161491
vt 0.145539 0.159749
vt 0.143140 0.164603
vt 0.148920 0.169421
vt 0.145687 0.171938
vt 0.134291 0.162793
vt 0.877726 0.157351
vt 0.138995 0.167689
vt 0.887068 0.158009
vt 0.155486 0.184332
vt 0.879290 0.162251
vt 0.148727 0.178806
vt 0.882968 0.162716
vt 0.140196 0.173773
vt 0.130579 0.169577
vt 0.145232 0.178247
vt 0.139835 0.185479
vt 0.131369 0.177596
vt 0.121361 0.171954
vt 0.122103 0.177443
vt 0.885057 0.168358
vt 0.880885 0.179926
vt 0.885255 0.174299
vt 0.117572 0.181352
vt 0.120880 0.165777
vt 0.235245 0.193221
vt 0.227603 0.185985
vt 0.116722 0.177036
vt 0.148720 0.186134
vt 0.156048 0.190366
vt 0.229889 0.192654
vt 0.148088 0.194433
vt 0.145010 0.187599
vt 0.143582 0.193825
vt 0.241711 0.201559
vt 0.143803 0.184881
vt 0.155118 0.195944
vt 0.238388 0.205471
vt 0.227670 0.198700
vt 0.233989 0.204588
vt 0.131270 0.197297
vt 0.226152 0.203714
vt 0.224389 0.206426
vt 0.230351 0.209355
vt 0.220909 0.189146
vt 0.209389 0.183773
vt 0.129905 0.201944
vt 0.207405 0.191213
vt 0.215512 0.199314
vt 0.216138 0.203899
vt 0.209393 0.198546
vt 0.201324 0.204564
vt 0.200973 0.190752
vt 0.235882 0.213464
vt 0.230257 0.215515
vt 0.234188 0.223014
vt 0.223776 0.212780
vt 0.226578 0.220531
vt 0.224438 0.215681
vt 0.215166 0.215665
vt 0.215027 0.209020
vt 0.207089 0.211641
vt 0.200307 0.208911
vt 0.209643 0.215291
vt 0.203630 0.216326
vt 0.195243 0.211936
vt 0.196862 0.182649
vt 0.185851 0.174822
vt 0.188965 0.184325
vt 0.192775 0.189307
vt 0.190338 0.194251
vt 0.180616 0.183004
vt 0.185610 0.196283
vt 0.197926 0.195115
vt 0.197805 0.197201
vt 0.170903 0.178708
vt 0.170760 0.165691
vt 0.165967 0.185701
vt 0.172037 0.196937
vt 0.193493 0.199373
vt 0.192653 0.204605
vt 0.188200 0.210128
vt 0.181042 0.204648
vt 0.176842 0.205358
vt 0.164100 0.192116
vt 0.166664 0.203079
vt 0.159265 0.200254
vt 0.170381 0.205812
vt 0.877892 0.184862
vt 0.884308 0.181909
vt 0.889498 0.180749
vt 0.887723 0.187802
vt 0.890689 0.186731
vt 0.884184 0.190694
vt 0.902370 0.177735
vt 0.897921 0.186477
vt 0.903782 0.184411
vt 0.890401 0.192059
vt 0.889412 0.198371
vt 0.894599 0.193429
vt 0.906842 0.194211
vt 0.909292 0.172957
vt 0.911406 0.178864
vt 0.913564 0.170161
vt 0.904837 0.175626
vt 0.907844 0.178965
vt 0.918655 0.172823
vt 0.910601 0.186589
vt 0.914732 0.186816
vt 0.913633 0.190966
vt 0.916066 0.179840
vt 0.921817 0.186536
vt 0.899826 0.203278
vt 0.910751 0.205721
vt 0.896649 0.217550
vt 0.907977 0.223732
vt 0.921001 0.219256
vt 0.922266 0.197297
vt 0.924035 0.189357
vt 0.925298 0.237117
vt 0.933201 0.240926
vt 0.937893 0.244518
vt 0.933518 0.247341
vt 0.324730 0.269179
vt 0.313898 0.273321
vt 0.858397 0.296370
vt 0.851980 0.280600
vt 0.865335 0.275613
vt 0.852188 0.263740
vt 0.867766 0.262242
vt 0.404702 0.012476
vt 0.858871 0.255997
vt 0.864207 0.254037
vt 0.869420 0.253833
vt 0.399971 0.016078
vt 0.796992 0.219147
vt 0.800117 0.213499
vt 0.804393 0.214600
vt 0.875123 0.291679
vt 0.737250 0.145017
vt 0.731418 0.144015
vt 0.871089 0.260163
vt 0.810254 0.209547
vt 0.799677 0.205985
vt 0.806693 0.201715
vt 0.884114 0.277200
vt 0.873350 0.274708
vt 0.879048 0.272278
vt 0.741129 0.143307
vt 0.727295 0.144811
vt 0.874595 0.266992
vt 0.886035 0.284989
vt 0.731333 0.148401
vt 0.737666 0.153612
vt 0.808911 0.219981
vt 0.793060 0.224810
vt 0.790908 0.217173
vt 0.871499 0.306451
vt 0.797545 0.225460
vt 0.381926 0.011667
vt 0.746890 0.144659
vt 0.742726 0.151625
vt 0.880456 0.261010
vt 0.875155 0.254763
vt 0.881471 0.251812
vt 0.888912 0.268736
vt 0.893410 0.270893
vt 0.892034 0.277385
vt 0.736939 0.158166
vt 0.895970 0.275849
vt 0.897034 0.265852
vt 0.886788 0.260330
vt 0.744488 0.163613
vt 0.745768 0.161093
vt 0.904413 0.259616
vt 0.888628 0.249085
vt 0.890859 0.246160
vt 0.894067 0.254288
vt 0.890776 0.257279
vt 0.901333 0.240982
vt 0.746453 0.157023
vt 0.896776 0.288183
vt 0.900129 0.285313
vt 0.750498 0.153490
vt 0.901444 0.288574
vt 0.908602 0.285660
vt 0.902600 0.292487
vt 0.755977 0.156011
vt 0.821191 0.205664
vt 0.813559 0.205659
vt 0.818150 0.197449
vt 0.885049 0.269967
vt 0.892022 0.264639
vt 0.892469 0.286181
vt 0.827696 0.202983
vt 0.829236 0.197049
vt 0.826064 0.207496
vt 0.744998 0.167203
vt 0.837636 0.199255
vt 0.882501 0.303863
vt 0.893290 0.295993
vt 0.737146 0.175152
vt 0.821418 0.212902
vt 0.895655 0.293654
vt 0.836978 0.210983
vt 0.896804 0.223809
vt 0.891302 0.221311
vt 0.895945 0.219848
vt 0.887616 0.228001
vt 0.895012 0.229403
vt 0.889592 0.230872
vt 0.839551 0.207313
vt 0.902496 0.223571
vt 0.828494 0.211330
vt 0.749130 0.170993
vt 0.759382 0.168730
vt 0.832352 0.214850
vt 0.746783 0.179781
vt 0.831533 0.221203
vt 0.807076 0.195481
vt 0.754101 0.150144
vt 0.754081 0.145363
vt 0.885321 0.234089
vt 0.376029 0.010164
vt 0.857635 0.312943
vt 0.880121 0.319818
vt 0.762274 0.157124
vt 0.869647 0.336361
vt 0.755770 0.160835
vt 0.913644 0.235219
vt 0.893364 0.314385
vt 0.366710 0.010737
vt 0.370747 0.009086
vt 0.774123 0.154665
vt 0.908243 0.298952
vt 0.911624 0.297843
vt 0.914861 0.305234
vt 0.914434 0.248077
vt 0.795531 0.242371
vt 0.807691 0.237322
vt 0.362437 0.009125
vt 0.898800 0.297534
vt 0.776139 0.149093
vt 0.901488 0.303681
vt 0.764252 0.163558
vt 0.902882 0.300869
vt 0.772817 0.159027
vt 0.766098 0.170132
vt 0.775273 0.169409
vt 0.911840 0.311849
vt 0.906361 0.330147
vt 0.783533 0.169595
vt 0.757529 0.171944
vt 0.811321 0.254118
vt 0.359911 0.010654
vt 0.782086 0.151729
vt 0.916721 0.276890
vt 0.917530 0.267336
vt 0.788943 0.154214
vt 0.827609 0.238732
vt 0.785671 0.157845
vt 0.786549 0.161831
vt 0.928851 0.260975
vt 0.923662 0.271366
vt 0.839296 0.219898
vt 0.837972 0.229428
vt 0.838005 0.222863
vt 0.841630 0.228798
vt 0.912382 0.283735
vt 0.916506 0.283335
vt 0.917143 0.280072
vt 0.804105 0.163409
vt 0.923461 0.276001
vt 0.927989 0.270811
vt 0.929044 0.274461
vt 0.930575 0.251697
vt 0.739324 0.185064
vt 0.742338 0.188523
vt 0.739481 0.190528
vt 0.924832 0.287968
vt 0.930779 0.281107
vt 0.932204 0.258619
vt 0.934923 0.255208
vt 0.930535 0.266117
vt 0.753635 0.178280
vt 0.933736 0.263250
vt 0.940280 0.264321
vt 0.753553 0.184931
vt 0.747242 0.187932
vt 0.936713 0.271347
vt 0.937257 0.265656
vt 0.945556 0.264492
vt 0.747109 0.191766
vt 0.789024 0.322602
vt 0.782492 0.298083
vt 0.800310 0.314656
vt 0.743202 0.198782
vt 0.933870 0.275651
vt 0.749691 0.194510
vt 0.938575 0.277876
vt 0.756608 0.195565
vt 0.942894 0.268838
vt 0.747053 0.198782
vt 0.846178 0.244414
vt 0.947592 0.277220
vt 0.948020 0.272649
vt 0.775554 0.177904
vt 0.782519 0.271811
vt 0.776735 0.257014
vt 0.789226 0.258892
vt 0.914608 0.294463
vt 0.761649 0.179138
vt 0.918468 0.291106
vt 0.798538 0.303022
vt 0.918588 0.301239
vt 0.768105 0.184870
vt 0.814535 0.316452
vt 0.803549 0.295805
vt 0.813756 0.301835
vt 0.800944 0.264203
vt 0.798526 0.276761
vt 0.930436 0.287304
vt 0.927142 0.298029
vt 0.762489 0.189460
vt 0.805800 0.338334
vt 0.772533 0.191251
vt 0.923322 0.306043
vt 0.765126 0.198999
vt 0.773555 0.185260
vt 0.932469 0.298599
vt 0.821775 0.308247
vt 0.933044 0.290365
vt 0.936150 0.292693
vt 0.937424 0.300500
vt 0.786088 0.187374
vt 0.783213 0.193182
vt 0.745913 0.206354
vt 0.929092 0.307251
vt 0.933932 0.306090
vt 0.750823 0.202345
vt 0.744719 0.211247
vt 0.937003 0.286711
vt 0.748414 0.213051
vt 0.756775 0.202500
vt 0.944896 0.285594
vt 0.772988 0.279484
vt 0.755069 0.212532
vt 0.762384 0.215107
vt 0.952503 0.277867
vt 0.798423 0.359329
vt 0.951078 0.285093
vt 0.751567 0.223257
vt 0.747629 0.226881
vt 0.945457 0.295631
vt 0.946660 0.291526
vt 0.938590 0.296230
vt 0.953731 0.290003
vt 0.768700 0.208022
vt 0.777824 0.198621
vt 0.949209 0.296614
vt 0.950779 0.299702
vt 0.773622 0.203715
vt 0.954559 0.297459
vt 0.788547 0.287996
vt 0.882663 0.343165
vt 0.819895 0.336368
vt 0.896279 0.334163
vt 0.770334 0.219420
vt 0.776052 0.216862
vt 0.788088 0.203310
vt 0.783322 0.211400
vt 0.818922 0.351322
vt 0.893575 0.345743
vt 0.794968 0.163295
vt 0.784288 0.177814
vt 0.912481 0.322769
vt 0.823544 0.297110
vt 0.839108 0.298180
vt 0.795033 0.171541
vt 0.841672 0.317366
vt 0.791973 0.183545
vt 0.835288 0.282019
vt 0.803298 0.182550
vt 0.807102 0.171696
vt 0.919623 0.336899
vt 0.809196 0.160081
vt 0.896948 0.356390
vt 0.884879 0.364363
vt 0.817562 0.162298
vt 0.814973 0.285017
vt 0.856112 0.327343
vt 0.897004 0.373904
vt 0.809572 0.178724
vt 0.907831 0.343341
vt 0.816961 0.173058
vt 0.843952 0.329649
vt 0.820005 0.170228
vt 0.906948 0.354325
vt 0.825471 0.162390
vt 0.827353 0.174658
vt 0.830237 0.170235
vt 0.801754 0.187274
vt 0.920070 0.354428
vt 0.792215 0.193402
vt 0.801494 0.195039
vt 0.915488 0.368765
vt 0.932076 0.351990
vt 0.829621 0.329010
vt 0.926248 0.318441
vt 0.826074 0.253267
vt 0.932962 0.313020
vt 0.941219 0.304294
vt 0.941609 0.308817
vt 0.930059 0.316033
vt 0.940208 0.313522
vt 0.932423 0.324025
vt 0.934161 0.318338
vt 0.941357 0.317595
vt 0.938680 0.320518
vt 0.934949 0.323642
vt 0.937142 0.327993
vt 0.938745 0.323491
vt 0.830333 0.352438
vt 0.816359 0.183931
vt 0.939028 0.330852
vt 0.943988 0.325149
vt 0.810375 0.192244
vt 0.822367 0.268138
vt 0.924012 0.328744
vt 0.825708 0.186574
vt 0.794232 0.376530
vt 0.949427 0.308625
vt 0.838583 0.251529
vt 0.955073 0.305078
vt 0.832445 0.192719
vt 0.963013 0.300042
vt 0.961648 0.293401
vt 0.946328 0.316618
vt 0.951072 0.311822
vt 0.840190 0.169211
vt 0.950517 0.321354
vt 0.812419 0.363250
vt 0.956942 0.319103
vt 0.964612 0.308390
vt 0.958518 0.313992
vt 0.839266 0.175538
vt 0.967728 0.316535
vt 0.836041 0.265410
vt 0.816293 0.387864
vt 0.832210 0.183316
vt 0.945079 0.332173
vt 0.852132 0.171632
vt 0.934742 0.334137
vt 0.851365 0.253483
vt 0.847354 0.182215
vt 0.854599 0.176450
vt 0.842800 0.190065
vt 0.940159 0.334709
vt 0.842845 0.195626
vt 0.937601 0.344618
vt 0.849244 0.189985
vt 0.861468 0.184795
vt 0.943546 0.343031
vt 0.826954 0.378148
vt 0.947736 0.339998
vt 0.947459 0.353025
vt 0.951375 0.351592
vt 0.955200 0.334312
vt 0.800964 0.395961
vt 0.810036 0.395433
vt 0.965888 0.324109
vt 0.869602 0.189236
vt 0.873513 0.182728
vt 0.961080 0.332191
vt 0.955350 0.340672
vt 0.753144 0.233755
vt 0.756541 0.225336
vt 0.963143 0.339379
vt 0.766327 0.224662
vt 0.967895 0.333014
vt 0.764671 0.232489
vt 0.967649 0.337855
vt 0.972267 0.338088
vt 0.757097 0.238910
vt 0.766734 0.239217
vt 0.760102 0.243744
vt 0.824479 0.384215
vt 0.771309 0.227566
vt 0.777549 0.231231
vt 0.783331 0.223369
vt 0.835995 0.374967
vt 0.838218 0.383289
vt 0.834136 0.388267
vt 0.824862 0.394549
vt 0.969110 0.301612
vt 0.773592 0.234877
vt 0.974879 0.314919
vt 0.775293 0.241218
vt 0.978164 0.308478
vt 0.779295 0.234092
vt 0.867549 0.353299
vt 0.789078 0.228827
vt 0.976528 0.323100
vt 0.981629 0.318124
vt 0.766241 0.250610
vt 0.975177 0.330260
vt 0.842815 0.349432
vt 0.984618 0.316411
vt 0.850162 0.199718
vt 0.853678 0.347781
vt 0.985340 0.327020
vt 0.013028 0.326183
vt 0.979479 0.336161
vt 0.855151 0.192021
vt 0.842867 0.366535
vt 0.860783 0.197902
vt 0.013070 0.333455
vt 0.846680 0.216221
vt 0.856565 0.213300
vt 0.859567 0.205398
vt 0.859950 0.357737
vt 0.867070 0.196936
vt 0.840850 0.371025
vt 0.848888 0.370945
vt 0.851804 0.363181
vt 0.856332 0.369248
vt 0.878841 0.193127
vt 0.842241 0.377182
vt 0.852582 0.378923
vt 0.845944 0.389162
vt 0.868681 0.208590
vt 0.859573 0.386946
vt 0.867309 0.374186
vt 0.874317 0.200997
vt 0.866308 0.365200
vt 0.881151 0.204096
vt 0.879386 0.208439
vt 0.873486 0.367810
vt 0.849702 0.228723
vt 0.851488 0.223101
vt 0.871980 0.376596
vt 0.859854 0.219875
vt 0.867106 0.218653
vt 0.845817 0.231322
vt 0.851356 0.233936
vt 0.857791 0.234064
vt 0.852725 0.239424
vt 0.859493 0.226419
vt 0.866247 0.226563
vt 0.867461 0.232488
vt 0.866868 0.213750
vt 0.876420 0.214308
vt 0.875869 0.220537
vt 0.881673 0.213152
vt 0.885765 0.210856
vt 0.886365 0.215201
vt 0.877546 0.228940
vt 0.883012 0.223933
vt 0.884723 0.200688
vt 0.858651 0.242704
vt 0.858531 0.247019
vt 0.868376 0.243833
vt 0.864837 0.248782
vt 0.861927 0.251353
vt 0.876407 0.241907
vt 0.882692 0.236729
vt 0.883692 0.244008
vt 0.887093 0.242392
vt 0.422792 0.491744
vt 0.418588 0.492048
vt 0.416809 0.483316
vt 0.504983 0.430323
vt 0.412981 0.488884
vt 0.502199 0.432562
vt 0.357217 0.530731
vt 0.352983 0.541259
vt 0.350735 0.528694
vt 0.406186 0.481513
vt 0.405887 0.475122
vt 0.413189 0.479322
vt 0.398217 0.469823
vt 0.409839 0.470587
vt 0.340718 0.526515
vt 0.498220 0.434264
vt 0.392448 0.480716
vt 0.398255 0.482360
vt 0.502406 0.439300
vt 0.401191 0.488396
vt 0.386144 0.457101
vt 0.399928 0.455185
vt 0.338498 0.536558
vt 0.331958 0.528999
vt 0.334390 0.539211
vt 0.385844 0.474792
vt 0.380736 0.465838
vt 0.344880 0.539959
vt 0.377540 0.460103
vt 0.378803 0.455237
vt 0.321813 0.506984
vt 0.330810 0.512194
vt 0.328096 0.517803
vt 0.475604 0.438956
vt 0.315625 0.521353
vt 0.373153 0.462803
vt 0.498625 0.447122
vt 0.337499 0.507892
vt 0.337270 0.518241
vt 0.298111 0.445912
vt 0.305332 0.424177
vt 0.317589 0.444675
vt 0.372579 0.473380
vt 0.371360 0.482487
vt 0.376678 0.481987
vt 0.286852 0.425443
vt 0.323940 0.526893
vt 0.329600 0.534204
vt 0.386290 0.485443
vt 0.322228 0.536179
vt 0.301857 0.453587
vt 0.385279 0.398412
vt 0.360011 0.542774
vt 0.357670 0.554326
vt 0.350103 0.559156
vt 0.343014 0.551429
vt 0.285931 0.443626
vt 0.481394 0.463441
vt 0.335644 0.548923
vt 0.490956 0.463650
vt 0.474960 0.451964
vt 0.291118 0.451497
vt 0.473451 0.461102
vt 0.374715 0.397499
vt 0.338545 0.565008
vt 0.382872 0.410327
vt 0.345345 0.563795
vt 0.476967 0.471609
vt 0.485608 0.467063
vt 0.471592 0.469235
vt 0.332597 0.460081
vt 0.320329 0.459979
vt 0.335251 0.557227
vt 0.365164 0.385076
vt 0.321678 0.545605
vt 0.327996 0.548209
vt 0.435383 0.503860
vt 0.434471 0.498717
vt 0.439680 0.499607
vt 0.438995 0.507903
vt 0.348265 0.387829
vt 0.430547 0.497342
vt 0.430574 0.492735
vt 0.431467 0.507258
vt 0.426479 0.500246
vt 0.316945 0.542955
vt 0.303194 0.532101
vt 0.426634 0.505645
vt 0.428266 0.509242
vt 0.421950 0.499448
vt 0.370037 0.398557
vt 0.330388 0.560354
vt 0.422159 0.503289
vt 0.321300 0.560488
vt 0.415961 0.498073
vt 0.318967 0.553073
vt 0.411448 0.504130
vt 0.422218 0.508632
vt 0.428863 0.513561
vt 0.300087 0.556513
vt 0.314231 0.558510
vt 0.418582 0.513781
vt 0.304688 0.504985
vt 0.462076 0.427224
vt 0.375746 0.424560
vt 0.360109 0.416063
vt 0.364550 0.421256
vt 0.412562 0.496499
vt 0.407584 0.496287
vt 0.464147 0.438817
vt 0.352483 0.404484
vt 0.409548 0.500753
vt 0.297281 0.517685
vt 0.285971 0.507596
vt 0.405004 0.498387
vt 0.402372 0.495137
vt 0.458537 0.416678
vt 0.395116 0.486455
vt 0.396930 0.494432
vt 0.392624 0.495412
vt 0.395585 0.499953
vt 0.436095 0.416911
vt 0.401379 0.501635
vt 0.449954 0.422425
vt 0.455629 0.425005
vt 0.445106 0.422119
vt 0.409079 0.516360
vt 0.348005 0.426064
vt 0.334189 0.413508
vt 0.290056 0.490239
vt 0.273719 0.495818
vt 0.403528 0.515261
vt 0.393838 0.502313
vt 0.393943 0.413755
vt 0.447249 0.430336
vt 0.440438 0.430071
vt 0.389963 0.419889
vt 0.431624 0.431143
vt 0.394944 0.513606
vt 0.387101 0.427849
vt 0.287670 0.531373
vt 0.274002 0.514728
vt 0.378130 0.430966
vt 0.267204 0.511371
vt 0.369704 0.429965
vt 0.389045 0.491808
vt 0.384634 0.495519
vt 0.382501 0.490602
vt 0.472185 0.443805
vt 0.468449 0.442867
vt 0.471083 0.450955
vt 0.376567 0.490078
vt 0.461358 0.443460
vt 0.387868 0.497736
vt 0.463487 0.448717
vt 0.377714 0.497550
vt 0.385765 0.507718
vt 0.330545 0.395358
vt 0.467591 0.457021
vt 0.374710 0.493271
vt 0.369299 0.489779
vt 0.371869 0.496555
vt 0.274947 0.530902
vt 0.458090 0.450267
vt 0.404320 0.521465
vt 0.315080 0.382246
vt 0.454319 0.461447
vt 0.412987 0.521913
vt 0.405804 0.524776
vt 0.400267 0.523328
vt 0.395636 0.524196
vt 0.279355 0.553079
vt 0.267445 0.539199
vt 0.433548 0.436584
vt 0.262019 0.525569
vt 0.386973 0.516650
vt 0.448640 0.440194
vt 0.389136 0.521918
vt 0.300602 0.379995
vt 0.393954 0.530041
vt 0.331303 0.571841
vt 0.326341 0.563475
vt 0.323245 0.569824
vt 0.326106 0.579148
vt 0.316704 0.561422
vt 0.383823 0.524329
vt 0.316049 0.567781
vt 0.382319 0.512521
vt 0.438683 0.451498
vt 0.318236 0.577652
vt 0.308766 0.577959
vt 0.315023 0.409393
vt 0.365969 0.503025
vt 0.305120 0.570186
vt 0.298566 0.569376
vt 0.366076 0.511298
vt 0.312245 0.585759
vt 0.316492 0.589006
vt 0.380048 0.519064
vt 0.298507 0.397092
vt 0.306288 0.594000
vt 0.378130 0.521755
vt 0.373357 0.518890
vt 0.297293 0.581620
vt 0.376343 0.529880
vt 0.298540 0.594557
vt 0.365266 0.515885
vt 0.367600 0.520702
vt 0.365152 0.526919
vt 0.415059 0.410955
vt 0.359704 0.434006
vt 0.289557 0.567367
vt 0.425107 0.421088
vt 0.375988 0.541989
vt 0.384721 0.540549
vt 0.430046 0.423003
vt 0.295084 0.577473
vt 0.337027 0.429838
vt 0.366751 0.538823
vt 0.345369 0.436222
vt 0.339669 0.442359
vt 0.283416 0.566507
vt 0.378687 0.437982
vt 0.388294 0.432632
vt 0.264934 0.550520
vt 0.388195 0.437641
vt 0.411816 0.420457
vt 0.258746 0.538403
vt 0.254233 0.545503
vt 0.368129 0.440840
vt 0.364456 0.544463
vt 0.370037 0.542966
vt 0.374001 0.551836
vt 0.368968 0.447264
vt 0.375736 0.449656
vt 0.384260 0.449116
vt 0.366943 0.456267
vt 0.271853 0.562607
vt 0.278370 0.566023
vt 0.358556 0.439013
vt 0.264789 0.562180
vt 0.259221 0.556501
vt 0.259898 0.565268
vt 0.356100 0.445993
vt 0.286969 0.578558
vt 0.288354 0.589972
vt 0.361968 0.471931
vt 0.280291 0.577227
vt 0.365309 0.482032
vt 0.358722 0.484247
vt 0.280209 0.581756
vt 0.292571 0.594586
vt 0.426774 0.426875
vt 0.421440 0.431025
vt 0.349499 0.484331
vt 0.269918 0.574871
vt 0.276510 0.574430
vt 0.345620 0.475533
vt 0.355601 0.453901
vt 0.359195 0.489017
vt 0.274635 0.587946
vt 0.277665 0.594578
vt 0.282598 0.596105
vt 0.285778 0.597055
vt 0.355572 0.493494
vt 0.417690 0.424574
vt 0.346581 0.489404
vt 0.348729 0.496149
vt 0.345616 0.457291
vt 0.253732 0.562066
vt 0.421905 0.438349
vt 0.261496 0.575443
vt 0.364002 0.494562
vt 0.253572 0.569794
vt 0.346793 0.446320
vt 0.410686 0.432432
vt 0.266983 0.588199
vt 0.252916 0.578753
vt 0.256715 0.582995
vt 0.287211 0.602353
vt 0.277336 0.609143
vt 0.400120 0.432361
vt 0.274527 0.596703
vt 0.338186 0.485994
vt 0.329636 0.481209
vt 0.265167 0.603160
vt 0.272124 0.614031
vt 0.323963 0.429069
vt 0.339802 0.491240
vt 0.258706 0.592745
vt 0.392326 0.423498
vt 0.314645 0.474329
vt 0.252000 0.586840
vt 0.333250 0.489862
vt 0.246980 0.597356
vt 0.263511 0.613277
vt 0.260706 0.609025
vt 0.254388 0.600850
vt 0.458141 0.464258
vt 0.253998 0.613447
vt 0.244603 0.605531
vt 0.466229 0.470797
vt 0.267946 0.614927
vt 0.346148 0.505316
vt 0.258527 0.614500
vt 0.469103 0.474504
vt 0.474141 0.479612
vt 0.287018 0.415836
vt 0.249802 0.614233
vt 0.358234 0.518252
vt 0.357608 0.514881
vt 0.256706 0.618935
vt 0.244578 0.618233
vt 0.236909 0.613589
vt 0.348202 0.514849
vt 0.239206 0.614765
vt 0.452527 0.470726
vt 0.351677 0.516148
vt 0.462031 0.478085
vt 0.468751 0.483050
vt 0.453904 0.475903
vt 0.343443 0.511494
vt 0.340253 0.499704
vt 0.457509 0.485409
vt 0.335114 0.495486
vt 0.444747 0.475424
vt 0.332770 0.501683
vt 0.327388 0.496307
vt 0.438197 0.467205
vt 0.316580 0.493581
vt 0.333922 0.506340
vt 0.426129 0.462886
vt 0.434113 0.473038
vt 0.421704 0.470677
vt 0.290169 0.459824
vt 0.448146 0.481321
vt 0.452795 0.490056
vt 0.445013 0.485705
vt 0.279180 0.454789
vt 0.446623 0.494264
vt 0.441231 0.491349
vt 0.439667 0.481434
vt 0.295767 0.473210
vt 0.429887 0.482146
vt 0.438847 0.488611
vt 0.435717 0.487129
vt 0.428522 0.477279
vt 0.277456 0.471917
vt 0.424585 0.484460
vt 0.420470 0.478640
vt 0.413970 0.451633
vt 0.302836 0.485115
vt 0.414078 0.467155
vt 0.271269 0.479894
vt 0.585254 0.602048
vt 0.576611 0.593160
vt 0.590214 0.593005
vt 0.426071 0.528865
vt 0.414154 0.535327
vt 0.412923 0.526471
vt 0.511210 0.438716
vt 0.577252 0.603301
vt 0.417802 0.600839
vt 0.409077 0.596650
vt 0.414623 0.590664
vt 0.505135 0.440915
vt 0.403964 0.587013
vt 0.403809 0.594494
vt 0.409620 0.537061
vt 0.517138 0.447540
vt 0.598387 0.597691
vt 0.415945 0.607631
vt 0.592378 0.604071
vt 0.406450 0.603731
vt 0.574184 0.606506
vt 0.568045 0.592367
vt 0.525617 0.439790
vt 0.532198 0.436645
vt 0.410128 0.610154
vt 0.412200 0.612871
vt 0.582632 0.606107
vt 0.404570 0.613620
vt 0.565134 0.608329
vt 0.573537 0.611664
vt 0.562451 0.612188
vt 0.399989 0.603582
vt 0.399627 0.590266
vt 0.505318 0.448589
vt 0.502472 0.450856
vt 0.497491 0.680165
vt 0.497768 0.687515
vt 0.393673 0.597706
vt 0.393004 0.604815
vt 0.500663 0.696586
vt 0.498024 0.695161
vt 0.396786 0.538230
vt 0.588081 0.607139
vt 0.601026 0.606038
vt 0.414039 0.614483
vt 0.419120 0.615059
vt 0.418735 0.618075
vt 0.412115 0.618274
vt 0.408602 0.614713
vt 0.400385 0.614857
vt 0.397220 0.619037
vt 0.447668 0.565375
vt 0.444486 0.554044
vt 0.448850 0.557958
vt 0.413422 0.624220
vt 0.408259 0.620176
vt 0.541299 0.439146
vt 0.436660 0.559595
vt 0.440023 0.553288
vt 0.497784 0.702091
vt 0.532638 0.445471
vt 0.436457 0.546737
vt 0.442387 0.545117
vt 0.544198 0.443950
vt 0.401793 0.624984
vt 0.495440 0.704360
vt 0.540733 0.457584
vt 0.396596 0.612676
vt 0.431415 0.552046
vt 0.428713 0.548714
vt 0.555861 0.609443
vt 0.542195 0.609580
vt 0.551002 0.603604
vt 0.390989 0.613168
vt 0.544103 0.611943
vt 0.385391 0.604877
vt 0.389577 0.601229
vt 0.392691 0.614487
vt 0.551966 0.612349
vt 0.387379 0.618680
vt 0.427120 0.556019
vt 0.525023 0.455028
vt 0.497865 0.671052
vt 0.496637 0.660550
vt 0.497267 0.653294
vt 0.439479 0.565555
vt 0.401718 0.630694
vt 0.395337 0.626879
vt 0.433800 0.564472
vt 0.531550 0.466962
vt 0.430643 0.560945
vt 0.492069 0.658193
vt 0.492000 0.661157
vt 0.495708 0.664460
vt 0.496123 0.671628
vt 0.490510 0.664361
vt 0.491234 0.671831
vt 0.548873 0.452384
vt 0.428856 0.569103
vt 0.435726 0.575385
vt 0.444087 0.635470
vt 0.439047 0.640231
vt 0.436507 0.630222
vt 0.425605 0.570699
vt 0.420306 0.561428
vt 0.446849 0.641356
vt 0.502743 0.471286
vt 0.504110 0.465999
vt 0.506949 0.472657
vt 0.501197 0.463122
vt 0.453257 0.564203
vt 0.429713 0.635548
vt 0.430829 0.646441
vt 0.497735 0.470009
vt 0.437569 0.648184
vt 0.504039 0.476547
vt 0.445427 0.570034
vt 0.440665 0.625214
vt 0.430958 0.625519
vt 0.430842 0.618571
vt 0.505180 0.457853
vt 0.439043 0.572156
vt 0.498649 0.455736
vt 0.492044 0.678644
vt 0.493112 0.685736
vt 0.510072 0.464928
vt 0.412824 0.548994
vt 0.423769 0.545465
vt 0.419979 0.550433
vt 0.424913 0.626448
vt 0.517372 0.466670
vt 0.425888 0.549804
vt 0.416094 0.630397
vt 0.422050 0.552830
vt 0.419706 0.635779
vt 0.498382 0.460530
vt 0.498390 0.463612
vt 0.475488 0.674264
vt 0.478248 0.682410
vt 0.423356 0.645057
vt 0.425904 0.652797
vt 0.486773 0.660291
vt 0.495110 0.468052
vt 0.451103 0.651504
vt 0.445261 0.656862
vt 0.479483 0.656982
vt 0.483060 0.664329
vt 0.438284 0.657676
vt 0.404518 0.548100
vt 0.476145 0.660734
vt 0.517180 0.474997
vt 0.454518 0.657744
vt 0.514537 0.481941
vt 0.448246 0.659410
vt 0.457040 0.661977
vt 0.413037 0.558078
vt 0.443118 0.662529
vt 0.440517 0.659455
vt 0.415611 0.566149
vt 0.432031 0.656513
vt 0.493930 0.694221
vt 0.411081 0.554537
vt 0.432810 0.659581
vt 0.401547 0.560000
vt 0.427170 0.658558
vt 0.546586 0.466671
vt 0.488951 0.698304
vt 0.483555 0.687778
vt 0.436482 0.672006
vt 0.431061 0.666576
vt 0.522144 0.480492
vt 0.408014 0.566007
vt 0.427941 0.662270
vt 0.423213 0.577040
vt 0.429876 0.579329
vt 0.410234 0.631725
vt 0.535342 0.475142
vt 0.541721 0.477443
vt 0.494421 0.708841
vt 0.530647 0.482951
vt 0.446743 0.579669
vt 0.407867 0.637285
vt 0.418057 0.640218
vt 0.441539 0.581354
vt 0.418005 0.652919
vt 0.553130 0.450131
vt 0.409943 0.646804
vt 0.436764 0.590878
vt 0.441943 0.588999
vt 0.466388 0.669380
vt 0.434728 0.583070
vt 0.563194 0.453528
vt 0.464098 0.661444
vt 0.473160 0.657686
vt 0.399392 0.636423
vt 0.401576 0.643479
vt 0.427357 0.585341
vt 0.556918 0.458701
vt 0.559184 0.455792
vt 0.396070 0.654779
vt 0.431367 0.588815
vt 0.556289 0.465633
vt 0.407377 0.652654
vt 0.455753 0.674701
vt 0.421113 0.658380
vt 0.563064 0.460266
vt 0.413988 0.658409
vt 0.419122 0.663453
vt 0.468804 0.681267
vt 0.574295 0.469875
vt 0.431156 0.603974
vt 0.429014 0.596278
vt 0.568296 0.467917
vt 0.463999 0.684531
vt 0.465429 0.690797
vt 0.576636 0.467826
vt 0.425763 0.674173
vt 0.587091 0.457870
vt 0.410239 0.674636
vt 0.419322 0.577641
vt 0.409550 0.665859
vt 0.421934 0.597641
vt 0.482437 0.697297
vt 0.485694 0.698894
vt 0.418851 0.587253
vt 0.583664 0.468627
vt 0.472637 0.691952
vt 0.476085 0.705172
vt 0.406864 0.658666
vt 0.412589 0.660602
vt 0.409268 0.662839
vt 0.488561 0.709664
vt 0.402158 0.658766
vt 0.399989 0.662647
vt 0.558839 0.472781
vt 0.549489 0.476989
vt 0.482460 0.715120
vt 0.413721 0.575965
vt 0.472031 0.694278
vt 0.410894 0.568908
vt 0.466522 0.695263
vt 0.471622 0.702868
vt 0.393048 0.635159
vt 0.470951 0.713738
vt 0.407312 0.569486
vt 0.405899 0.573407
vt 0.398793 0.585179
vt 0.393294 0.582206
vt 0.401215 0.577781
vt 0.542779 0.487507
vt 0.393684 0.591176
vt 0.388403 0.587747
vt 0.384565 0.575953
vt 0.555252 0.486234
vt 0.466178 0.707817
vt 0.397845 0.573399
vt 0.560906 0.482657
vt 0.381566 0.590129
vt 0.386580 0.596456
vt 0.411579 0.581040
vt 0.603580 0.590859
vt 0.607505 0.602020
vt 0.407802 0.578822
vt 0.374842 0.583412
vt 0.375129 0.574145
vt 0.604219 0.602805
vt 0.598384 0.603648
vt 0.576562 0.472843
vt 0.610123 0.605081
vt 0.565884 0.479009
vt 0.573570 0.483249
vt 0.615546 0.602836
vt 0.375998 0.595349
vt 0.606684 0.611594
vt 0.583786 0.479936
vt 0.378796 0.604782
vt 0.597580 0.612203
vt 0.370251 0.590947
vt 0.369970 0.584520
vt 0.588621 0.474085
vt 0.498936 0.720082
vt 0.563715 0.495987
vt 0.496018 0.709202
vt 0.371432 0.600205
vt 0.496352 0.715728
vt 0.568085 0.483323
vt 0.369941 0.572003
vt 0.568873 0.492453
vt 0.363348 0.577880
vt 0.363626 0.567895
vt 0.368564 0.568187
vt 0.614433 0.610296
vt 0.621553 0.605680
vt 0.620769 0.609969
vt 0.578829 0.485496
vt 0.396213 0.548931
vt 0.584295 0.491237
vt 0.495501 0.720406
vt 0.576756 0.493440
vt 0.485023 0.724039
vt 0.484484 0.713995
vt 0.356488 0.570163
vt 0.392209 0.549149
vt 0.501614 0.476133
vt 0.498031 0.477275
vt 0.350955 0.570280
vt 0.354904 0.578985
vt 0.502890 0.485045
vt 0.497594 0.482513
vt 0.497029 0.727233
vt 0.500271 0.487507
vt 0.362320 0.588403
vt 0.345502 0.574950
vt 0.349024 0.579889
vt 0.507953 0.485697
vt 0.496612 0.733293
vt 0.400273 0.552756
vt 0.478229 0.724129
vt 0.497427 0.489479
vt 0.397486 0.559656
vt 0.493975 0.478850
vt 0.364196 0.598797
vt 0.501122 0.492811
vt 0.503270 0.492397
vt 0.509491 0.494805
vt 0.355588 0.598323
vt 0.354248 0.587943
vt 0.473552 0.725886
vt 0.481341 0.732200
vt 0.622701 0.598466
vt 0.624043 0.602710
vt 0.631206 0.598072
vt 0.502021 0.501158
vt 0.503716 0.500671
vt 0.497595 0.499384
vt 0.631234 0.602793
vt 0.492103 0.497076
vt 0.490688 0.486650
vt 0.385637 0.545864
vt 0.351019 0.597109
vt 0.343265 0.590167
vt 0.626926 0.605894
vt 0.632454 0.606489
vt 0.382067 0.548251
vt 0.522299 0.494075
vt 0.389858 0.554646
vt 0.629658 0.608553
vt 0.373097 0.607391
vt 0.365266 0.609185
vt 0.499574 0.732548
vt 0.497999 0.740243
vt 0.635339 0.598954
vt 0.635060 0.603125
vt 0.635254 0.608925
vt 0.637414 0.607731
vt 0.381337 0.554793
vt 0.638207 0.602668
vt 0.641625 0.604733
vt 0.367797 0.613658
vt 0.637391 0.610635
vt 0.517399 0.504096
vt 0.385773 0.613592
vt 0.644589 0.607074
vt 0.640233 0.599346
vt 0.646969 0.598393
vt 0.382764 0.613828
vt 0.648376 0.601051
vt 0.525393 0.500161
vt 0.530890 0.490154
vt 0.534281 0.492679
vt 0.648566 0.603781
vt 0.529640 0.502474
vt 0.642395 0.611835
vt 0.647153 0.612222
vt 0.378785 0.613857
vt 0.378156 0.618592
vt 0.392125 0.564329
vt 0.378529 0.625181
vt 0.655498 0.612495
vt 0.389103 0.628075
vt 0.487632 0.476873
vt 0.484439 0.472827
vt 0.488857 0.738983
vt 0.488003 0.481262
vt 0.495262 0.740061
vt 0.381486 0.631775
vt 0.374031 0.613432
vt 0.388975 0.571823
vt 0.386993 0.562274
vt 0.389178 0.638613
vt 0.380186 0.639882
vt 0.470591 0.740958
vt 0.371650 0.630389
vt 0.481451 0.480030
vt 0.380287 0.562811
vt 0.384690 0.565665
vt 0.372377 0.615170
vt 0.487728 0.490513
vt 0.369517 0.619298
vt 0.478923 0.487455
vt 0.475546 0.483413
vt 0.393331 0.573750
vt 0.361711 0.614709
vt 0.466905 0.488087
vt 0.360705 0.605519
vt 0.381008 0.571519
vt 0.343953 0.600910
vt 0.374052 0.567579
vt 0.508455 0.502413
vt 0.503615 0.507717
vt 0.348268 0.606248
vt 0.491747 0.501957
vt 0.496764 0.506411
vt 0.500172 0.510829
vt 0.355039 0.614259
vt 0.502195 0.512573
vt 0.592604 0.458450
vt 0.489804 0.507038
vt 0.500382 0.518416
vt 0.502137 0.520296
vt 0.497367 0.527564
vt 0.497245 0.513331
vt 0.371014 0.561992
vt 0.364979 0.555040
vt 0.343808 0.613135
vt 0.349645 0.614249
vt 0.353596 0.618704
vt 0.345618 0.614278
vt 0.347161 0.619387
vt 0.488496 0.514471
vt 0.338322 0.607465
vt 0.360694 0.563084
vt 0.506171 0.511435
vt 0.471154 0.493930
vt 0.459779 0.493169
vt 0.464512 0.499611
vt 0.510614 0.518134
vt 0.520245 0.514060
vt 0.361861 0.619377
vt 0.528451 0.509402
vt 0.455376 0.499080
vt 0.468568 0.499318
vt 0.357937 0.633267
vt 0.452498 0.496953
vt 0.368733 0.635580
vt 0.457207 0.505355
vt 0.466654 0.506006
vt 0.461361 0.511355
vt 0.504019 0.517805
vt 0.364840 0.643526
vt 0.503013 0.527925
vt 0.444767 0.503261
vt 0.511155 0.526442
vt 0.349797 0.629784
vt 0.449311 0.505385
vt 0.339931 0.618687
vt 0.337402 0.624765
vt 0.523980 0.524451
vt 0.529565 0.518113
vt 0.604548 0.459723
vt 0.649545 0.558899
vt 0.642478 0.552997
vt 0.652247 0.549702
vt 0.350613 0.642623
vt 0.484825 0.495208
vt 0.345065 0.638552
vt 0.612524 0.465769
vt 0.476470 0.499365
vt 0.481579 0.500249
vt 0.391666 0.646614
vt 0.660033 0.545207
vt 0.660936 0.553258
vt 0.657117 0.546486
vt 0.655214 0.560155
vt 0.482984 0.507166
vt 0.385636 0.647967
vt 0.661556 0.558644
vt 0.385784 0.656815
vt 0.638000 0.558195
vt 0.641547 0.562620
vt 0.598493 0.465218
vt 0.604512 0.468319
vt 0.396150 0.669507
vt 0.596994 0.473228
vt 0.475322 0.506456
vt 0.393389 0.659264
vt 0.387222 0.661960
vt 0.481097 0.520456
vt 0.477782 0.514091
vt 0.608204 0.480563
vt 0.654109 0.569666
vt 0.619882 0.470478
vt 0.640188 0.572706
vt 0.392761 0.678113
vt 0.645493 0.575401
vt 0.401401 0.683690
vt 0.659226 0.575002
vt 0.535012 0.500291
vt 0.380901 0.664177
vt 0.535588 0.508186
vt 0.628543 0.468461
vt 0.536896 0.505452
vt 0.382175 0.669271
vt 0.662800 0.565757
vt 0.634314 0.460787
vt 0.637496 0.460302
vt 0.632113 0.469595
vt 0.664661 0.562297
vt 0.635520 0.469305
vt 0.541354 0.496089
vt 0.381427 0.682412
vt 0.665470 0.570998
vt 0.552598 0.493341
vt 0.665363 0.541891
vt 0.547594 0.495236
vt 0.549115 0.498899
vt 0.376131 0.676923
vt 0.373131 0.673543
vt 0.617595 0.482321
vt 0.627991 0.480264
vt 0.631957 0.476377
vt 0.667615 0.558652
vt 0.390566 0.684519
vt 0.679209 0.550380
vt 0.542592 0.506640
vt 0.681822 0.561332
vt 0.635954 0.478439
vt 0.678355 0.542446
vt 0.641979 0.469090
vt 0.559816 0.500277
vt 0.549296 0.510025
vt 0.550951 0.507498
vt 0.371809 0.684526
vt 0.683385 0.544778
vt 0.683141 0.539046
vt 0.555314 0.508431
vt 0.632986 0.485582
vt 0.370484 0.676192
vt 0.643155 0.477849
vt 0.682614 0.551657
vt 0.568872 0.500720
vt 0.685583 0.550031
vt 0.656117 0.459773
vt 0.572672 0.498438
vt 0.683108 0.576013
vt 0.581490 0.498557
vt 0.586040 0.500837
vt 0.575161 0.510075
vt 0.686820 0.555172
vt 0.570377 0.508483
vt 0.564027 0.510587
vt 0.565174 0.517061
vt 0.653861 0.473715
vt 0.373236 0.648483
vt 0.686063 0.560727
vt 0.567392 0.510783
vt 0.573238 0.513570
vt 0.671144 0.572153
vt 0.580557 0.520328
vt 0.668351 0.458461
vt 0.664111 0.464894
vt 0.380905 0.655117
vt 0.653086 0.581667
vt 0.668504 0.472996
vt 0.538192 0.522684
vt 0.547106 0.516231
vt 0.649331 0.591474
vt 0.597731 0.486279
vt 0.610148 0.489937
vt 0.665994 0.575673
vt 0.533184 0.535571
vt 0.548662 0.532931
vt 0.660744 0.590948
vt 0.553931 0.523525
vt 0.670467 0.582708
vt 0.617474 0.495155
vt 0.622694 0.488784
vt 0.373807 0.660941
vt 0.365354 0.651629
vt 0.560317 0.535213
vt 0.364659 0.660529
vt 0.628283 0.491660
vt 0.659233 0.596529
vt 0.643970 0.488182
vt 0.358281 0.655385
vt 0.352227 0.649364
vt 0.666171 0.595076
vt 0.610483 0.504456
vt 0.358707 0.657984
vt 0.358988 0.660359
vt 0.624041 0.496600
vt 0.688591 0.566545
vt 0.568611 0.524822
vt 0.359731 0.663114
vt 0.623122 0.505944
vt 0.352579 0.661602
vt 0.657730 0.483059
vt 0.654090 0.492920
vt 0.590349 0.484803
vt 0.368626 0.667869
vt 0.663235 0.477633
vt 0.669628 0.477453
vt 0.667131 0.482638
vt 0.689148 0.570543
vt 0.364608 0.668256
vt 0.595208 0.495097
vt 0.589809 0.498586
vt 0.361814 0.677597
vt 0.598600 0.501622
vt 0.662722 0.494995
vt 0.666265 0.491385
vt 0.357474 0.665948
vt 0.675386 0.587964
vt 0.674152 0.593431
vt 0.673519 0.488030
vt 0.675926 0.592911
vt 0.680943 0.584622
vt 0.679374 0.590601
vt 0.633879 0.494232
vt 0.636586 0.493775
vt 0.632488 0.498674
vt 0.685799 0.593026
vt 0.636632 0.485942
vt 0.362295 0.684151
vt 0.604257 0.503964
vt 0.591325 0.513686
vt 0.582161 0.510305
vt 0.334725 0.614496
vt 0.696294 0.578998
vt 0.602360 0.511938
vt 0.637035 0.503666
vt 0.443800 0.676344
vt 0.633987 0.505605
vt 0.645806 0.498607
vt 0.638246 0.507523
vt 0.433193 0.680427
vt 0.440472 0.683877
vt 0.598288 0.514272
vt 0.691018 0.535717
vt 0.691649 0.545538
vt 0.600283 0.519374
vt 0.652566 0.506129
vt 0.423172 0.684850
vt 0.660302 0.503873
vt 0.677443 0.448252
vt 0.689668 0.553947
vt 0.697387 0.540191
vt 0.605274 0.514212
vt 0.437305 0.686765
vt 0.702314 0.547528
vt 0.426278 0.692542
vt 0.682738 0.445653
vt 0.696574 0.533229
vt 0.701568 0.537626
vt 0.685626 0.455912
vt 0.613425 0.516729
vt 0.703097 0.531130
vt 0.707734 0.528231
vt 0.609148 0.529545
vt 0.413160 0.680173
vt 0.614327 0.522005
vt 0.706529 0.545373
vt 0.620946 0.515661
vt 0.407861 0.685869
vt 0.620362 0.525700
vt 0.415908 0.693896
vt 0.425453 0.705282
vt 0.695958 0.557634
vt 0.672899 0.466491
vt 0.678229 0.457801
vt 0.701774 0.553310
vt 0.408923 0.693633
vt 0.413614 0.709191
vt 0.680228 0.465392
vt 0.596483 0.527090
vt 0.585242 0.530629
vt 0.588329 0.539003
vt 0.412832 0.700705
vt 0.402522 0.702631
vt 0.407605 0.705965
vt 0.572083 0.537892
vt 0.402631 0.693478
vt 0.702953 0.559126
vt 0.693620 0.445551
vt 0.579790 0.543199
vt 0.576786 0.544886
vt 0.699793 0.439424
vt 0.595397 0.539584
vt 0.390782 0.694373
vt 0.394435 0.706786
vt 0.710269 0.537476
vt 0.586809 0.546595
vt 0.722402 0.526538
vt 0.722424 0.533466
vt 0.705663 0.436763
vt 0.700670 0.447909
vt 0.726896 0.544561
vt 0.708095 0.446120
vt 0.711447 0.440985
vt 0.600927 0.541634
vt 0.693251 0.452609
vt 0.727137 0.523994
vt 0.724368 0.529508
vt 0.610719 0.541752
vt 0.618159 0.542799
vt 0.407576 0.716792
vt 0.733951 0.531033
vt 0.415173 0.717476
vt 0.591053 0.544914
vt 0.693945 0.458231
vt 0.702650 0.462035
vt 0.597239 0.547721
vt 0.721630 0.550886
vt 0.601313 0.546358
vt 0.607589 0.545668
vt 0.706457 0.452873
vt 0.395491 0.716890
vt 0.403857 0.725576
vt 0.713927 0.447779
vt 0.611973 0.548194
vt 0.389701 0.709528
vt 0.382029 0.700662
vt 0.627472 0.524981
vt 0.626401 0.540061
vt 0.632120 0.533457
vt 0.725363 0.549692
vt 0.678491 0.478892
vt 0.681605 0.474637
vt 0.635151 0.544316
vt 0.686483 0.477405
vt 0.372357 0.695604
vt 0.729510 0.548885
vt 0.733598 0.547909
vt 0.623945 0.547143
vt 0.692213 0.568604
vt 0.687049 0.466376
vt 0.618514 0.547935
vt 0.698834 0.566534
vt 0.693522 0.473580
vt 0.635263 0.550545
vt 0.696695 0.569122
vt 0.638081 0.541835
vt 0.701374 0.572354
vt 0.638818 0.546678
vt 0.703891 0.565082
vt 0.707668 0.560173
vt 0.502799 0.554368
vt 0.503663 0.548744
vt 0.506288 0.562868
vt 0.502062 0.558951
vt 0.681608 0.488825
vt 0.681771 0.483874
vt 0.675395 0.493677
vt 0.501799 0.564158
vt 0.498408 0.560152
vt 0.507960 0.569848
vt 0.510486 0.563577
vt 0.688299 0.480738
vt 0.499459 0.567502
vt 0.501598 0.569028
vt 0.503343 0.567078
vt 0.693895 0.479832
vt 0.691395 0.483206
vt 0.688957 0.487016
vt 0.694905 0.486931
vt 0.709022 0.575136
vt 0.686997 0.489015
vt 0.510956 0.573869
vt 0.516016 0.569036
vt 0.517755 0.578812
vt 0.376512 0.709136
vt 0.520958 0.567754
vt 0.521617 0.574998
vt 0.696468 0.466084
vt 0.701830 0.578267
vt 0.492556 0.523456
vt 0.721082 0.571767
vt 0.713423 0.461084
vt 0.486766 0.523552
vt 0.704464 0.469006
vt 0.368256 0.710071
vt 0.712965 0.470544
vt 0.719775 0.468776
vt 0.487372 0.529585
vt 0.480047 0.529907
vt 0.500678 0.527414
vt 0.506975 0.537710
vt 0.503214 0.538716
vt 0.383201 0.717389
vt 0.697412 0.477039
vt 0.500470 0.533375
vt 0.700916 0.475452
vt 0.497251 0.534662
vt 0.706585 0.584082
vt 0.701485 0.482629
vt 0.521662 0.535040
vt 0.709613 0.476779
vt 0.397337 0.727329
vt 0.391283 0.725310
vt 0.515176 0.539408
vt 0.705782 0.481410
vt 0.525279 0.541816
vt 0.502057 0.542612
vt 0.491992 0.537607
vt 0.720321 0.475997
vt 0.385654 0.724873
vt 0.724409 0.555292
vt 0.724540 0.561624
vt 0.497426 0.542099
vt 0.505360 0.545486
vt 0.502150 0.546870
vt 0.486742 0.547041
vt 0.373849 0.724246
vt 0.723620 0.570204
vt 0.512777 0.543726
vt 0.519109 0.543812
vt 0.389084 0.735629
vt 0.730570 0.551531
vt 0.729043 0.557813
vt 0.509025 0.551485
vt 0.513833 0.552745
vt 0.522013 0.546437
vt 0.378435 0.727337
vt 0.733552 0.560503
vt 0.486565 0.536824
vt 0.670316 0.499041
vt 0.378406 0.734078
vt 0.371936 0.715820
vt 0.630272 0.514676
vt 0.634214 0.513502
vt 0.397685 0.740585
vt 0.625250 0.515269
vt 0.387823 0.741175
vt 0.471131 0.523498
vt 0.474056 0.528938
vt 0.637858 0.516617
vt 0.641329 0.518476
vt 0.467992 0.517551
vt 0.645150 0.509867
vt 0.721484 0.581085
vt 0.341547 0.572873
vt 0.461136 0.520081
vt 0.724899 0.571214
vt 0.725323 0.578781
vt 0.337560 0.575414
vt 0.728675 0.570327
vt 0.731585 0.566344
vt 0.632666 0.523261
vt 0.483039 0.541178
vt 0.474217 0.540516
vt 0.342605 0.581175
vt 0.469963 0.537602
vt 0.467421 0.531662
vt 0.334882 0.579098
vt 0.467713 0.528055
vt 0.635817 0.524383
vt 0.336145 0.586935
vt 0.463137 0.527260
vt 0.638621 0.527546
vt 0.736918 0.565103
vt 0.464124 0.532156
vt 0.736087 0.573436
vt 0.643440 0.529361
vt 0.457667 0.530103
vt 0.648144 0.523543
vt 0.497903 0.551452
vt 0.499394 0.555646
vt 0.491225 0.547995
vt 0.655661 0.519930
vt 0.496893 0.557130
vt 0.487854 0.556828
vt 0.453256 0.685017
vt 0.457169 0.687766
vt 0.453889 0.695230
vt 0.446273 0.683985
vt 0.340059 0.601435
vt 0.669791 0.504421
vt 0.663207 0.510303
vt 0.483072 0.551772
vt 0.329260 0.594160
vt 0.477981 0.548955
vt 0.660337 0.517357
vt 0.491609 0.559465
vt 0.443865 0.697695
vt 0.491047 0.567157
vt 0.325933 0.588891
vt 0.496579 0.566275
vt 0.484097 0.564179
vt 0.667084 0.516245
vt 0.497697 0.572517
vt 0.482450 0.556342
vt 0.323191 0.598837
vt 0.479207 0.563527
vt 0.332218 0.600656
vt 0.475325 0.556141
vt 0.474003 0.563068
vt 0.457316 0.712143
vt 0.464548 0.718336
vt 0.636182 0.536344
vt 0.322894 0.607715
vt 0.468717 0.548499
vt 0.457026 0.701292
vt 0.453888 0.709005
vt 0.641359 0.536677
vt 0.460527 0.532971
vt 0.462915 0.540823
vt 0.652091 0.535289
vt 0.454013 0.533179
vt 0.452373 0.545019
vt 0.463694 0.550092
vt 0.458225 0.548076
vt 0.656429 0.530075
vt 0.460674 0.555950
vt 0.646610 0.543009
vt 0.313189 0.599570
vt 0.455802 0.556467
vt 0.476771 0.544259
vt 0.470684 0.553006
vt 0.341105 0.650056
vt 0.336020 0.642537
vt 0.461943 0.561297
vt 0.335204 0.630480
vt 0.660237 0.538997
vt 0.335473 0.634223
vt 0.443320 0.713685
vt 0.659835 0.526604
vt 0.664162 0.524683
vt 0.451427 0.724615
vt 0.662623 0.532401
vt 0.325880 0.630194
vt 0.544258 0.542544
vt 0.434844 0.695998
vt 0.660746 0.533602
vt 0.536745 0.543032
vt 0.328053 0.643687
vt 0.434169 0.709899
vt 0.680371 0.520384
vt 0.530222 0.547427
vt 0.428926 0.703908
vt 0.524245 0.550187
vt 0.679095 0.534831
vt 0.541013 0.547727
vt 0.533780 0.549308
vt 0.532283 0.556617
vt 0.551895 0.543997
vt 0.310379 0.606954
vt 0.434250 0.720089
vt 0.680395 0.527433
vt 0.551225 0.547625
vt 0.548356 0.546414
vt 0.555273 0.543554
vt 0.562652 0.542500
vt 0.676963 0.500115
vt 0.686989 0.495075
vt 0.560433 0.547563
vt 0.431247 0.714287
vt 0.567301 0.546952
vt 0.425373 0.717288
vt 0.544732 0.548089
vt 0.349603 0.658009
vt 0.688208 0.491828
vt 0.542096 0.564660
vt 0.693414 0.490619
vt 0.696552 0.491538
vt 0.342691 0.661702
vt 0.549633 0.565269
vt 0.558079 0.554963
vt 0.555409 0.556451
vt 0.561283 0.557897
vt 0.565802 0.551357
vt 0.697533 0.497448
vt 0.468126 0.732363
vt 0.555557 0.561649
vt 0.655987 0.601739
vt 0.688085 0.509686
vt 0.521238 0.558986
vt 0.660451 0.607422
vt 0.662452 0.598012
vt 0.526334 0.563798
vt 0.697863 0.509924
vt 0.338148 0.658184
vt 0.665588 0.601655
vt 0.340358 0.669858
vt 0.700697 0.490185
vt 0.669720 0.609029
vt 0.707839 0.487272
vt 0.330237 0.652052
vt 0.702204 0.492481
vt 0.706522 0.492912
vt 0.532222 0.565892
vt 0.710163 0.492863
vt 0.699921 0.495398
vt 0.673305 0.596955
vt 0.711462 0.481451
vt 0.322131 0.646524
vt 0.716242 0.481012
vt 0.324127 0.657858
vt 0.672216 0.601505
vt 0.711783 0.490256
vt 0.332112 0.661481
vt 0.527804 0.574912
vt 0.717059 0.488984
vt 0.704196 0.506839
vt 0.708020 0.495526
vt 0.331138 0.669112
vt 0.708051 0.507991
vt 0.471186 0.745657
vt 0.350640 0.676751
vt 0.556779 0.567887
vt 0.555566 0.571657
vt 0.717294 0.492224
vt 0.721453 0.489046
vt 0.720428 0.496317
vt 0.675779 0.601941
vt 0.675322 0.608596
vt 0.721184 0.509850
vt 0.457030 0.732644
vt 0.537339 0.573452
vt 0.543692 0.578865
vt 0.695295 0.513389
vt 0.351486 0.685877
vt 0.533373 0.581194
vt 0.702913 0.516188
vt 0.697885 0.515464
vt 0.675032 0.612832
vt 0.364852 0.696371
vt 0.700153 0.518441
vt 0.538205 0.582408
vt 0.458020 0.740685
vt 0.554924 0.577568
vt 0.355891 0.693357
vt 0.704961 0.522257
vt 0.679201 0.596277
vt 0.553951 0.582403
vt 0.503012 0.574561
vt 0.723776 0.503733
vt 0.341780 0.681811
vt 0.502593 0.580610
vt 0.333875 0.678481
vt 0.690619 0.600570
vt 0.681845 0.604050
vt 0.496673 0.577738
vt 0.497917 0.583652
vt 0.489675 0.578536
vt 0.688469 0.597175
vt 0.726521 0.512200
vt 0.724409 0.517822
vt 0.502590 0.586500
vt 0.497176 0.591253
vt 0.502550 0.591073
vt 0.698112 0.587866
vt 0.348798 0.692237
vt 0.720643 0.519578
vt 0.694107 0.592415
vt 0.494730 0.596109
vt 0.490964 0.587269
vt 0.701929 0.597063
vt 0.728584 0.518864
vt 0.513380 0.581104
vt 0.511720 0.583959
vt 0.318190 0.651519
vt 0.451216 0.744882
vt 0.519147 0.585694
vt 0.682917 0.611930
vt 0.523170 0.585338
vt 0.689294 0.612604
vt 0.686278 0.516704
vt 0.684128 0.523501
vt 0.527313 0.589187
vt 0.532377 0.587179
vt 0.694333 0.604127
vt 0.509737 0.588122
vt 0.314887 0.658114
vt 0.325302 0.661499
vt 0.687953 0.517294
vt 0.688786 0.521712
vt 0.695035 0.517794
vt 0.515574 0.590473
vt 0.685702 0.526964
vt 0.314452 0.661402
vt 0.507149 0.598181
vt 0.503659 0.596244
vt 0.502199 0.594460
vt 0.693151 0.526558
vt 0.695258 0.613119
vt 0.511653 0.598099
vt 0.706345 0.601274
vt 0.700144 0.522169
vt 0.685586 0.531153
vt 0.519263 0.596000
vt 0.683669 0.535105
vt 0.512675 0.604736
vt 0.321145 0.673182
vt 0.537496 0.589699
vt 0.465758 0.726341
vt 0.458138 0.724988
vt 0.533066 0.595939
vt 0.310633 0.669854
vt 0.533412 0.603477
vt 0.701926 0.529111
vt 0.703040 0.526343
vt 0.540668 0.593919
vt 0.503037 0.605703
vt 0.501622 0.601285
vt 0.500418 0.605693
vt 0.506947 0.611687
vt 0.500886 0.597997
vt 0.453799 0.720544
vt 0.498258 0.598790
vt 0.736867 0.421761
vt 0.495894 0.607652
vt 0.334455 0.694843
vt 0.752073 0.419172
vt 0.489188 0.603644
vt 0.323627 0.692950
vt 0.753556 0.426790
vt 0.747187 0.428398
vt 0.517529 0.606422
vt 0.752671 0.435644
vt 0.512948 0.612125
vt 0.323607 0.701144
vt 0.520994 0.610576
vt 0.500842 0.609724
vt 0.502501 0.611627
vt 0.497689 0.612600
vt 0.500466 0.613714
vt 0.758115 0.429018
vt 0.490357 0.607201
vt 0.448149 0.740982
vt 0.496453 0.617991
vt 0.499308 0.620907
vt 0.493061 0.613046
vt 0.492246 0.618563
vt 0.489097 0.613482
vt 0.770719 0.416851
vt 0.485006 0.611267
vt 0.768953 0.420425
vt 0.486089 0.617467
vt 0.439584 0.726183
vt 0.444360 0.727291
vt 0.775440 0.414722
vt 0.520950 0.612273
vt 0.441430 0.733385
vt 0.499039 0.630993
vt 0.495679 0.626599
vt 0.319730 0.686732
vt 0.495179 0.633652
vt 0.764917 0.430283
vt 0.491771 0.631085
vt 0.759265 0.440395
vt 0.763438 0.436915
vt 0.485619 0.624633
vt 0.772106 0.420488
vt 0.776981 0.422891
vt 0.310330 0.682732
vt 0.775890 0.433019
vt 0.526649 0.612419
vt 0.531123 0.610784
vt 0.432000 0.727398
vt 0.536356 0.606984
vt 0.781090 0.425807
vt 0.534206 0.612412
vt 0.498512 0.639017
vt 0.497796 0.645307
vt 0.778063 0.415682
vt 0.432125 0.741012
vt 0.315022 0.696990
vt 0.787650 0.411836
vt 0.435923 0.745116
vt 0.430690 0.744717
vt 0.301917 0.672370
vt 0.792741 0.405402
vt 0.795897 0.401525
vt 0.803916 0.405494
vt 0.494454 0.641725
vt 0.486394 0.568980
vt 0.797977 0.414773
vt 0.785971 0.424215
vt 0.792728 0.425524
vt 0.485572 0.573304
vt 0.300044 0.684341
vt 0.424218 0.726894
vt 0.306660 0.691526
vt 0.477078 0.569073
vt 0.478333 0.574557
vt 0.469089 0.573460
vt 0.801578 0.422188
vt 0.483247 0.584036
vt 0.304700 0.697643
vt 0.307910 0.706569
vt 0.776040 0.438089
vt 0.767826 0.442286
vt 0.484458 0.590972
vt 0.290871 0.681451
vt 0.474866 0.579917
vt 0.471228 0.579944
vt 0.704002 0.611997
vt 0.476725 0.588347
vt 0.774100 0.445140
vt 0.291897 0.691011
vt 0.296036 0.694632
vt 0.783542 0.440708
vt 0.463677 0.566211
vt 0.781706 0.446549
vt 0.776560 0.457503
vt 0.296562 0.705714
vt 0.787689 0.451782
vt 0.415610 0.726937
vt 0.781307 0.434475
vt 0.786446 0.431439
vt 0.790566 0.429675
vt 0.410713 0.725461
vt 0.790027 0.439757
vt 0.460614 0.569165
vt 0.456358 0.564936
vt 0.407946 0.728299
vt 0.470007 0.584812
vt 0.803501 0.426113
vt 0.282443 0.693961
vt 0.465363 0.579705
vt 0.457721 0.571478
vt 0.701747 0.588258
vt 0.798352 0.429823
vt 0.806686 0.430428
vt 0.458840 0.577106
vt 0.285593 0.705487
vt 0.795023 0.440116
vt 0.277828 0.700738
vt 0.704989 0.591621
vt 0.451409 0.572415
vt 0.453560 0.582602
vt 0.800395 0.448812
vt 0.485860 0.598214
vt 0.271836 0.706177
vt 0.278482 0.715031
vt 0.711020 0.591868
vt 0.715720 0.584461
vt 0.480172 0.597455
vt 0.801624 0.438382
vt 0.720988 0.591924
vt 0.723203 0.587020
vt 0.810340 0.449385
vt 0.467628 0.595386
vt 0.327642 0.618656
vt 0.473437 0.596658
vt 0.476626 0.596811
vt 0.797998 0.458531
vt 0.326763 0.614562
vt 0.713312 0.597061
vt 0.471298 0.603239
vt 0.478172 0.605075
vt 0.724878 0.596459
vt 0.721371 0.600791
vt 0.321842 0.615487
vt 0.473063 0.611742
vt 0.318332 0.614651
vt 0.318817 0.618600
vt 0.465942 0.606842
vt 0.463365 0.596021
vt 0.461293 0.604424
vt 0.804267 0.465537
vt 0.811505 0.460488
vt 0.457449 0.586994
vt 0.730474 0.581685
vt 0.809785 0.472038
vt 0.818379 0.465958
vt 0.718323 0.434495
vt 0.718571 0.441787
vt 0.731236 0.576608
vt 0.450591 0.586001
vt 0.454822 0.589857
vt 0.724804 0.439888
vt 0.734949 0.582006
vt 0.450453 0.591709
vt 0.724787 0.432994
vt 0.456361 0.598298
vt 0.453078 0.597607
vt 0.735715 0.434475
vt 0.457469 0.604976
vt 0.316700 0.639393
vt 0.317310 0.630496
vt 0.447114 0.597157
vt 0.727581 0.590968
vt 0.717941 0.457847
vt 0.440542 0.600747
vt 0.724410 0.447374
vt 0.734029 0.588517
vt 0.735809 0.593810
vt 0.734262 0.597183
vt 0.730013 0.443559
vt 0.742278 0.588573
vt 0.750146 0.581859
vt 0.309926 0.614101
vt 0.307998 0.615742
vt 0.543488 0.582352
vt 0.739627 0.429498
vt 0.548325 0.587624
vt 0.301563 0.614585
vt 0.310376 0.618786
vt 0.548200 0.595187
vt 0.555704 0.588693
vt 0.419391 0.741565
vt 0.745223 0.436122
vt 0.546556 0.601860
vt 0.306856 0.625832
vt 0.421753 0.745252
vt 0.740726 0.439301
vt 0.426833 0.747147
vt 0.420338 0.747175
vt 0.740205 0.446000
vt 0.736585 0.451855
vt 0.298270 0.605937
vt 0.481695 0.614594
vt 0.718884 0.604027
vt 0.727888 0.612187
vt 0.476518 0.613193
vt 0.748791 0.440875
vt 0.480300 0.633424
vt 0.480146 0.627522
vt 0.729310 0.456591
vt 0.415212 0.735313
vt 0.301162 0.618806
vt 0.486775 0.639886
vt 0.295698 0.614422
vt 0.478733 0.638214
vt 0.493442 0.650170
vt 0.488960 0.651550
vt 0.289576 0.618968
vt 0.724542 0.476804
vt 0.298086 0.627043
vt 0.729050 0.466905
vt 0.730172 0.472954
vt 0.409478 0.742741
vt 0.472616 0.651320
vt 0.285916 0.629134
vt 0.468299 0.638418
vt 0.739264 0.467877
vt 0.481023 0.651792
vt 0.415862 0.746099
vt 0.304516 0.637564
vt 0.745853 0.457329
vt 0.750432 0.448775
vt 0.459617 0.651771
vt 0.751802 0.443978
vt 0.469478 0.657127
vt 0.459291 0.657441
vt 0.758257 0.448236
vt 0.459373 0.659301
vt 0.731079 0.601739
vt 0.572576 0.543142
vt 0.752703 0.465880
vt 0.739594 0.601291
vt 0.573234 0.550552
vt 0.758759 0.462874
vt 0.764631 0.453756
vt 0.738666 0.603699
vt 0.569661 0.556237
vt 0.746191 0.597182
vt 0.565899 0.566629
vt 0.308673 0.647988
vt 0.573518 0.560789
vt 0.577255 0.557760
vt 0.582313 0.560426
vt 0.747638 0.600956
vt 0.577059 0.565547
vt 0.579823 0.568457
vt 0.746661 0.608642
vt 0.584606 0.554770
vt 0.588078 0.568286
vt 0.296221 0.647244
vt 0.580356 0.547117
vt 0.729506 0.476784
vt 0.730249 0.479437
vt 0.736848 0.473340
vt 0.303784 0.658017
vt 0.733562 0.475496
vt 0.402966 0.744998
vt 0.304694 0.661628
vt 0.737710 0.612363
vt 0.742668 0.473816
vt 0.733041 0.482504
vt 0.740883 0.478734
vt 0.288232 0.608969
vt 0.733974 0.483716
vt 0.592251 0.551286
vt 0.738392 0.486575
vt 0.743792 0.487160
vt 0.599873 0.558587
vt 0.392903 0.746130
vt 0.723320 0.479332
vt 0.592973 0.555549
vt 0.289309 0.614613
vt 0.725510 0.486559
vt 0.604642 0.548964
vt 0.604181 0.558585
vt 0.284107 0.613452
vt 0.607818 0.555277
vt 0.723056 0.494263
vt 0.611131 0.564266
vt 0.726811 0.492625
vt 0.731309 0.491554
vt 0.280245 0.614392
vt 0.589553 0.559397
vt 0.727073 0.498409
vt 0.280191 0.619130
vt 0.752710 0.612694
vt 0.729440 0.495962
vt 0.596014 0.565621
vt 0.735581 0.488793
vt 0.735102 0.492551
vt 0.742842 0.493729
vt 0.739361 0.490174
vt 0.736427 0.495485
vt 0.730805 0.523343
vt 0.605652 0.565069
vt 0.741962 0.490152
vt 0.607440 0.569272
vt 0.736409 0.520727
vt 0.747223 0.471366
vt 0.600982 0.577568
vt 0.597522 0.574493
vt 0.755732 0.471618
vt 0.560998 0.566276
vt 0.743501 0.479222
vt 0.748680 0.477364
vt 0.751686 0.474184
vt 0.571964 0.568932
vt 0.561052 0.572033
vt 0.750632 0.532026
vt 0.747939 0.512356
vt 0.570169 0.573891
vt 0.267879 0.619145
vt 0.277340 0.624436
vt 0.754911 0.521155
vt 0.761095 0.474200
vt 0.767963 0.469970
vt 0.279044 0.638872
vt 0.276411 0.630980
vt 0.575684 0.576439
vt 0.746181 0.482828
vt 0.750107 0.479683
vt 0.752247 0.481053
vt 0.563432 0.583183
vt 0.750852 0.487921
vt 0.754643 0.483410
vt 0.266837 0.627762
vt 0.757904 0.485376
vt 0.758390 0.476784
vt 0.759287 0.480705
vt 0.271197 0.642890
vt 0.291094 0.636513
vt 0.764481 0.476221
vt 0.750646 0.549293
vt 0.768125 0.479395
vt 0.578570 0.582946
vt 0.755328 0.536432
vt 0.762265 0.485461
vt 0.564155 0.586266
vt 0.765982 0.486106
vt 0.287181 0.645086
vt 0.571153 0.588462
vt 0.749918 0.493503
vt 0.755347 0.510059
vt 0.758073 0.512647
vt 0.726871 0.506025
vt 0.583805 0.574382
vt 0.731246 0.500891
vt 0.730223 0.505619
vt 0.593485 0.571644
vt 0.593368 0.578855
vt 0.732739 0.508243
vt 0.585319 0.582155
vt 0.736793 0.505155
vt 0.731392 0.512183
vt 0.289045 0.657989
vt 0.758333 0.529633
vt 0.599288 0.584038
vt 0.771161 0.524339
vt 0.748044 0.495325
vt 0.276586 0.654437
vt 0.582857 0.588581
vt 0.592015 0.587989
vt 0.751015 0.502573
vt 0.771676 0.510345
vt 0.729920 0.513854
vt 0.602672 0.584957
vt 0.732053 0.516869
vt 0.775045 0.512655
vt 0.775215 0.519942
vt 0.770055 0.533302
vt 0.605559 0.575533
vt 0.614666 0.557515
vt 0.617100 0.557535
vt 0.620999 0.553140
vt 0.759234 0.489034
vt 0.762885 0.489499
vt 0.620967 0.559370
vt 0.767720 0.489992
vt 0.757729 0.495007
vt 0.756822 0.492925
vt 0.763845 0.493115
vt 0.771125 0.494997
vt 0.774586 0.492387
vt 0.620563 0.563841
vt 0.628135 0.560740
vt 0.773860 0.527584
vt 0.751939 0.492338
vt 0.634936 0.558677
vt 0.267059 0.635174
vt 0.755887 0.503760
vt 0.779842 0.530502
vt 0.618129 0.567434
vt 0.258811 0.637292
vt 0.755634 0.547005
vt 0.610352 0.575430
vt 0.758807 0.551898
vt 0.615837 0.576428
vt 0.623025 0.569048
vt 0.620682 0.573600
vt 0.771910 0.548588
vt 0.625167 0.576144
vt 0.631057 0.577751
vt 0.634646 0.570286
vt 0.261461 0.651178
vt 0.786461 0.533617
vt 0.636065 0.563759
vt 0.770407 0.461686
vt 0.638379 0.566611
vt 0.261256 0.643749
vt 0.785067 0.544109
vt 0.637447 0.577205
vt 0.782901 0.461675
vt 0.264268 0.657565
vt 0.606837 0.587898
vt 0.775856 0.472180
vt 0.777639 0.551618
vt 0.781597 0.548219
vt 0.774166 0.552195
vt 0.613009 0.590921
vt 0.784106 0.551123
vt 0.770596 0.475674
vt 0.778906 0.557267
vt 0.773452 0.476975
vt 0.252522 0.645683
vt 0.775099 0.478180
vt 0.607292 0.582662
vt 0.617059 0.582753
vt 0.769388 0.484704
vt 0.774377 0.483018
vt 0.624099 0.581336
vt 0.781071 0.477786
vt 0.786932 0.471508
vt 0.270707 0.666747
vt 0.262401 0.662093
vt 0.252531 0.654121
vt 0.619882 0.586610
vt 0.784207 0.477117
vt 0.259141 0.658644
vt 0.257524 0.662988
vt 0.792803 0.465416
vt 0.620241 0.592802
vt 0.796644 0.471385
vt 0.792560 0.473808
vt 0.804483 0.471291
vt 0.627280 0.589833
vt 0.633038 0.586452
vt 0.772857 0.486817
vt 0.634810 0.581716
vt 0.638056 0.584339
vt 0.776775 0.487098
vt 0.254919 0.629898
vt 0.639601 0.589207
vt 0.636066 0.589612
vt 0.784657 0.485824
vt 0.781371 0.488463
vt 0.781162 0.492538
vt 0.786884 0.481681
vt 0.790790 0.481924
vt 0.785263 0.489751
vt 0.750354 0.560309
vt 0.246462 0.624909
vt 0.245792 0.631487
vt 0.789903 0.489693
vt 0.638026 0.596593
vt 0.787580 0.495119
vt 0.752312 0.568580
vt 0.788053 0.506389
vt 0.788405 0.492972
vt 0.755753 0.563550
vt 0.249074 0.638836
vt 0.793499 0.496234
vt 0.558979 0.591413
vt 0.553536 0.596726
vt 0.794377 0.480630
vt 0.758253 0.570759
vt 0.802217 0.475201
vt 0.800390 0.475429
vt 0.793956 0.486846
vt 0.798373 0.485466
vt 0.560706 0.599992
vt 0.802386 0.481755
vt 0.290502 0.661905
vt 0.771726 0.558379
vt 0.808088 0.474191
vt 0.812191 0.474581
vt 0.773740 0.568492
vt 0.809707 0.479163
vt 0.814198 0.480872
vt 0.795595 0.489628
vt 0.801796 0.486905
vt 0.800334 0.489205
vt 0.568473 0.601671
vt 0.803604 0.490095
vt 0.805664 0.487182
vt 0.793413 0.491372
vt 0.797558 0.492986
vt 0.798803 0.495311
vt 0.805999 0.491846
vt 0.807931 0.495573
vt 0.290654 0.672886
vt 0.284566 0.670050
vt 0.795415 0.507361
vt 0.811513 0.484821
vt 0.283896 0.663183
vt 0.808829 0.488100
vt 0.281087 0.668526
vt 0.790685 0.510134
vt 0.815379 0.489327
vt 0.806510 0.488944
vt 0.814383 0.492352
vt 0.818089 0.484351
vt 0.797831 0.522073
vt 0.793611 0.513357
vt 0.777564 0.509951
vt 0.457301 0.509985
vt 0.451043 0.510910
vt 0.459098 0.516268
vt 0.782285 0.513381
vt 0.777621 0.516025
vt 0.780202 0.519762
vt 0.446726 0.509516
vt 0.790696 0.516068
vt 0.445267 0.514065
vt 0.442589 0.511256
vt 0.778830 0.524542
vt 0.777407 0.526334
vt 0.453813 0.521361
vt 0.450769 0.516975
vt 0.448977 0.519300
vt 0.786949 0.521677
vt 0.446924 0.527332
vt 0.782736 0.526516
vt 0.277111 0.673414
vt 0.448041 0.531537
vt 0.788247 0.527584
vt 0.788655 0.524666
vt 0.784009 0.529603
vt 0.443677 0.518379
vt 0.278761 0.677171
vt 0.435027 0.512853
vt 0.283258 0.688653
vt 0.438030 0.529117
vt 0.276448 0.687577
vt 0.433171 0.525215
vt 0.790889 0.521706
vt 0.272793 0.676064
vt 0.423076 0.520187
vt 0.267334 0.668827
vt 0.266503 0.678977
vt 0.814630 0.506001
vt 0.810380 0.517987
vt 0.268660 0.689884
vt 0.447475 0.539105
vt 0.821163 0.495311
vt 0.431069 0.531818
vt 0.258545 0.675777
vt 0.440583 0.538462
vt 0.448590 0.542983
vt 0.428081 0.539425
vt 0.814998 0.515688
vt 0.820008 0.509737
vt 0.815843 0.521647
vt 0.824058 0.512794
vt 0.819475 0.515599
vt 0.418291 0.524573
vt 0.266380 0.700468
vt 0.793670 0.533745
vt 0.789192 0.535890
vt 0.358743 0.701688
vt 0.789379 0.541859
vt 0.352142 0.699130
vt 0.798717 0.531541
vt 0.798124 0.540063
vt 0.357731 0.707992
vt 0.788795 0.552952
vt 0.791683 0.542267
vt 0.794499 0.545525
vt 0.341981 0.702324
vt 0.792490 0.552232
vt 0.356033 0.713014
vt 0.348178 0.718133
vt 0.795232 0.554027
vt 0.369643 0.733990
vt 0.369536 0.726687
vt 0.823550 0.517690
vt 0.361826 0.726853
vt 0.358991 0.733406
vt 0.818734 0.524399
vt 0.822926 0.524432
vt 0.812820 0.532427
vt 0.814695 0.526161
vt 0.357129 0.721754
vt 0.819279 0.529260
vt 0.823621 0.526334
vt 0.815013 0.544655
vt 0.827459 0.533958
vt 0.827524 0.524688
vt 0.348950 0.731515
vt 0.752776 0.573852
vt 0.336617 0.729501
vt 0.339497 0.717433
vt 0.352911 0.741943
vt 0.342246 0.741068
vt 0.758691 0.588797
vt 0.751660 0.588184
vt 0.757841 0.581151
vt 0.325819 0.730381
vt 0.327855 0.741110
vt 0.338638 0.746094
vt 0.762316 0.584019
vt 0.775135 0.564120
vt 0.778419 0.565227
vt 0.783635 0.562942
vt 0.781658 0.567045
vt 0.788734 0.567766
vt 0.780021 0.579100
vt 0.776719 0.584933
vt 0.327891 0.708980
vt 0.788724 0.570426
vt 0.761129 0.596340
vt 0.756273 0.600439
vt 0.331024 0.720859
vt 0.320565 0.719140
vt 0.765032 0.587028
vt 0.767986 0.592323
vt 0.376153 0.741411
vt 0.772883 0.596796
vt 0.376997 0.746186
vt 0.763047 0.604181
vt 0.767769 0.612544
vt 0.363213 0.741532
vt 0.768465 0.600925
vt 0.774226 0.603606
vt 0.776277 0.612501
vt 0.772593 0.589893
vt 0.780476 0.589948
vt 0.781346 0.612724
vt 0.777822 0.600303
vt 0.781344 0.605675
vt 0.787733 0.584785
vt 0.782622 0.600805
vt 0.788212 0.611710
vt 0.789812 0.581323
vt 0.789197 0.590459
vt 0.790758 0.613961
vt 0.781417 0.596117
vt 0.787974 0.604017
vt 0.792059 0.600716
vt 0.786649 0.597160
vt 0.797964 0.604053
vt 0.795977 0.590546
vt 0.797730 0.597180
vt 0.333470 0.745211
vt 0.334427 0.747056
vt 0.789582 0.562182
vt 0.793962 0.558121
vt 0.795131 0.562248
vt 0.326695 0.746446
vt 0.316768 0.732553
vt 0.799222 0.556088
vt 0.812624 0.551482
vt 0.814002 0.600745
vt 0.815531 0.612129
vt 0.799075 0.567731
vt 0.821695 0.613020
vt 0.821075 0.600457
vt 0.316279 0.741728
vt 0.814181 0.568376
vt 0.827365 0.605590
vt 0.812184 0.560829
vt 0.827446 0.596923
vt 0.822654 0.589728
vt 0.829606 0.590147
vt 0.820280 0.596713
vt 0.828836 0.600600
vt 0.834021 0.596736
vt 0.837131 0.591330
vt 0.831064 0.581294
vt 0.836941 0.584071
vt 0.845582 0.591710
vt 0.817178 0.549044
vt 0.815503 0.554730
vt 0.817889 0.557292
vt 0.842238 0.596781
vt 0.827866 0.545675
vt 0.834339 0.603452
vt 0.823596 0.551286
vt 0.826104 0.547552
vt 0.830264 0.613135
vt 0.825568 0.555514
vt 0.831617 0.549183
vt 0.835201 0.610143
vt 0.842507 0.600595
vt 0.815619 0.558680
vt 0.842630 0.604291
vt 0.815334 0.563305
vt 0.840293 0.612535
vt 0.821635 0.564537
vt 0.318237 0.709973
vt 0.829149 0.554015
vt 0.827033 0.562899
vt 0.316840 0.719692
vt 0.818625 0.580198
vt 0.829085 0.569809
vt 0.312494 0.719839
vt 0.303635 0.714235
vt 0.311206 0.723571
vt 0.830144 0.566703
vt 0.301486 0.720778
vt 0.833662 0.563901
vt 0.838137 0.570532
vt 0.838829 0.579509
vt 0.816040 0.589329
vt 0.820483 0.584280
vt 0.828644 0.585165
vt 0.795266 0.568088
vt 0.795425 0.577211
vt 0.798717 0.580299
vt 0.305140 0.741708
vt 0.794714 0.584652
vt 0.803577 0.584267
vt 0.299456 0.731002
vt 0.294610 0.715843
vt 0.286481 0.714593
vt 0.801177 0.588787
vt 0.804337 0.596246
vt 0.807085 0.589470
vt 0.286354 0.728715
vt 0.813015 0.597268
vt 0.465668 0.613443
vt 0.458453 0.613219
vt 0.447710 0.604137
vt 0.452086 0.612461
vt 0.450605 0.614549
vt 0.453087 0.618497
vt 0.439414 0.607821
vt 0.436597 0.601807
vt 0.287307 0.741762
vt 0.445983 0.614074
vt 0.443679 0.612510
vt 0.446366 0.617988
vt 0.438351 0.614320
vt 0.439223 0.619235
vt 0.475954 0.619152
vt 0.280691 0.746535
vt 0.288994 0.746624
vt 0.477717 0.625621
vt 0.470692 0.617524
vt 0.471492 0.622784
vt 0.463560 0.617716
vt 0.469445 0.628543
vt 0.463473 0.625768
vt 0.803478 0.600474
vt 0.473116 0.632306
vt 0.804990 0.605139
vt 0.467240 0.633131
vt 0.457950 0.621972
vt 0.459018 0.631770
vt 0.453732 0.627333
vt 0.459219 0.638920
vt 0.454140 0.633242
vt 0.446279 0.625568
vt 0.449004 0.632659
vt 0.422766 0.608390
vt 0.429750 0.613611
vt 0.425658 0.612504
vt 0.429979 0.615215
vt 0.421709 0.613534
vt 0.131009 0.375312
vt 0.133117 0.366453
vt 0.133317 0.377375
vt 0.189962 0.528285
vt 0.189123 0.520624
vt 0.210196 0.525623
vt 0.155755 0.375486
vt 0.156322 0.380273
vt 0.151227 0.381909
vt 0.148355 0.377498
vt 0.148412 0.373120
vt 0.144802 0.377165
vt 0.184754 0.503858
vt 0.182216 0.511387
vt 0.169725 0.498857
vt 0.149200 0.384158
vt 0.146571 0.386305
vt 0.171507 0.505153
vt 0.195608 0.515583
vt 0.265920 0.363281
vt 0.148932 0.389757
vt 0.158406 0.381874
vt 0.154664 0.388512
vt 0.165535 0.404051
vt 0.155902 0.406775
vt 0.157078 0.393708
vt 0.136993 0.374467
vt 0.145197 0.370640
vt 0.149770 0.407407
vt 0.152098 0.394640
vt 0.153718 0.401781
vt 0.137418 0.381274
vt 0.179959 0.519495
vt 0.158414 0.419487
vt 0.240020 0.352583
vt 0.150045 0.413130
vt 0.142262 0.387912
vt 0.133453 0.387730
vt 0.137001 0.392751
vt 0.168675 0.507550
vt 0.149941 0.418419
vt 0.172648 0.523213
vt 0.146922 0.411266
vt 0.145451 0.424374
vt 0.144972 0.398530
vt 0.147516 0.393249
vt 0.149068 0.399230
vt 0.147411 0.400766
vt 0.136652 0.403598
vt 0.144770 0.411280
vt 0.181905 0.529911
vt 0.250889 0.366934
vt 0.190949 0.539235
vt 0.179582 0.418838
vt 0.191670 0.412169
vt 0.196912 0.423414
vt 0.242132 0.364191
vt 0.180157 0.537123
vt 0.176376 0.527157
vt 0.097817 0.328288
vt 0.174927 0.415883
vt 0.180082 0.425499
vt 0.186507 0.437987
vt 0.115733 0.333745
vt 0.104016 0.338153
vt 0.216464 0.336986
vt 0.227579 0.345336
vt 0.189516 0.546575
vt 0.180715 0.545287
vt 0.169107 0.423838
vt 0.169382 0.534981
vt 0.090265 0.338465
vt 0.159384 0.522560
vt 0.174686 0.542996
vt 0.162717 0.538274
vt 0.228547 0.359668
vt 0.082021 0.336927
vt 0.067298 0.338474
vt 0.216769 0.352045
vt 0.176281 0.554689
vt 0.170333 0.548440
vt 0.148740 0.428956
vt 0.081619 0.340203
vt 0.162268 0.542923
vt 0.161052 0.554795
vt 0.193122 0.448566
vt 0.175823 0.452953
vt 0.067467 0.341446
vt 0.113055 0.338638
vt 0.162194 0.441989
vt 0.108652 0.341226
vt 0.109137 0.344510
vt 0.121893 0.341142
vt 0.123495 0.344767
vt 0.233811 0.374965
vt 0.196115 0.455784
vt 0.097817 0.341089
vt 0.097042 0.344838
vt 0.097903 0.347716
vt 0.116496 0.349430
vt 0.204518 0.541320
vt 0.209288 0.552891
vt 0.216864 0.544603
vt 0.202275 0.550051
vt 0.218161 0.369662
vt 0.193068 0.550241
vt 0.223740 0.380866
vt 0.206481 0.562953
vt 0.204148 0.556529
vt 0.088744 0.362336
vt 0.122482 0.365133
vt 0.199042 0.555679
vt 0.206489 0.358643
vt 0.200569 0.564733
vt 0.141263 0.435508
vt 0.140737 0.424548
vt 0.089320 0.341075
vt 0.148235 0.438185
vt 0.091667 0.345028
vt 0.079622 0.345903
vt 0.205476 0.365240
vt 0.144936 0.433788
vt 0.088260 0.348148
vt 0.209356 0.378571
vt 0.088209 0.349898
vt 0.183440 0.554027
vt 0.189742 0.557586
vt 0.193869 0.566256
vt 0.152335 0.451230
vt 0.071620 0.349316
vt 0.145198 0.440899
vt 0.137233 0.443346
vt 0.230138 0.586359
vt 0.224595 0.575200
vt 0.233409 0.573475
vt 0.148941 0.447994
vt 0.222641 0.582681
vt 0.145382 0.450156
vt 0.141463 0.450337
vt 0.245505 0.587124
vt 0.247337 0.573398
vt 0.136277 0.429548
vt 0.139332 0.453699
vt 0.133594 0.447938
vt 0.133583 0.439054
vt 0.130231 0.444934
vt 0.129555 0.447918
vt 0.240137 0.577928
vt 0.236503 0.585540
vt 0.133344 0.453566
vt 0.119515 0.449758
vt 0.127877 0.452300
vt 0.065954 0.346118
vt 0.056315 0.344454
vt 0.133026 0.410467
vt 0.130984 0.403094
vt 0.133217 0.403840
vt 0.128090 0.409572
vt 0.128469 0.397483
vt 0.136099 0.415036
vt 0.060590 0.348529
vt 0.231451 0.595143
vt 0.290114 0.378293
vt 0.284336 0.370013
vt 0.063187 0.365799
vt 0.133623 0.415942
vt 0.236240 0.604273
vt 0.131241 0.414765
vt 0.111253 0.405455
vt 0.116767 0.417128
vt 0.128766 0.424317
vt 0.048167 0.350892
vt 0.220627 0.592291
vt 0.139817 0.416579
vt 0.136552 0.420588
vt 0.217362 0.570475
vt 0.227328 0.566693
vt 0.133386 0.427570
vt 0.218024 0.581572
vt 0.117455 0.425500
vt 0.213611 0.585875
vt 0.132295 0.423641
vt 0.210041 0.576020
vt 0.213735 0.558742
vt 0.130474 0.429373
vt 0.201481 0.573855
vt 0.047278 0.371460
vt 0.206187 0.581325
vt 0.044478 0.383403
vt 0.031775 0.373839
vt 0.092902 0.418638
vt 0.288781 0.383581
vt 0.202848 0.592629
vt 0.198478 0.587041
vt 0.280391 0.378592
vt 0.180942 0.394840
vt 0.197934 0.400089
vt 0.109861 0.431375
vt 0.121193 0.432244
vt 0.127946 0.359489
vt 0.102392 0.425850
vt 0.279960 0.389813
vt 0.234206 0.619020
vt 0.098093 0.434135
vt 0.091976 0.427624
vt 0.128146 0.372585
vt 0.226741 0.613136
vt 0.229420 0.607569
vt 0.122064 0.385202
vt 0.133306 0.432460
vt 0.223007 0.602468
vt 0.105076 0.382265
vt 0.128686 0.433623
vt 0.271084 0.373480
vt 0.128777 0.441163
vt 0.264568 0.383177
vt 0.260373 0.373035
vt 0.231217 0.614693
vt 0.111833 0.441254
vt 0.235676 0.627244
vt 0.103947 0.441350
vt 0.219539 0.614480
vt 0.119685 0.443599
vt 0.107291 0.444365
vt 0.226728 0.620028
vt 0.225199 0.614784
vt 0.229683 0.625191
vt 0.078173 0.378962
vt 0.114481 0.445396
vt 0.255868 0.377935
vt 0.220018 0.617962
vt 0.115500 0.453222
vt 0.217017 0.627812
vt 0.223292 0.626609
vt 0.248513 0.382257
vt 0.112474 0.449736
vt 0.104146 0.452488
vt 0.213337 0.597448
vt 0.202512 0.598075
vt 0.115705 0.456309
vt 0.194339 0.591393
vt 0.245318 0.371450
vt 0.192878 0.598978
vt 0.202434 0.604346
vt 0.078227 0.431076
vt 0.082671 0.400859
vt 0.061790 0.419349
vt 0.211300 0.602162
vt 0.066238 0.428396
vt 0.128305 0.384731
vt 0.207354 0.606113
vt 0.214875 0.613880
vt 0.209932 0.613859
vt 0.272856 0.406291
vt 0.213612 0.614623
vt 0.209428 0.618388
vt 0.200272 0.615764
vt 0.089375 0.441746
vt 0.133262 0.398691
vt 0.077193 0.443059
vt 0.069941 0.435281
vt 0.275223 0.423337
vt 0.208407 0.626520
vt 0.193095 0.607377
vt 0.200804 0.613829
vt 0.065219 0.443978
vt 0.062564 0.442376
vt 0.059080 0.435025
vt 0.056689 0.444918
vt 0.202090 0.622380
vt 0.260215 0.399148
vt 0.169781 0.557504
vt 0.161409 0.563536
vt 0.049059 0.428347
vt 0.191523 0.575229
vt 0.049189 0.443777
vt 0.050074 0.434735
vt 0.183209 0.569101
vt 0.180336 0.562532
vt 0.092336 0.443962
vt 0.096726 0.446996
vt 0.251248 0.407655
vt 0.194692 0.580664
vt 0.083970 0.445774
vt 0.087288 0.451088
vt 0.186808 0.580642
vt 0.064765 0.377125
vt 0.180097 0.576574
vt 0.095514 0.453484
vt 0.175086 0.569844
vt 0.169508 0.565753
vt 0.080573 0.453915
vt 0.071470 0.445734
vt 0.275649 0.442328
vt 0.169137 0.578534
vt 0.073625 0.450490
vt 0.060747 0.401488
vt 0.064970 0.451334
vt 0.069413 0.453952
vt 0.164316 0.570901
vt 0.258694 0.437892
vt 0.165863 0.581394
vt 0.058159 0.453156
vt 0.161972 0.580932
vt 0.092166 0.461674
vt 0.079918 0.459598
vt 0.155744 0.577730
vt 0.258153 0.419734
vt 0.152616 0.569615
vt 0.246568 0.417144
vt 0.032501 0.401463
vt 0.031453 0.386461
vt 0.187805 0.597432
vt 0.067676 0.465346
vt 0.061507 0.465939
vt 0.185041 0.590070
vt 0.075199 0.465056
vt 0.065117 0.472286
vt 0.249779 0.428867
vt 0.170077 0.465227
vt 0.193610 0.463813
vt 0.177363 0.585172
vt 0.243918 0.438194
vt 0.175817 0.593481
vt 0.160429 0.465188
vt 0.190723 0.603183
vt 0.237935 0.395447
vt 0.181864 0.601107
vt 0.170293 0.486950
vt 0.184267 0.481451
vt 0.180440 0.606084
vt 0.161611 0.474847
vt 0.176453 0.600527
vt 0.170631 0.601161
vt 0.180983 0.613539
vt 0.191218 0.613265
vt 0.191034 0.626552
vt 0.197253 0.636361
vt 0.216497 0.388144
vt 0.148303 0.464260
vt 0.148861 0.453246
vt 0.147060 0.459634
vt 0.228575 0.407601
vt 0.135674 0.456048
vt 0.145029 0.460522
vt 0.047783 0.418215
vt 0.142022 0.468509
vt 0.132879 0.460603
vt 0.135729 0.464828
vt 0.161173 0.593637
vt 0.211562 0.395496
vt 0.210776 0.388853
vt 0.154569 0.480403
vt 0.204543 0.383797
vt 0.144857 0.467244
vt 0.147069 0.475055
vt 0.133998 0.467938
vt 0.138599 0.477308
vt 0.152235 0.587747
vt 0.128958 0.460492
vt 0.154590 0.595432
vt 0.122589 0.464988
vt 0.129861 0.466458
vt 0.271341 0.448670
vt 0.152732 0.500679
vt 0.163801 0.497564
vt 0.234490 0.427966
vt 0.129112 0.472349
vt 0.263603 0.452083
vt 0.119349 0.472501
vt 0.133711 0.476988
vt 0.251550 0.449142
vt 0.135257 0.474905
vt 0.151952 0.512007
vt 0.149698 0.501571
vt 0.148168 0.508640
vt 0.223613 0.427800
vt 0.210124 0.417598
vt 0.113997 0.466636
vt 0.111995 0.472150
vt 0.116696 0.479630
vt 0.129467 0.480391
vt 0.149005 0.516373
vt 0.145600 0.512804
vt 0.160534 0.489262
vt 0.153758 0.535164
vt 0.148839 0.523393
vt 0.191558 0.388565
vt 0.145307 0.520994
vt 0.149321 0.488860
vt 0.147591 0.496123
vt 0.238991 0.442979
vt 0.145621 0.501367
vt 0.145019 0.496920
vt 0.139126 0.499728
vt 0.141528 0.501624
vt 0.136655 0.504704
vt 0.138419 0.495935
vt 0.131238 0.500614
vt 0.140912 0.507470
vt 0.130260 0.504229
vt 0.124774 0.503345
vt 0.123083 0.508525
vt 0.129651 0.507690
vt 0.138882 0.515836
vt 0.142674 0.515493
vt 0.142148 0.522044
vt 0.130466 0.514178
vt 0.148686 0.481154
vt 0.139612 0.528987
vt 0.135442 0.522528
vt 0.146066 0.482254
vt 0.125279 0.522157
vt 0.141987 0.478122
vt 0.206521 0.337806
vt 0.237049 0.453209
vt 0.232897 0.439411
vt 0.190866 0.338204
vt 0.141777 0.487376
vt 0.145621 0.489588
vt 0.150033 0.532288
vt 0.145941 0.526590
vt 0.257463 0.473524
vt 0.146582 0.531960
vt 0.139140 0.484115
vt 0.132316 0.526064
vt 0.144485 0.531906
vt 0.145363 0.537563
vt 0.141721 0.535786
vt 0.259847 0.487191
vt 0.134650 0.533647
vt 0.181787 0.328712
vt 0.123238 0.488784
vt 0.153291 0.546433
vt 0.173092 0.312979
vt 0.238797 0.467626
vt 0.170061 0.326124
vt 0.149487 0.536330
vt 0.147818 0.540502
vt 0.118710 0.495899
vt 0.149756 0.544294
vt 0.171489 0.330556
vt 0.104538 0.466733
vt 0.137654 0.544762
vt 0.143505 0.544561
vt 0.171806 0.340348
vt 0.228101 0.464947
vt 0.107858 0.481207
vt 0.146233 0.547634
vt 0.102563 0.480481
vt 0.102528 0.475712
vt 0.106331 0.473169
vt 0.098644 0.484866
vt 0.097926 0.477672
vt 0.105562 0.484858
vt 0.236360 0.477579
vt 0.112526 0.487544
vt 0.109693 0.489585
vt 0.122148 0.504747
vt 0.118456 0.500887
vt 0.115246 0.502653
vt 0.116806 0.509535
vt 0.113789 0.508772
vt 0.114561 0.495507
vt 0.111467 0.495220
vt 0.104953 0.490236
vt 0.124224 0.512106
vt 0.120396 0.524266
vt 0.112623 0.514476
vt 0.109742 0.510456
vt 0.107048 0.497600
vt 0.101508 0.496406
vt 0.195453 0.355724
vt 0.108753 0.514312
vt 0.095976 0.493024
vt 0.112418 0.519615
vt 0.182993 0.346210
vt 0.106059 0.514957
vt 0.107313 0.522071
vt 0.103741 0.516397
vt 0.107941 0.502834
vt 0.109018 0.506612
vt 0.233840 0.435844
vt 0.101986 0.505015
vt 0.100967 0.512384
vt 0.191425 0.364246
vt 0.101276 0.501327
vt 0.214890 0.434580
vt 0.092171 0.487014
vt 0.167080 0.335800
vt 0.223435 0.445875
vt 0.093447 0.499804
vt 0.090715 0.495716
vt 0.114502 0.529990
vt 0.106086 0.527877
vt 0.084639 0.497795
vt 0.099576 0.517099
vt 0.098051 0.501173
vt 0.095277 0.505167
vt 0.092687 0.501972
vt 0.086115 0.502191
vt 0.205267 0.442340
vt 0.092856 0.513913
vt 0.092124 0.510874
vt 0.097826 0.512299
vt 0.095456 0.523788
vt 0.086863 0.512186
vt 0.089249 0.522197
vt 0.081944 0.511436
vt 0.168569 0.350079
vt 0.079916 0.500253
vt 0.205472 0.429792
vt 0.084081 0.522997
vt 0.074411 0.502518
vt 0.165240 0.345272
vt 0.164443 0.339073
vt 0.070170 0.505201
vt 0.173886 0.362814
vt 0.104711 0.531798
vt 0.163755 0.350313
vt 0.099115 0.467202
vt 0.086620 0.533456
vt 0.092541 0.533763
vt 0.163019 0.362639
vt 0.100856 0.537315
vt 0.095538 0.542410
vt 0.165373 0.312684
vt 0.101122 0.471093
vt 0.092379 0.470938
vt 0.129976 0.536023
vt 0.087232 0.473266
vt 0.084563 0.464454
vt 0.169868 0.315660
vt 0.164976 0.320666
vt 0.162525 0.316718
vt 0.131262 0.540677
vt 0.132104 0.546651
vt 0.126984 0.538270
vt 0.123288 0.543619
vt 0.148482 0.315443
vt 0.098335 0.473605
vt 0.140484 0.548199
vt 0.092043 0.474264
vt 0.136324 0.549467
vt 0.090812 0.477681
vt 0.128432 0.549089
vt 0.131560 0.552762
vt 0.119464 0.537611
vt 0.092753 0.481531
vt 0.114565 0.541106
vt 0.156541 0.321556
vt 0.113819 0.544521
vt 0.118501 0.549116
vt 0.081487 0.469347
vt 0.123456 0.547997
vt 0.163220 0.326757
vt 0.124386 0.550398
vt 0.116594 0.550552
vt 0.122421 0.556941
vt 0.209948 0.462022
vt 0.081413 0.473452
vt 0.110047 0.547443
vt 0.076892 0.474377
vt 0.110728 0.550472
vt 0.109953 0.554242
vt 0.105468 0.548740
vt 0.161856 0.331736
vt 0.081493 0.476867
vt 0.070421 0.469770
vt 0.111793 0.559168
vt 0.070781 0.472872
vt 0.077888 0.479444
vt 0.071270 0.476391
vt 0.109145 0.557820
vt 0.104534 0.556197
vt 0.102186 0.551461
vt 0.065503 0.475465
vt 0.148665 0.321500
vt 0.100837 0.555294
vt 0.101974 0.559500
vt 0.123989 0.534173
vt 0.155873 0.331435
vt 0.083181 0.481419
vt 0.112775 0.537468
vt 0.087082 0.487145
vt 0.145380 0.317953
vt 0.078037 0.487927
vt 0.138107 0.310833
vt 0.106109 0.536515
vt 0.073080 0.482621
vt 0.104755 0.540469
vt 0.133077 0.311177
vt 0.107916 0.543944
vt 0.101306 0.546039
vt 0.073476 0.489502
vt 0.070262 0.490038
vt 0.139101 0.319928
vt 0.090619 0.540504
vt 0.086454 0.545113
vt 0.097659 0.545310
vt 0.099586 0.548330
vt 0.137118 0.324323
vt 0.133621 0.319179
vt 0.094336 0.548182
vt 0.147181 0.329528
vt 0.074567 0.496379
vt 0.144699 0.329650
vt 0.137576 0.328564
vt 0.099163 0.551204
vt 0.128885 0.327143
vt 0.092459 0.551973
vt 0.094016 0.557293
vt 0.099121 0.559355
vt 0.099410 0.562229
vt 0.152497 0.555755
vt 0.148600 0.549636
vt 0.056408 0.338573
vt 0.133415 0.323724
vt 0.149539 0.554533
vt 0.045149 0.338957
vt 0.143056 0.549884
vt 0.147619 0.557151
vt 0.246747 0.505948
vt 0.259372 0.506402
vt 0.236385 0.491351
vt 0.144739 0.558144
vt 0.139312 0.554479
vt 0.051189 0.341225
vt 0.149383 0.565479
vt 0.040929 0.341062
vt 0.146613 0.567563
vt 0.155704 0.337062
vt 0.047847 0.347637
vt 0.158819 0.342032
vt 0.151920 0.337227
vt 0.133681 0.554486
vt 0.149513 0.330792
vt 0.030536 0.343538
vt 0.148741 0.338743
vt 0.026932 0.336736
vt 0.145003 0.335947
vt 0.130498 0.558027
vt 0.135768 0.561614
vt 0.131420 0.564117
vt 0.025940 0.342872
vt 0.125224 0.561976
vt 0.235646 0.501888
vt 0.155884 0.347915
vt 0.149113 0.343261
vt 0.117234 0.556502
vt 0.223097 0.481918
vt 0.145430 0.342678
vt 0.122952 0.565512
vt 0.151121 0.351820
vt 0.148668 0.347434
vt 0.148171 0.356596
vt 0.229377 0.505149
vt 0.038506 0.347504
vt 0.144706 0.349708
vt 0.221991 0.493942
vt 0.137682 0.574422
vt 0.133997 0.567419
vt 0.141740 0.567207
vt 0.236903 0.512120
vt 0.031751 0.348259
vt 0.161212 0.356532
vt 0.228604 0.511506
vt 0.137364 0.338995
vt 0.026862 0.350047
vt 0.023644 0.345798
vt 0.137147 0.348659
vt 0.219172 0.499738
vt 0.224694 0.506211
vt 0.031714 0.359182
vt 0.125830 0.572400
vt 0.133171 0.351004
vt 0.133710 0.345342
vt 0.132107 0.570731
vt 0.129105 0.574008
vt 0.227366 0.521574
vt 0.219549 0.511915
vt 0.131362 0.573765
vt 0.129679 0.349807
vt 0.133392 0.333105
vt 0.116500 0.563719
vt 0.136619 0.333518
vt 0.105179 0.561628
vt 0.129606 0.339429
vt 0.133436 0.337279
vt 0.118673 0.565562
vt 0.113966 0.565998
vt 0.108036 0.567039
vt 0.026919 0.357099
vt 0.121692 0.337903
vt 0.103168 0.565534
vt 0.096554 0.564333
vt 0.098580 0.570781
vt 0.104753 0.574503
vt 0.128729 0.343365
vt 0.259338 0.510716
vt 0.120614 0.569234
vt 0.254145 0.514052
vt 0.115665 0.573650
vt 0.110004 0.570535
vt 0.117795 0.575057
vt 0.111701 0.575617
vt 0.264296 0.517094
vt 0.260926 0.514514
vt 0.103090 0.580306
vt 0.230593 0.535925
vt 0.247036 0.523277
vt 0.113923 0.582732
vt 0.109788 0.586669
vt 0.107528 0.583157
vt 0.147979 0.577502
vt 0.149776 0.580916
vt 0.247341 0.514794
vt 0.189768 0.376849
vt 0.145608 0.575738
vt 0.141472 0.577273
vt 0.139324 0.582613
vt 0.238700 0.548766
vt 0.248353 0.551853
vt 0.144714 0.584978
vt 0.245548 0.556962
vt 0.143161 0.582354
vt 0.135622 0.581224
vt 0.133242 0.577315
vt 0.189766 0.384835
vt 0.130385 0.581799
vt 0.134997 0.586863
vt 0.126749 0.577590
vt 0.149373 0.587022
vt 0.146491 0.591287
vt 0.140516 0.588209
vt 0.148972 0.594648
vt 0.169306 0.380168
vt 0.128271 0.590095
vt 0.134162 0.593180
vt 0.146219 0.599263
vt 0.141573 0.598602
vt 0.121152 0.583042
vt 0.164929 0.363531
vt 0.126936 0.583336
vt 0.121976 0.590401
vt 0.115527 0.587385
vt 0.114904 0.591358
vt 0.212262 0.482322
vt 0.099705 0.586762
vt 0.105644 0.587562
vt 0.107892 0.589440
vt 0.133483 0.597080
vt 0.125655 0.597730
vt 0.160026 0.375126
vt 0.247868 0.564499
vt 0.199264 0.484324
vt 0.118558 0.597687
vt 0.241277 0.559209
vt 0.239551 0.568866
vt 0.112846 0.600368
vt 0.229806 0.555501
vt 0.102532 0.597718
vt 0.238381 0.562991
vt 0.233340 0.560496
vt 0.211405 0.502906
vt 0.170903 0.613653
vt 0.169860 0.604314
vt 0.169202 0.607653
vt 0.160282 0.386655
vt 0.190570 0.615675
vt 0.218261 0.553844
vt 0.184732 0.615401
vt 0.219516 0.561630
vt 0.185153 0.620570
vt 0.176852 0.615330
vt 0.152902 0.363050
vt 0.157553 0.368878
vt 0.168565 0.615480
vt 0.180286 0.625927
vt 0.193704 0.496666
vt 0.149425 0.363510
vt 0.144582 0.358571
vt 0.138178 0.360064
vt 0.169082 0.641227
vt 0.168271 0.628063
vt 0.168858 0.624131
vt 0.147585 0.364022
vt 0.162815 0.606041
vt 0.158137 0.604629
vt 0.133660 0.358979
vt 0.162830 0.613748
vt 0.130886 0.363723
vt 0.154972 0.608203
vt 0.137533 0.366123
vt 0.150157 0.601740
vt 0.151336 0.371288
vt 0.149063 0.369237
vt 0.154283 0.612251
vt 0.151497 0.610979
vt 0.148043 0.606016
vt 0.161310 0.615417
vt 0.152683 0.615713
vt 0.149040 0.611773
vt 0.146376 0.611228
vt 0.145489 0.605261
vt 0.147773 0.613451
vt 0.151755 0.621894
vt 0.149226 0.623918
vt 0.145825 0.621142
vt 0.164893 0.627084
vt 0.157654 0.624418
vt 0.165909 0.640763
vt 0.152800 0.630481
vt 0.161470 0.636424
vt 0.153444 0.636392
vt 0.156947 0.640637
vt 0.140992 0.605298
vt 0.134147 0.608361
vt 0.134371 0.604301
vt 0.141362 0.610496
vt 0.137255 0.610295
vt 0.143010 0.611753
vt 0.128826 0.603027
vt 0.148312 0.628914
vt 0.126889 0.607060
vt 0.128029 0.609686
vt 0.119259 0.607972
vt 0.149124 0.637738
vt 0.144931 0.632993
vt 0.145096 0.639858
vt 0.154350 0.645413
vt 0.150122 0.647239
vt 0.145108 0.646602
vt 0.121605 0.603093
vt 0.114369 0.605558
vt 0.110476 0.609216
vt 0.145088 0.625132
vt 0.957913 0.529086
vt 0.951332 0.528651
vt 0.951606 0.520108
vt 0.901441 0.587902
vt 0.908570 0.596230
vt 0.894456 0.596487
vt 0.817878 0.393121
vt 0.816485 0.400857
vt 0.893710 0.588669
vt 0.820642 0.410473
vt 0.824200 0.402847
vt 0.966049 0.516511
vt 0.963545 0.523277
vt 0.959724 0.515849
vt 0.968422 0.510890
vt 0.968671 0.524663
vt 0.908974 0.588675
vt 0.908341 0.576936
vt 0.839787 0.484537
vt 0.843438 0.480708
vt 0.842443 0.487240
vt 0.913045 0.585135
vt 0.805114 0.402727
vt 0.846920 0.486715
vt 0.850765 0.480544
vt 0.842847 0.474156
vt 0.851153 0.486015
vt 0.976331 0.524873
vt 0.846616 0.489902
vt 0.852749 0.490668
vt 0.911585 0.590591
vt 0.951008 0.539238
vt 0.949010 0.532550
vt 0.959570 0.534222
vt 0.858384 0.479252
vt 0.857341 0.473817
vt 0.916664 0.592547
vt 0.917126 0.596234
vt 0.892981 0.599903
vt 0.897759 0.602577
vt 0.889498 0.603698
vt 0.863480 0.482255
vt 0.862763 0.475643
vt 0.907809 0.600174
vt 0.859374 0.485203
vt 0.855648 0.487905
vt 0.857465 0.491354
vt 0.906988 0.610829
vt 0.897802 0.606650
vt 0.859502 0.488849
vt 0.812904 0.405830
vt 0.961524 0.542424
vt 0.901796 0.612112
vt 0.895941 0.612291
vt 0.969652 0.535947
vt 0.864272 0.489227
vt 0.867390 0.483286
vt 0.808459 0.417372
vt 0.860450 0.494718
vt 0.869844 0.492299
vt 0.062606 0.480195
vt 0.876103 0.480323
vt 0.869918 0.474322
vt 0.874476 0.468506
vt 0.060981 0.473865
vt 0.060327 0.470160
vt 0.866608 0.468526
vt 0.866611 0.480358
vt 0.052539 0.473095
vt 0.051971 0.470113
vt 0.919165 0.600015
vt 0.056260 0.476468
vt 0.805739 0.422119
vt 0.913194 0.606902
vt 0.871085 0.484702
vt 0.052795 0.478975
vt 0.045975 0.479844
vt 0.046092 0.473712
vt 0.924988 0.583139
vt 0.915298 0.583207
vt 0.932815 0.579144
vt 0.042140 0.474475
vt 0.038780 0.480445
vt 0.057203 0.486366
vt 0.814036 0.418659
vt 0.881330 0.473358
vt 0.053390 0.490815
vt 0.043660 0.485953
vt 0.066797 0.487822
vt 0.885223 0.477819
vt 0.062221 0.490787
vt 0.821364 0.420006
vt 0.924679 0.594525
vt 0.928532 0.594721
vt 0.872794 0.488817
vt 0.868754 0.488952
vt 0.934252 0.584258
vt 0.059963 0.492615
vt 0.820026 0.399337
vt 0.066480 0.493826
vt 0.874340 0.497128
vt 0.057006 0.496713
vt 0.873647 0.490413
vt 0.879090 0.489195
vt 0.935896 0.599823
vt 0.825002 0.399576
vt 0.878670 0.493515
vt 0.937047 0.591853
vt 0.939550 0.586810
vt 0.890366 0.479075
vt 0.886022 0.487474
vt 0.049017 0.492204
vt 0.932141 0.595426
vt 0.829894 0.400867
vt 0.051737 0.496118
vt 0.038797 0.476785
vt 0.034743 0.474149
vt 0.940691 0.595746
vt 0.031649 0.476938
vt 0.884065 0.492542
vt 0.890227 0.494027
vt 0.894904 0.486636
vt 0.039717 0.493878
vt 0.908584 0.465947
vt 0.897385 0.462858
vt 0.898482 0.453018
vt 0.837311 0.397411
vt 0.029392 0.486093
vt 0.912788 0.461442
vt 0.021204 0.482654
vt 0.027297 0.475770
vt 0.892867 0.471773
vt 0.883727 0.461730
vt 0.026903 0.492103
vt 0.921731 0.592853
vt 0.045046 0.493555
vt 0.835901 0.408963
vt 0.830753 0.423343
vt 0.046754 0.497233
vt 0.041886 0.497104
vt 0.905572 0.473009
vt 0.038374 0.502378
vt 0.897663 0.478012
vt 0.837412 0.402247
vt 0.034086 0.497241
vt 0.843776 0.402869
vt 0.841195 0.403860
vt 0.266973 0.715601
vt 0.260529 0.708773
vt 0.023658 0.500116
vt 0.899282 0.485758
vt 0.024397 0.475290
vt 0.903216 0.477972
vt 0.070182 0.499064
vt 0.909738 0.478512
vt 0.262801 0.721227
vt 0.251017 0.718395
vt 0.062240 0.496654
vt 0.914536 0.473758
vt 0.905185 0.485508
vt 0.064128 0.500456
vt 0.255983 0.729036
vt 0.062437 0.505170
vt 0.812270 0.422769
vt 0.809253 0.426896
vt 0.052500 0.499789
vt 0.879199 0.499922
vt 0.246562 0.726976
vt 0.057708 0.502919
vt 0.057134 0.507036
vt 0.876872 0.503730
vt 0.878482 0.507024
vt 0.883745 0.501552
vt 0.049709 0.507839
vt 0.814757 0.427088
vt 0.065139 0.509248
vt 0.072051 0.510931
vt 0.889848 0.497588
vt 0.062618 0.511799
vt 0.066996 0.514186
vt 0.819494 0.423598
vt 0.237464 0.720227
vt 0.242756 0.711430
vt 0.054673 0.512176
vt 0.892785 0.499926
vt 0.062893 0.518476
vt 0.888952 0.507513
vt 0.055456 0.518068
vt 0.060407 0.526055
vt 0.881090 0.510552
vt 0.044697 0.502458
vt 0.251781 0.741715
vt 0.894791 0.512118
vt 0.043566 0.505822
vt 0.825537 0.423621
vt 0.890486 0.513402
vt 0.897670 0.489210
vt 0.047651 0.511016
vt 0.041031 0.511162
vt 0.904090 0.490645
vt 0.895287 0.492356
vt 0.813883 0.439343
vt 0.032878 0.507849
vt 0.896159 0.495226
vt 0.235330 0.729947
vt 0.229957 0.725005
vt 0.909029 0.486139
vt 0.243878 0.736698
vt 0.047916 0.520859
vt 0.908514 0.493787
vt 0.818489 0.432546
vt 0.911352 0.488774
vt 0.912137 0.494216
vt 0.914780 0.489109
vt 0.914201 0.494654
vt 0.239386 0.742253
vt 0.823486 0.429673
vt 0.827919 0.438581
vt 0.906762 0.504987
vt 0.031424 0.519357
vt 0.821377 0.445697
vt 0.832184 0.431725
vt 0.040060 0.529451
vt 0.913042 0.501806
vt 0.916737 0.503650
vt 0.975583 0.491218
vt 0.964124 0.492391
vt 0.964313 0.486257
vt 0.971428 0.482678
vt 0.977789 0.485702
vt 0.220302 0.741075
vt 0.223974 0.728552
vt 0.970356 0.498238
vt 0.910698 0.506846
vt 0.843544 0.409933
vt 0.846599 0.402933
vt 0.837776 0.425023
vt 0.838924 0.422197
vt 0.913343 0.504442
vt 0.986687 0.488995
vt 0.980823 0.477599
vt 0.986592 0.480431
vt 0.842698 0.419331
vt 0.020444 0.491146
vt 0.012026 0.496538
vt 0.012842 0.489002
vt 0.851372 0.419431
vt 0.231562 0.745891
vt 0.908669 0.513566
vt 0.911593 0.513440
vt 0.913873 0.508409
vt 0.982401 0.494415
vt 0.919485 0.510996
vt 0.849704 0.426397
vt 0.915413 0.513966
vt 0.844828 0.426989
vt 0.912174 0.520751
vt 0.978168 0.501485
vt 0.973789 0.506769
vt 0.844635 0.430013
vt 0.919442 0.521058
vt 0.916080 0.523406
vt 0.215132 0.728632
vt 0.981008 0.503025
vt 0.224471 0.746455
vt 0.925646 0.527703
vt 0.923222 0.529441
vt 0.819595 0.488149
vt 0.821602 0.490742
vt 0.015675 0.487045
vt 0.015867 0.502596
vt 0.824188 0.488045
vt 0.821506 0.487732
vt 0.926565 0.603438
vt 0.826255 0.492102
vt 0.922481 0.611939
vt 0.917275 0.611938
vt 0.831590 0.489658
vt 0.829029 0.494468
vt 0.830535 0.506691
vt 0.986223 0.497485
vt 0.829662 0.484823
vt 0.012306 0.506994
vt 0.834641 0.483473
vt 0.985890 0.507032
vt 0.835595 0.489510
vt 0.838584 0.487527
vt 0.837936 0.491845
vt 0.840961 0.435036
vt 0.837618 0.496187
vt 0.965509 0.503041
vt 0.218470 0.724093
vt 0.014042 0.477095
vt 0.836214 0.508679
vt 0.013008 0.481304
vt 0.205082 0.731399
vt 0.209289 0.723196
vt 0.825374 0.510493
vt 0.978139 0.512724
vt 0.983901 0.519638
vt 0.830604 0.510860
vt 0.023067 0.509677
vt 0.847097 0.495134
vt 0.020386 0.520162
vt 0.015001 0.513023
vt 0.841784 0.514348
vt 0.850323 0.394391
vt 0.012110 0.516165
vt 0.986524 0.516740
vt 0.209188 0.742216
vt 0.203172 0.747229
vt 0.013356 0.523863
vt 0.855985 0.401824
vt 0.029535 0.533045
vt 0.020412 0.526209
vt 0.831138 0.515791
vt 0.011768 0.528094
vt 0.835281 0.511316
vt 0.834740 0.517434
vt 0.939459 0.611360
vt 0.947361 0.601715
vt 0.947864 0.611456
vt 0.013637 0.537115
vt 0.833730 0.522550
vt 0.866894 0.392584
vt 0.838353 0.519589
vt 0.863988 0.402708
vt 0.866872 0.384568
vt 0.202242 0.724330
vt 0.190223 0.727131
vt 0.195319 0.741272
vt 0.981484 0.531659
vt 0.831646 0.529258
vt 0.836843 0.528074
vt 0.837930 0.525655
vt 0.836299 0.533580
vt 0.986382 0.526093
vt 0.985433 0.534279
vt 0.840694 0.526819
vt 0.925726 0.533234
vt 0.928992 0.523337
vt 0.874811 0.381096
vt 0.846191 0.532283
vt 0.929691 0.537175
vt 0.876236 0.390229
vt 0.187241 0.735314
vt 0.841008 0.532609
vt 0.925161 0.540254
vt 0.843034 0.535969
vt 0.924990 0.548717
vt 0.927482 0.547272
vt 0.829983 0.533734
vt 0.187325 0.742566
vt 0.832968 0.535943
vt 0.942121 0.537477
vt 0.930427 0.554046
vt 0.943253 0.544988
vt 0.859740 0.509357
vt 0.942380 0.522465
vt 0.858077 0.515947
vt 0.945334 0.538840
vt 0.077717 0.521333
vt 0.948411 0.543933
vt 0.078300 0.514610
vt 0.984482 0.345556
vt 0.872024 0.506042
vt 0.072306 0.521632
vt 0.979706 0.345962
vt 0.863292 0.511059
vt 0.881299 0.394118
vt 0.080456 0.531625
vt 0.870750 0.508582
vt 0.015118 0.341095
vt 0.894925 0.390336
vt 0.012063 0.339418
vt 0.859843 0.527323
vt 0.013209 0.345076
vt 0.852263 0.405731
vt 0.848833 0.408874
vt 0.020952 0.351156
vt 0.861695 0.516523
vt 0.015430 0.356794
vt 0.862508 0.522696
vt 0.024566 0.354833
vt 0.069344 0.530543
vt 0.866113 0.519693
vt 0.869485 0.512578
vt 0.874326 0.511892
vt 0.022623 0.359967
vt 0.861205 0.406854
vt 0.981486 0.351061
vt 0.974518 0.350048
vt 0.871589 0.525203
vt 0.978400 0.356595
vt 0.012809 0.349566
vt 0.864351 0.525014
vt 0.985333 0.354328
vt 0.868210 0.526031
vt 0.012451 0.354591
vt 0.865398 0.410732
vt 0.986417 0.361235
vt 0.082873 0.539881
vt 0.075369 0.537668
vt 0.026506 0.362123
vt 0.880036 0.521144
vt 0.014590 0.363692
vt 0.886122 0.518337
vt 0.026980 0.367640
vt 0.871222 0.409255
vt 0.024371 0.365738
vt 0.022612 0.375272
vt 0.019049 0.366826
vt 0.063583 0.535276
vt 0.885802 0.512608
vt 0.985987 0.366161
vt 0.984814 0.370677
vt 0.066450 0.541575
vt 0.070567 0.544048
vt 0.013248 0.372323
vt 0.014804 0.375888
vt 0.831071 0.540511
vt 0.055309 0.532710
vt 0.866237 0.421335
vt 0.027135 0.373931
vt 0.839847 0.540900
vt 0.834928 0.545238
vt 0.831257 0.543573
vt 0.027233 0.379152
vt 0.047178 0.535622
vt 0.870883 0.412849
vt 0.871349 0.426521
vt 0.837208 0.552269
vt 0.976417 0.372601
vt 0.981935 0.378061
vt 0.986262 0.377877
vt 0.843488 0.541939
vt 0.844342 0.549886
vt 0.848464 0.545842
vt 0.061737 0.540705
vt 0.879249 0.399731
vt 0.013968 0.385833
vt 0.875889 0.407589
vt 0.840558 0.556007
vt 0.027862 0.385171
vt 0.021047 0.386760
vt 0.061820 0.545222
vt 0.839917 0.561369
vt 0.847000 0.561085
vt 0.057738 0.545125
vt 0.052472 0.540794
vt 0.014673 0.392372
vt 0.052771 0.545591
vt 0.882054 0.408173
vt 0.023623 0.391366
vt 0.985340 0.386128
vt 0.042926 0.545170
vt 0.012111 0.391006
vt 0.039657 0.541906
vt 0.038140 0.538232
vt 0.010435 0.398550
vt 0.013642 0.399706
vt 0.015912 0.401228
vt 0.849418 0.556590
vt 0.853231 0.556261
vt 0.050234 0.547877
vt 0.047413 0.545056
vt 0.892619 0.396953
vt 0.243640 0.652248
vt 0.253177 0.659008
vt 0.045763 0.549439
vt 0.892406 0.403654
vt 0.251567 0.662234
vt 0.249434 0.671746
vt 0.249382 0.658881
vt 0.878946 0.414435
vt 0.243484 0.659369
vt 0.882956 0.420213
vt 0.240877 0.663047
vt 0.868908 0.533030
vt 0.865285 0.533126
vt 0.077816 0.545012
vt 0.238713 0.657835
vt 0.080970 0.548531
vt 0.863761 0.540597
vt 0.867703 0.537652
vt 0.083634 0.552893
vt 0.876244 0.425491
vt 0.875939 0.526386
vt 0.875084 0.538443
vt 0.878603 0.423388
vt 0.075166 0.551062
vt 0.867159 0.541404
vt 0.870922 0.538995
vt 0.891186 0.412420
vt 0.240138 0.632118
vt 0.072669 0.548535
vt 0.064077 0.548474
vt 0.239785 0.641187
vt 0.872400 0.548986
vt 0.868946 0.549706
vt 0.888375 0.420926
vt 0.880120 0.549651
vt 0.067974 0.553712
vt 0.865841 0.558139
vt 0.227977 0.630375
vt 0.230986 0.637626
vt 0.867790 0.554111
vt 0.221154 0.637279
vt 0.846255 0.563659
vt 0.089251 0.558076
vt 0.839521 0.565879
vt 0.084852 0.560089
vt 0.226639 0.645619
vt 0.087623 0.562184
vt 0.851436 0.567222
vt 0.231213 0.650783
vt 0.081088 0.560743
vt 0.076501 0.554565
vt 0.850359 0.561094
vt 0.077193 0.564687
vt 0.072660 0.557026
vt 0.082856 0.563654
vt 0.081408 0.565628
vt 0.832446 0.446446
vt 0.071299 0.560898
vt 0.235559 0.659067
vt 0.061964 0.551294
vt 0.848206 0.584151
vt 0.235106 0.662837
vt 0.854404 0.579052
vt 0.236149 0.671159
vt 0.061080 0.554939
vt 0.822255 0.459532
vt 0.057136 0.548523
vt 0.217216 0.646486
vt 0.219891 0.656382
vt 0.212366 0.644606
vt 0.877997 0.554312
vt 0.205819 0.647799
vt 0.210141 0.655082
vt 0.054052 0.551569
vt 0.051195 0.551300
vt 0.044149 0.553335
vt 0.213325 0.635739
vt 0.870249 0.562228
vt 0.833301 0.456584
vt 0.208493 0.635938
vt 0.872393 0.553541
vt 0.871697 0.558054
vt 0.049720 0.562324
vt 0.875101 0.563162
vt 0.877570 0.562036
vt 0.853033 0.430964
vt 0.065049 0.561491
vt 0.067524 0.559387
vt 0.059881 0.563513
vt 0.871121 0.569744
vt 0.068161 0.566785
vt 0.844274 0.446863
vt 0.223817 0.658598
vt 0.873464 0.565368
vt 0.063408 0.565726
vt 0.880936 0.566931
vt 0.877619 0.571071
vt 0.226279 0.662809
vt 0.052119 0.568111
vt 0.227522 0.671617
vt 0.851627 0.438362
vt 0.881188 0.524509
vt 0.884969 0.523530
vt 0.887423 0.525991
vt 0.882518 0.531610
vt 0.890582 0.528740
vt 0.212463 0.659228
vt 0.217895 0.662314
vt 0.209848 0.663086
vt 0.890744 0.524023
vt 0.035354 0.544829
vt 0.037229 0.548517
vt 0.892997 0.518125
vt 0.843023 0.456757
vt 0.220255 0.677240
vt 0.215514 0.673983
vt 0.212857 0.668999
vt 0.032923 0.550884
vt 0.028041 0.547179
vt 0.896009 0.525692
vt 0.954903 0.544854
vt 0.207257 0.670365
vt 0.951599 0.548024
vt 0.881133 0.538338
vt 0.262278 0.688784
vt 0.855587 0.449796
vt 0.951940 0.554385
vt 0.961981 0.556728
vt 0.889216 0.538980
vt 0.892395 0.530748
vt 0.251188 0.684125
vt 0.970680 0.548838
vt 0.977566 0.538961
vt 0.897780 0.532007
vt 0.255603 0.690025
vt 0.818195 0.474298
vt 0.241916 0.680835
vt 0.981415 0.542976
vt 0.824485 0.472308
vt 0.818418 0.476922
vt 0.907301 0.529374
vt 0.910047 0.524016
vt 0.248281 0.688979
vt 0.834072 0.467164
vt 0.968462 0.553356
vt 0.970408 0.560578
vt 0.912713 0.528468
vt 0.912388 0.534107
vt 0.908142 0.539658
vt 0.256198 0.702927
vt 0.918294 0.531205
vt 0.833563 0.473339
vt 0.836598 0.476265
vt 0.977983 0.552521
vt 0.887657 0.551132
vt 0.831816 0.477611
vt 0.980394 0.559428
vt 0.893466 0.550293
vt 0.889408 0.556937
vt 0.246884 0.699270
vt 0.041078 0.552079
vt 0.040693 0.557071
vt 0.891885 0.546041
vt 0.895118 0.544118
vt 0.897776 0.539927
vt 0.899374 0.546686
vt 0.033994 0.557536
vt 0.042921 0.561740
vt 0.045034 0.565643
vt 0.037229 0.562438
vt 0.041525 0.566555
vt 0.892536 0.559744
vt 0.895276 0.558864
vt 0.851178 0.462600
vt 0.029110 0.550738
vt 0.908282 0.556025
vt 0.233117 0.682263
vt 0.024225 0.558526
vt 0.028648 0.558810
vt 0.238538 0.686381
vt 0.892347 0.565973
vt 0.227743 0.681521
vt 0.030753 0.561620
vt 0.034022 0.563811
vt 0.885997 0.566511
vt 0.235247 0.699781
vt 0.024162 0.565000
vt 0.860251 0.463300
vt 0.231087 0.691797
vt 0.889905 0.566448
vt 0.866296 0.455407
vt 0.048914 0.569609
vt 0.043819 0.571368
vt 0.220754 0.688868
vt 0.050464 0.577623
vt 0.912517 0.540375
vt 0.849464 0.472291
vt 0.913038 0.546551
vt 0.910467 0.549360
vt 0.220990 0.696547
vt 0.038611 0.573217
vt 0.034009 0.573794
vt 0.916493 0.538420
vt 0.036849 0.568214
vt 0.921755 0.536996
vt 0.030656 0.570489
vt 0.916285 0.546575
vt 0.921374 0.545843
vt 0.026476 0.572031
vt 0.229093 0.713573
vt 0.030439 0.575698
vt 0.038707 0.579030
vt 0.031102 0.577491
vt 0.907908 0.567400
vt 0.913730 0.557609
vt 0.962938 0.566006
vt 0.227658 0.701514
vt 0.966654 0.572571
vt 0.969712 0.566791
vt 0.919828 0.552926
vt 0.974460 0.570093
vt 0.859686 0.430726
vt 0.219478 0.704475
vt 0.863981 0.431636
vt 0.924697 0.556782
vt 0.918913 0.451615
vt 0.919472 0.454934
vt 0.922379 0.456060
vt 0.979735 0.570772
vt 0.922735 0.461722
vt 0.215582 0.681069
vt 0.987660 0.566387
vt 0.924409 0.448380
vt 0.975676 0.573097
vt 0.929088 0.449673
vt 0.927242 0.456745
vt 0.973177 0.579754
vt 0.982159 0.574963
vt 0.938271 0.457101
vt 0.868295 0.436604
vt 0.018996 0.567445
vt 0.023240 0.572043
vt 0.195286 0.648443
vt 0.930354 0.465584
vt 0.873338 0.436455
vt 0.018282 0.573067
vt 0.861157 0.440616
vt 0.184112 0.648132
vt 0.026512 0.577221
vt 0.023323 0.578156
vt 0.867861 0.446346
vt 0.923385 0.472979
vt 0.201507 0.652220
vt 0.921035 0.476002
vt 0.021381 0.579512
vt 0.195749 0.658800
vt 0.018424 0.580819
vt 0.013581 0.577785
vt 0.934497 0.473347
vt 0.928472 0.477942
vt 0.879294 0.446357
vt 0.917027 0.479406
vt 0.986003 0.573784
vt 0.189398 0.658501
vt 0.934628 0.440159
vt 0.940086 0.441705
vt 0.980032 0.581501
vt 0.982394 0.578052
vt 0.180597 0.657826
vt 0.205224 0.658272
vt 0.986691 0.577407
vt 0.205007 0.662253
vt 0.948264 0.447607
vt 0.946104 0.440272
vt 0.954622 0.452718
vt 0.956405 0.440914
vt 0.207070 0.678525
vt 0.949235 0.458170
vt 0.196035 0.662890
vt 0.941859 0.463712
vt 0.944348 0.473857
vt 0.878622 0.429598
vt 0.878115 0.435519
vt 0.881208 0.430739
vt 0.202321 0.659041
vt 0.887404 0.428165
vt 0.956260 0.468353
vt 0.892152 0.421832
vt 0.948056 0.466655
vt 0.959857 0.464299
vt 0.187106 0.662521
vt 0.189178 0.669308
vt 0.939338 0.477903
vt 0.933681 0.479904
vt 0.031016 0.540903
vt 0.020641 0.537723
vt 0.924967 0.483411
vt 0.922751 0.492299
vt 0.173788 0.649341
vt 0.180014 0.662381
vt 0.175978 0.659547
vt 0.025793 0.544302
vt 0.171894 0.658301
vt 0.883648 0.438397
vt 0.926997 0.490564
vt 0.165523 0.662020
vt 0.931640 0.488511
vt 0.174225 0.676501
vt 0.933808 0.487155
vt 0.939012 0.485036
vt 0.938808 0.488381
vt 0.920986 0.499428
vt 0.898448 0.432617
vt 0.900732 0.422202
vt 0.925195 0.493589
vt 0.928214 0.494761
vt 0.925256 0.502270
vt 0.931984 0.492348
vt 0.890329 0.439016
vt 0.924349 0.508971
vt 0.190994 0.691151
vt 0.022917 0.547094
vt 0.019232 0.551907
vt 0.936120 0.491724
vt 0.942153 0.491436
vt 0.167287 0.672804
vt 0.014871 0.549729
vt 0.159907 0.666186
vt 0.941875 0.494324
vt 0.020764 0.557068
vt 0.945566 0.479224
vt 0.951402 0.478375
vt 0.011492 0.541274
vt 0.951302 0.473021
vt 0.212556 0.690808
vt 0.956849 0.477859
vt 0.876424 0.453000
vt 0.986692 0.539567
vt 0.963704 0.476129
vt 0.947411 0.486748
vt 0.944691 0.489316
vt 0.208053 0.707226
vt 0.217443 0.713455
vt 0.950029 0.491100
vt 0.985623 0.546430
vt 0.989490 0.546631
vt 0.954878 0.490023
vt 0.013957 0.558690
vt 0.963374 0.479820
vt 0.987231 0.553951
vt 0.960377 0.496373
vt 0.207824 0.718363
vt 0.946843 0.493855
vt 0.968611 0.435330
vt 0.967492 0.441935
vt 0.962151 0.431335
vt 0.978362 0.438592
vt 0.974072 0.430418
vt 0.972490 0.448384
vt 0.887939 0.452829
vt 0.194430 0.712625
vt 0.197685 0.720844
vt 0.039428 0.434075
vt 0.032877 0.427167
vt 0.013506 0.566138
vt 0.031114 0.432205
vt 0.028403 0.423855
vt 0.027867 0.431043
vt 0.031998 0.438422
vt 0.027525 0.441741
vt 0.215323 0.685491
vt 0.014096 0.571407
vt 0.046899 0.450889
vt 0.895262 0.442995
vt 0.039246 0.446202
vt 0.093336 0.565511
vt 0.032320 0.445578
vt 0.088374 0.564498
vt 0.903156 0.440368
vt 0.090260 0.568372
vt 0.031192 0.450468
vt 0.094598 0.571698
vt 0.026402 0.436768
vt 0.025349 0.428894
vt 0.019746 0.437384
vt 0.020556 0.430087
vt 0.088543 0.571397
vt 0.090907 0.574733
vt 0.021185 0.441883
vt 0.982151 0.437597
vt 0.986989 0.430598
vt 0.979592 0.429543
vt 0.987445 0.438124
vt 0.099855 0.579542
vt 0.977989 0.447432
vt 0.981685 0.450836
vt 0.085870 0.581936
vt 0.085306 0.576420
vt 0.986707 0.447313
vt 0.014625 0.436486
vt 0.093366 0.582015
vt 0.098469 0.582929
vt 0.909533 0.449911
vt 0.091262 0.583896
vt 0.018231 0.441607
vt 0.014174 0.426557
vt 0.084076 0.571265
vt 0.016020 0.447215
vt 0.026797 0.447843
vt 0.021851 0.447306
vt 0.179134 0.707865
vt 0.079643 0.572553
vt 0.075082 0.567437
vt 0.076048 0.576936
vt 0.027544 0.451467
vt 0.031345 0.452512
vt 0.164581 0.693101
vt 0.025146 0.455852
vt 0.081174 0.574918
vt 0.080157 0.578136
vt 0.014225 0.452639
vt 0.020570 0.455671
vt 0.823188 0.480770
vt 0.013881 0.461863
vt 0.010103 0.461939
vt 0.079588 0.582501
vt 0.093063 0.586296
vt 0.083058 0.587018
vt 0.083377 0.583966
vt 0.076675 0.586906
vt 0.050173 0.453450
vt 0.051733 0.460479
vt 0.071125 0.575448
vt 0.067990 0.570940
vt 0.047431 0.463824
vt 0.056489 0.463334
vt 0.065026 0.573096
vt 0.185280 0.713855
vt 0.060581 0.576467
vt 0.055093 0.582837
vt 0.177778 0.727773
vt 0.044628 0.470107
vt 0.040394 0.469976
vt 0.063456 0.583401
vt 0.031131 0.468848
vt 0.855303 0.586903
vt 0.027445 0.470720
vt 0.855085 0.592626
vt 0.071863 0.583859
vt 0.862077 0.584563
vt 0.040737 0.453245
vt 0.873200 0.579686
vt 0.862699 0.590855
vt 0.032305 0.459825
vt 0.852686 0.596767
vt 0.068987 0.587560
vt 0.074084 0.590055
vt 0.027588 0.460840
vt 0.907503 0.391767
vt 0.065874 0.589505
vt 0.853560 0.604286
vt 0.025608 0.460995
vt 0.855180 0.600135
vt 0.059308 0.586472
vt 0.865891 0.596957
vt 0.019191 0.463481
vt 0.867347 0.600437
vt 0.067244 0.596261
vt 0.067207 0.593176
vt 0.059704 0.590014
vt 0.060713 0.594417
vt 0.021334 0.469104
vt 0.057979 0.593265
vt 0.053345 0.590816
vt 0.872750 0.584375
vt 0.876479 0.575140
vt 0.091923 0.590577
vt 0.102383 0.589860
vt 0.014773 0.473273
vt 0.883748 0.577089
vt 0.099018 0.590220
vt 0.880311 0.580841
vt 0.095376 0.594097
vt 0.934366 0.367843
vt 0.872359 0.590288
vt 0.964032 0.451986
vt 0.877800 0.588953
vt 0.880523 0.596335
vt 0.884468 0.588765
vt 0.094989 0.600952
vt 0.889658 0.587979
vt 0.926538 0.387780
vt 0.886614 0.593781
vt 0.102660 0.604858
vt 0.086821 0.597587
vt 0.271911 0.726830
vt 0.090481 0.604708
vt 0.968426 0.464513
vt 0.973846 0.458311
vt 0.935508 0.382277
vt 0.096965 0.607865
vt 0.270341 0.741293
vt 0.089931 0.608214
vt 0.081254 0.608122
vt 0.980582 0.456560
vt 0.263272 0.726278
vt 0.158367 0.673815
vt 0.152847 0.676521
vt 0.153635 0.669449
vt 0.911849 0.395151
vt 0.919578 0.390828
vt 0.157841 0.679833
vt 0.152334 0.683663
vt 0.970204 0.473267
vt 0.273903 0.746897
vt 0.862285 0.603637
vt 0.980152 0.466004
vt 0.156820 0.685973
vt 0.148955 0.677112
vt 0.151185 0.664184
vt 0.873766 0.603459
vt 0.870360 0.612231
vt 0.087956 0.613160
vt 0.145139 0.684067
vt 0.144940 0.677593
vt 0.933478 0.387645
vt 0.937973 0.387014
vt 0.986694 0.469247
vt 0.919441 0.402402
vt 0.925633 0.393975
vt 0.151994 0.690266
vt 0.925823 0.402283
vt 0.012334 0.465575
vt 0.151215 0.697744
vt 0.145707 0.688536
vt 0.932204 0.391256
vt 0.145265 0.692536
vt 0.088084 0.589134
vt 0.085099 0.594377
vt 0.879654 0.600111
vt 0.083155 0.590381
vt 0.079313 0.590314
vt 0.932661 0.400895
vt 0.938679 0.396380
vt 0.882493 0.602895
vt 0.081660 0.597033
vt 0.085168 0.603377
vt 0.076685 0.511087
vt 0.076734 0.593799
vt 0.928308 0.508875
vt 0.879079 0.611981
vt 0.074081 0.595421
vt 0.887052 0.611867
vt 0.925870 0.507595
vt 0.076656 0.604212
vt 0.253732 0.745640
vt 0.926039 0.515831
vt 0.059790 0.598248
vt 0.942645 0.506381
vt 0.065141 0.603315
vt 0.902856 0.394365
vt 0.060319 0.605141
vt 0.890285 0.573918
vt 0.925005 0.522622
vt 0.900305 0.400793
vt 0.892015 0.573796
vt 0.895370 0.571298
vt 0.064548 0.606813
vt 0.894342 0.577702
vt 0.945016 0.512458
vt 0.071476 0.609326
vt 0.060732 0.607466
vt 0.899890 0.410377
vt 0.945191 0.522642
vt 0.145698 0.700621
vt 0.909918 0.404750
vt 0.905238 0.414909
vt 0.946852 0.499267
vt 0.906243 0.401096
vt 0.046338 0.575617
vt 0.950279 0.498159
vt 0.047341 0.582696
vt 0.043276 0.582860
vt 0.948440 0.507078
vt 0.951069 0.506595
vt 0.912707 0.562161
vt 0.912770 0.564548
vt 0.914602 0.566416
vt 0.912726 0.574920
vt 0.961647 0.505714
vt 0.045820 0.586382
vt 0.918208 0.564732
vt 0.917253 0.568887
vt 0.950275 0.514432
vt 0.954390 0.513347
vt 0.920574 0.559829
vt 0.036997 0.583701
vt 0.948472 0.516466
vt 0.026972 0.582558
vt 0.927005 0.559855
vt 0.920474 0.563243
vt 0.923389 0.564374
vt 0.033050 0.587162
vt 0.927474 0.567954
vt 0.926363 0.563246
vt 0.930730 0.566168
vt 0.944571 0.361668
vt 0.918022 0.576209
vt 0.048898 0.590006
vt 0.049053 0.592110
vt 0.053225 0.594120
vt 0.046193 0.596813
vt 0.933272 0.573841
vt 0.043288 0.590062
vt 0.043268 0.595192
vt 0.947782 0.526785
vt 0.954527 0.359379
vt 0.035074 0.589813
vt 0.945741 0.532206
vt 0.029314 0.592314
vt 0.039656 0.591935
vt 0.033945 0.594254
vt 0.037828 0.595227
vt 0.947374 0.535574
vt 0.942456 0.372105
vt 0.948661 0.523298
vt 0.025891 0.583897
vt 0.017817 0.584498
vt 0.024617 0.585820
vt 0.019025 0.588222
vt 0.951011 0.367389
vt 0.026442 0.589948
vt 0.020269 0.592529
vt 0.988576 0.579102
vt 0.012213 0.586821
vt 0.981686 0.584135
vt 0.960119 0.349258
vt 0.984406 0.584882
vt 0.012008 0.592076
vt 0.968889 0.345897
vt 0.026891 0.595986
vt 0.970888 0.356623
vt 0.024133 0.599015
vt 0.036149 0.600550
vt 0.027787 0.603037
vt 0.965309 0.360654
vt 0.017354 0.598935
vt 0.013932 0.600983
vt 0.986799 0.598811
vt 0.022646 0.605369
vt 0.015729 0.605443
vt 0.011327 0.604112
vt 0.154758 0.716211
vt 0.164063 0.704990
vt 0.172443 0.712590
vt 0.171490 0.703761
vt 0.964953 0.368846
vt 0.971229 0.364680
vt 0.952539 0.383184
vt 0.945983 0.385075
vt 0.156204 0.693988
vt 0.155904 0.701992
vt 0.150089 0.706276
vt 0.153877 0.705917
vt 0.957196 0.376562
vt 0.155041 0.710577
vt 0.943721 0.392027
vt 0.150479 0.710947
vt 0.950151 0.396536
vt 0.165559 0.721058
vt 0.963236 0.382641
vt 0.957707 0.392418
vt 0.167949 0.734561
vt 0.159838 0.728696
vt 0.972161 0.377872
vt 0.053860 0.597659
vt 0.056745 0.601250
vt 0.976807 0.387285
vt 0.048749 0.601420
vt 0.055325 0.606068
vt 0.039814 0.606009
vt 0.043259 0.610712
vt 0.928887 0.415972
vt 0.927022 0.409231
vt 0.936563 0.409086
vt 0.034687 0.608760
vt 0.940287 0.405290
vt 0.054106 0.610650
vt 0.944002 0.410353
vt 0.048783 0.613229
vt 0.940126 0.419256
vt 0.146994 0.717274
vt 0.150331 0.722009
vt 0.154280 0.722027
vt 0.153216 0.729241
vt 0.028080 0.611651
vt 0.907407 0.422240
vt 0.912562 0.411919
vt 0.150312 0.731183
vt 0.153777 0.734731
vt 0.919780 0.412536
vt 0.154829 0.741912
vt 0.914224 0.418756
vt 0.150851 0.738441
vt 0.909163 0.429635
vt 0.023146 0.609388
vt 0.916998 0.426140
vt 0.019973 0.608233
vt 0.012797 0.608724
vt 0.018521 0.611225
vt 0.924523 0.421920
vt 0.925925 0.430637
vt 0.150548 0.743182
vt 0.940423 0.562719
vt 0.930177 0.423444
vt 0.934252 0.426421
vt 0.945476 0.554566
vt 0.947833 0.552189
vt 0.912880 0.439106
vt 0.947796 0.557809
vt 0.918884 0.439922
vt 0.921372 0.434590
vt 0.946380 0.568894
vt 0.929136 0.440656
vt 0.925754 0.441507
vt 0.947499 0.563529
vt 0.917812 0.445096
vt 0.951438 0.561980
vt 0.959248 0.565213
vt 0.955840 0.562855
vt 0.922058 0.445195
vt 0.940345 0.581230
vt 0.957998 0.574237
vt 0.947313 0.583795
vt 0.940097 0.583508
vt 0.944290 0.584377
vt 0.932098 0.433242
vt 0.939996 0.430512
vt 0.948315 0.427108
vt 0.960884 0.568255
vt 0.958706 0.580864
vt 0.947665 0.591696
vt 0.950618 0.587973
vt 0.954672 0.592083
vt 0.962239 0.579111
vt 0.961500 0.574274
vt 0.964624 0.583657
vt 0.960131 0.588465
vt 0.964688 0.587203
vt 0.947030 0.402610
vt 0.956698 0.586188
vt 0.955148 0.402522
vt 0.949139 0.414448
vt 0.963122 0.572454
vt 0.962800 0.402649
vt 0.970522 0.579390
vt 0.971683 0.585105
vt 0.957931 0.413142
vt 0.950096 0.595336
vt 0.953952 0.599651
vt 0.964068 0.415637
vt 0.971810 0.408106
vt 0.957934 0.602074
vt 0.956165 0.595466
vt 0.029682 0.389115
vt 0.967150 0.595805
vt 0.026306 0.397622
vt 0.959963 0.598738
vt 0.964669 0.599556
vt 0.029910 0.403612
vt 0.174278 0.742086
vt 0.178979 0.747442
vt 0.023448 0.400221
vt 0.022050 0.406612
vt 0.968919 0.397423
vt 0.170672 0.747198
vt 0.978841 0.394186
vt 0.164431 0.747554
vt 0.966968 0.601308
vt 0.973945 0.590160
vt 0.965039 0.590686
vt 0.971673 0.598187
vt 0.979469 0.401583
vt 0.976575 0.411594
vt 0.983909 0.589895
vt 0.013287 0.406483
vt 0.980296 0.598089
vt 0.978423 0.600862
vt 0.973995 0.603830
vt 0.981838 0.408296
vt 0.978926 0.603683
vt 0.985989 0.406170
vt 0.981588 0.608761
vt 0.956783 0.424955
vt 0.987607 0.605300
vt 0.985334 0.606358
vt 0.965589 0.425111
vt 0.969258 0.422387
vt 0.149455 0.747107
vt 0.032495 0.417849
vt 0.027427 0.413861
vt 0.164664 0.649137
vt 0.026157 0.417762
vt 0.164283 0.658087
vt 0.159009 0.661364
vt 0.155898 0.660580
vt 0.155187 0.653187
vt 0.150994 0.657525
vt 0.145276 0.652446
vt 0.980277 0.419876
vt 0.157573 0.665961
vt 0.985485 0.414976
vt 0.014811 0.414264
vt 0.012682 0.417359
vt 0.103464 0.607911
vt 0.022061 0.418104
vt 0.145213 0.661790
vt 0.015186 0.422192
vt 0.986390 0.422436
vt 0.145461 0.666889
vt 0.561992 0.147087
vt 0.567059 0.146167
vt 0.574547 0.146621
vt 0.580730 0.146488
vt 0.587986 0.147026
vt 0.594707 0.146663
vt 0.519424 0.146237
vt 0.524815 0.145843
vt 0.503651 0.132143
vt 0.507469 0.146353
vt 0.531207 0.146617
vt 0.535872 0.146895
vt 0.538101 0.146200
vt 0.543671 0.147185
vt 0.553137 0.146949
vt 0.618116 0.145542
vt 0.609727 0.146340
vt 0.602013 0.146245
vt 0.627182 0.146062
vt 0.503713 0.012803
vt 0.635953 0.143332
vt 0.492619 0.012333
vt 0.479292 0.011849
vt 0.668553 0.143501
vt 0.674546 0.143123
vt 0.687485 0.142913
vt 0.439503 0.011261
vt 0.705393 0.144071
vt 0.711401 0.144732
vt 0.718877 0.144454
vt 0.724321 0.143573
vt 0.242647 0.010249
vt 0.235389 0.010752
vt 0.910969 0.142995
vt 0.923304 0.143381
vt 0.970453 0.145485
vt 0.934298 0.144223
vt 0.942262 0.144257
vt 0.949238 0.144715
vt 0.177249 0.009088
vt 0.023605 0.148602
vt 0.062711 0.143767
vt 0.049489 0.144386
vt 0.041354 0.144933
vt 0.149908 0.033008
vt 0.979362 0.148289
vt 0.015966 0.150869
vt 0.012102 0.153306
vt 0.151840 0.010375
vt 0.013341 0.160232
vt 0.987724 0.166039
vt 0.986319 0.161524
vt 0.987117 0.171455
vt 0.013964 0.180150
vt 0.987855 0.185569
vt 0.784419 0.143696
vt 0.013737 0.202851
vt 0.013547 0.208721
vt 0.790941 0.143397
vt 0.012792 0.215530
vt 0.798834 0.143506
vt 0.805657 0.143068
vt 0.813698 0.143024
vt 0.820081 0.143343
vt 0.987298 0.223472
vt 0.013489 0.237103
vt 0.013254 0.242698
vt 0.987936 0.192519
vt 0.988772 0.248360
vt 0.988873 0.257172
vt 0.137768 0.148213
vt 0.010519 0.292707
vt 0.010887 0.280815
vt 0.989923 0.265287
vt 0.828234 0.143725
vt 0.128504 0.146025
vt 0.834522 0.143577
vt 0.013423 0.274715
vt 0.122122 0.144496
vt 0.114043 0.144234
vt 0.843583 0.143639
vt 0.107105 0.143822
vt 0.149305 0.098368
vt 0.286296 0.010171
vt 0.278788 0.009988
vt 0.872797 0.143404
vt 0.089727 0.142941
vt 0.150783 0.081005
vt 0.009093 0.298446
vt 0.069639 0.141540
vt 0.985254 0.302432
vt 0.984812 0.308868
vt 0.884031 0.143132
vt 0.732096 0.142031
vt 0.395635 0.011168
vt 0.754801 0.142757
vt 0.760733 0.144036
vt 0.766005 0.145282
vt 0.774299 0.145097
vt 0.776719 0.143446
vt 0.009643 0.319351
vt 0.010217 0.329977
vt 0.501333 0.683940
vt 0.501251 0.672772
vt 0.586187 0.611643
vt 0.591809 0.614304
vt 0.501553 0.654485
vt 0.501137 0.662278
vt 0.500137 0.717028
vt 0.499626 0.707932
vt 0.501230 0.724850
vt 0.501507 0.731260
vt 0.501633 0.740158
vt 0.500204 0.745255
vt 0.498100 0.745656
vt 0.493258 0.746115
vt 0.488857 0.745653
vt 0.480717 0.745787
vt 0.665262 0.612781
vt 0.461563 0.745776
vt 0.685482 0.613727
vt 0.441479 0.745895
vt 0.502956 0.616922
vt 0.502662 0.623144
vt 0.502137 0.631287
vt 0.501968 0.637035
vt 0.501473 0.644631
vt 0.432727 0.746988
vt 0.709927 0.611987
vt 0.716408 0.612045
vt 0.408883 0.746841
vt 0.399074 0.746518
vt 0.743913 0.612814
vt 0.384134 0.746257
vt 0.798320 0.613348
vt 0.759869 0.612739
vt 0.369121 0.746330
vt 0.360643 0.746408
vt 0.355586 0.746289
vt 0.346170 0.745243
vt 0.802538 0.612454
vt 0.810272 0.613005
vt 0.315286 0.746466
vt 0.306736 0.746126
vt 0.296740 0.746476
vt 0.856396 0.612408
vt 0.848065 0.612364
vt 0.138432 0.613764
vt 0.125898 0.612939
vt 0.118908 0.612822
vt 0.112081 0.612689
vt 0.134136 0.613054
vt 0.230148 0.748027
vt 0.235358 0.747153
vt 0.241202 0.746828
vt 0.010139 0.492604
vt 0.010240 0.484045
vt 0.214708 0.746978
vt 0.219897 0.747075
vt 0.009747 0.501156
vt 0.009330 0.510686
vt 0.009667 0.520381
vt 0.934078 0.611446
vt 0.988563 0.524496
vt 0.197824 0.747130
vt 0.189506 0.746953
vt 0.009124 0.348641
vt 0.010054 0.357439
vt 0.011219 0.364345
vt 0.010668 0.369268
vt 0.009651 0.373786
vt 0.010793 0.381028
vt 0.009989 0.389348
vt 0.985742 0.395302
vt 0.989965 0.573724
vt 0.988288 0.537721
vt 0.012784 0.550165
vt 0.990769 0.555046
vt 0.990559 0.562399
vt 0.990914 0.567649
vt 0.011324 0.434012
vt 0.011790 0.441548
vt 0.010813 0.450736
vt 0.986153 0.458439
vt 0.863202 0.612028
vt 0.266769 0.746651
vt 0.145246 0.670419
vt 0.074390 0.613063
vt 0.080836 0.612693
vt 0.010651 0.472820
vt 0.069910 0.613375
vt 0.065870 0.613104
vt 0.258066 0.746979
vt 0.250072 0.747253
vt 0.057606 0.612874
vt 0.012787 0.583560
vt 0.988225 0.582377
vt 0.988862 0.587954
vt 0.990852 0.596968
vt 0.988467 0.600386
vt 0.146443 0.709272
vt 0.040676 0.613132
vt 0.146642 0.729848
vt 0.147575 0.739437
vt 0.958551 0.610696
vt 0.967058 0.610409
vt 0.973420 0.609606
vt 0.010417 0.409436
vt 0.156326 0.747524
vt 0.009086 0.608951
vt 0.010488 0.611522
vt 0.988500 0.607843
vt 0.106148 0.613022
vt 0.009959 0.418260
vt 0.096610 0.613133
vt 0.010727 0.425775
vt 0.091448 0.612947
f 1/1 2/2 3/3
f 4/4 5/5 6/6
f 7/7 6/6 5/5
f 8/8 9/9 10/10
f 11/11 12/12 7/7
f 13/13 14/14 15/15
f 12/12 6/6 7/7
f 16/16 17/17 18/18
f 15/15 14/14 19/19
f 12/12 20/20 6/6
f 21/21 20/20 12/12
f 18/18 17/17 22/22
f 23/23 15/15 19/19
f 20/8197 24/24 6/8196
f 17/17 25/25 22/22
f 26/26 17/17 16/16
f 27/27 17/17 26/26
f 28/28 29/29 9/9
f 11/11 30/30 31/31
f 32/32 33/33 34/34
f 31/31 12/12 11/11
f 12/12 35/35 21/21
f 34/34 36/36 37/37
f 31/31 35/35 12/12
f 31/31 30/30 38/38
f 38/38 39/39 31/31
f 39/39 35/35 31/31
f 39/39 38/38 40/40
f 41/41 37/37 36/36
f 42/42 9/9 8/8
f 15/15 43/43 44/44
f 23/23 43/43 15/15
f 45/45 20/20 21/21
f 37/37 32/32 34/34
f 45/8198 24/24 20/8197
f 43/43 46/46 44/44
f 33/33 47/47 26/26
f 28/28 9/9 42/42
f 48/48 49/49 45/45
f 45/45 50/50 48/48
f 47/47 33/33 32/32
f 51/51 48/48 50/50
f 51/51 52/52 53/53
f 47/47 27/27 26/26
f 54/54 53/53 52/52
f 53/53 55/55 51/51
f 56/56 27/27 47/47
f 50/50 45/45 21/21
f 51/51 21/21 35/35
f 21/21 51/51 50/50
f 57/57 28/28 42/42
f 35/35 52/52 51/51
f 56/56 47/47 32/32
f 58/58 56/56 32/32
f 39/39 40/40 52/52
f 39/39 52/52 35/35
f 52/52 40/40 54/54
f 22/22 59/59 60/60
f 59/59 22/22 25/25
f 49/49 48/48 61/61
f 55/55 48/48 51/51
f 2/2 62/62 63/63
f 64/64 25/25 17/17
f 65/65 25/25 64/64
f 66/66 55/55 53/53
f 61/61 48/48 55/55
f 65/65 59/59 25/25
f 65/65 67/67 59/59
f 65/65 64/64 68/68
f 28/28 69/69 70/70
f 67/67 71/71 59/59
f 49/8199 72/72 45/8198
f 73/73 71/71 67/67
f 72/72 49/8199 61/8200
f 73/73 74/74 71/71
f 75/75 74/74 73/73
f 76/76 72/72 61/8200
f 77/77 75/75 73/73
f 78/78 30/30 79/79
f 80/80 73/73 65/65
f 65/65 73/73 67/67
f 30/30 78/78 38/38
f 80/80 77/77 73/73
f 77/77 80/80 81/81
f 38/38 78/78 82/82
f 38/38 82/82 40/40
f 56/56 64/64 17/17
f 27/27 56/56 17/17
f 68/68 64/64 83/83
f 64/64 56/56 83/83
f 28/28 57/57 84/84
f 85/85 86/86 56/56
f 87/87 88/88 78/78
f 89/89 90/90 87/87
f 91/91 92/92 93/93
f 90/90 88/88 87/87
f 86/86 83/83 56/56
f 94/94 3/3 95/95
f 83/83 86/86 96/96
f 97/97 90/90 89/89
f 84/84 69/69 28/28
f 85/85 96/96 86/86
f 95/95 98/98 94/94
f 99/99 96/96 85/85
f 80/80 65/65 68/68
f 100/100 54/54 82/82
f 92/92 43/43 93/93
f 83/83 80/80 68/68
f 101/101 91/91 95/95
f 102/102 100/100 82/82
f 81/81 80/80 83/83
f 95/95 91/91 103/103
f 98/98 95/95 103/103
f 82/82 54/54 40/40
f 104/104 77/77 81/81
f 96/96 81/81 83/83
f 88/88 82/82 78/78
f 90/90 82/82 88/88
f 105/105 96/96 99/99
f 105/105 81/81 96/96
f 66/66 53/53 54/54
f 94/94 1/1 3/3
f 106/106 66/66 54/54
f 41/41 36/36 107/107
f 107/107 108/108 41/41
f 37/37 109/109 32/32
f 54/54 100/100 106/106
f 109/109 37/37 41/41
f 110/110 41/41 108/108
f 111/111 112/112 106/106
f 110/110 108/108 113/113
f 110/110 109/109 41/41
f 98/98 103/103 114/114
f 115/115 106/106 100/100
f 116/116 103/103 91/91
f 114/114 103/103 116/116
f 111/111 106/106 115/115
f 117/117 109/109 110/110
f 116/116 118/118 114/114
f 82/82 90/90 102/102
f 98/98 114/114 94/94
f 58/58 119/119 120/120
f 114/114 121/121 94/94
f 102/102 115/115 100/100
f 118/118 121/121 114/114
f 58/58 120/120 122/122
f 102/102 90/90 123/123
f 42/42 124/124 125/125
f 109/109 58/58 32/32
f 109/109 119/119 58/58
f 126/126 123/123 97/97
f 119/119 109/109 117/117
f 127/127 119/119 117/117
f 90/90 97/97 123/123
f 120/120 119/119 127/127
f 102/102 128/128 115/115
f 125/125 129/129 42/42
f 123/123 128/128 102/102
f 130/130 1/1 94/94
f 112/112 131/131 106/106
f 125/125 124/124 132/132
f 113/113 117/117 110/110
f 133/133 117/117 113/113
f 128/128 111/111 115/115
f 111/111 128/128 112/112
f 112/112 128/128 134/134
f 113/113 135/135 133/133
f 136/136 93/93 43/43
f 137/137 122/122 120/120
f 134/134 138/138 112/112
f 139/139 136/136 43/43
f 139/139 43/43 23/23
f 133/133 127/127 117/117
f 116/116 91/91 93/93
f 128/128 140/140 134/134
f 137/137 127/127 141/141
f 127/127 137/137 120/120
f 136/136 142/142 93/93
f 141/141 127/127 133/133
f 143/143 141/141 133/133
f 138/138 134/134 144/144
f 145/145 144/144 134/134
f 58/58 85/85 56/56
f 146/146 85/85 58/58
f 147/147 23/23 148/148
f 149/149 150/150 151/151
f 152/152 85/85 146/146
f 142/142 136/136 139/139
f 150/150 153/153 151/151
f 139/139 23/23 147/147
f 142/142 139/139 154/154
f 122/122 146/146 58/58
f 57/57 42/42 129/129
f 149/149 155/155 150/150
f 139/139 147/147 154/154
f 116/116 93/93 156/156
f 99/99 85/85 152/152
f 157/157 153/153 150/150
f 156/156 93/93 142/142
f 158/158 157/157 150/150
f 159/159 153/153 157/157
f 159/159 157/157 160/160
f 105/105 99/99 161/161
f 69/69 84/84 162/162
f 162/162 84/84 57/57
f 163/163 116/116 156/156
f 164/164 160/160 157/157
f 152/152 161/161 99/99
f 163/163 156/156 165/165
f 166/166 161/161 152/152
f 166/166 152/152 146/146
f 167/167 160/160 168/168
f 169/169 122/122 137/137
f 170/170 164/164 157/157
f 171/171 146/146 122/122
f 168/168 160/160 164/164
f 172/172 142/142 154/154
f 169/169 171/171 122/122
f 137/137 141/141 169/169
f 173/173 156/156 142/142
f 168/168 164/164 174/174
f 173/173 142/142 172/172
f 175/175 171/171 169/169
f 141/141 175/175 169/169
f 176/176 175/175 141/141
f 177/177 175/175 176/176
f 178/178 57/57 129/129
f 172/172 179/179 173/173
f 180/180 158/158 150/150
f 180/180 150/150 155/155
f 181/181 158/158 180/180
f 171/171 182/182 146/146
f 183/183 158/158 181/181
f 184/184 162/162 57/57
f 183/183 181/181 185/185
f 171/171 186/186 182/182
f 171/171 175/175 177/177
f 185/185 187/187 183/183
f 171/171 177/177 186/186
f 184/184 57/57 178/178
f 184/184 178/178 188/188
f 185/185 189/189 187/187
f 190/190 182/182 186/186
f 191/191 190/190 186/186
f 189/189 185/185 192/192
f 193/193 187/187 189/189
f 194/194 195/195 196/196
f 193/193 189/189 192/192
f 104/104 75/75 77/77
f 197/197 2/2 1/1
f 104/104 198/198 75/75
f 196/196 75/75 194/194
f 198/198 194/194 75/75
f 199/199 157/157 158/158
f 200/200 201/201 202/202
f 158/158 183/183 203/203
f 203/203 199/199 158/158
f 204/204 170/170 199/199
f 203/203 204/204 199/199
f 199/199 170/170 157/157
f 205/205 206/206 195/195
f 207/207 197/197 1/1
f 208/208 197/197 207/207
f 195/195 209/209 205/205
f 200/200 202/202 210/210
f 187/187 203/203 183/183
f 204/204 203/203 211/211
f 212/212 211/211 203/203
f 194/194 209/209 195/195
f 213/213 209/209 194/194
f 214/214 215/215 216/216
f 174/174 164/164 170/170
f 217/217 1/1 130/130
f 218/218 214/214 216/216
f 219/219 218/218 216/216
f 220/220 104/104 221/221
f 174/174 170/170 204/204
f 81/81 105/105 221/221
f 222/222 174/174 204/204
f 223/223 224/224 218/218
f 221/221 104/104 81/81
f 222/222 225/225 174/174
f 226/226 204/204 211/211
f 227/227 226/226 211/211
f 214/214 228/228 215/215
f 226/226 222/222 204/204
f 224/224 229/229 228/228
f 220/220 198/198 104/104
f 224/224 228/228 214/214
f 198/198 213/213 194/194
f 220/220 213/213 198/198
f 216/216 215/215 230/230
f 231/231 207/207 1/1
f 187/187 212/212 203/203
f 232/232 220/220 221/221
f 233/233 212/212 187/187
f 234/234 235/235 220/220
f 187/187 236/236 233/233
f 235/235 213/213 220/220
f 236/236 187/187 193/193
f 237/237 236/236 193/193
f 75/75 196/196 74/74
f 238/238 229/229 239/239
f 227/227 211/211 212/212
f 240/240 227/227 212/212
f 241/241 221/221 105/105
f 226/226 227/227 242/242
f 240/240 242/242 227/227
f 205/205 243/243 206/206
f 233/233 240/240 212/212
f 239/239 229/229 224/224
f 236/236 244/244 233/233
f 245/245 246/246 243/243
f 240/240 233/233 247/247
f 214/214 218/218 224/224
f 246/246 248/248 243/243
f 239/239 224/224 223/223
f 249/249 242/242 240/240
f 247/247 249/249 240/240
f 205/205 245/245 243/243
f 250/250 251/251 252/252
f 253/253 245/245 205/205
f 253/253 205/205 209/209
f 253/253 209/209 254/254
f 255/255 237/237 193/193
f 256/256 244/244 236/236
f 62/62 238/238 239/239
f 237/237 255/255 256/256
f 256/256 236/236 237/237
f 257/257 246/246 245/245
f 253/253 257/257 245/245
f 246/246 257/257 258/258
f 259/259 256/256 255/255
f 258/258 257/257 260/260
f 261/261 262/262 197/197
f 247/247 233/233 244/244
f 263/263 247/247 244/244
f 258/258 264/264 246/246
f 250/250 252/252 262/262
f 262/262 261/261 250/250
f 265/265 250/250 261/261
f 63/63 239/239 223/223
f 34/34 244/244 256/256
f 34/34 263/263 244/244
f 36/36 34/34 256/256
f 254/254 209/209 213/213
f 266/266 256/256 259/259
f 62/62 239/239 63/63
f 267/267 259/259 268/268
f 269/269 270/270 271/271
f 272/272 253/253 254/254
f 273/273 270/270 251/251
f 274/274 270/270 273/273
f 256/256 266/266 36/36
f 235/235 275/275 254/254
f 62/62 276/276 238/238
f 107/107 266/266 259/259
f 107/107 259/259 267/267
f 250/250 273/273 251/251
f 272/272 257/257 253/253
f 266/266 107/107 36/36
f 273/273 250/250 271/271
f 272/272 260/260 257/257
f 271/271 274/274 273/273
f 271/271 270/270 274/274
f 275/275 272/272 254/254
f 272/272 275/275 277/277
f 278/278 107/107 267/267
f 279/279 267/267 280/280
f 279/279 278/278 267/267
f 277/277 281/281 272/272
f 108/108 278/278 279/279
f 108/108 107/107 278/278
f 282/282 206/206 243/243
f 282/282 243/243 248/248
f 265/265 271/271 250/250
f 279/279 113/113 108/108
f 113/113 279/279 283/283
f 135/135 113/113 283/283
f 246/246 284/284 248/248
f 283/283 70/70 135/135
f 285/285 248/248 284/284
f 286/286 248/248 285/285
f 241/241 232/232 221/221
f 216/216 287/287 288/288
f 289/289 290/290 291/291
f 292/292 269/269 271/271
f 293/293 232/232 241/241
f 294/294 295/295 296/296
f 287/287 297/297 288/288
f 298/298 299/299 294/8201
f 295/295 299/8203 300/300
f 241/241 161/161 293/293
f 294/294 299/8203 295/295
f 161/161 301/301 293/293
f 288/288 219/219 216/216
f 302/302 219/219 288/288
f 301/301 161/161 303/303
f 294/8201 296/8202 304/304
f 223/223 218/218 219/219
f 298/298 294/8201 304/304
f 220/220 232/232 293/293
f 234/234 220/220 293/293
f 295/295 291/291 305/305
f 306/306 197/197 208/208
f 297/297 307/307 288/288
f 306/306 261/261 197/197
f 308/308 291/291 290/290
f 305/305 296/296 295/295
f 305/305 291/291 308/308
f 309/309 234/234 293/293
f 301/301 309/309 293/293
f 149/149 310/310 311/311
f 149/149 151/151 310/310
f 311/311 310/310 300/8204
f 297/297 312/312 313/313
f 311/311 300/8204 314/314
f 207/207 306/306 208/208
f 231/231 306/306 207/207
f 314/314 300/8204 315/315
f 316/316 317/317 234/234
f 230/230 318/318 287/287
f 309/309 316/316 234/234
f 216/216 230/230 287/287
f 155/155 149/149 311/311
f 319/319 155/155 311/311
f 319/319 311/311 314/314
f 303/303 320/320 309/309
f 309/309 301/301 303/303
f 309/309 320/320 321/321
f 322/322 319/319 314/314
f 314/314 315/315 323/323
f 324/324 316/316 309/309
f 325/325 318/318 326/326
f 287/287 318/318 325/325
f 327/327 261/261 306/306
f 151/151 300/300 310/310
f 151/151 295/295 300/300
f 324/324 309/309 321/321
f 328/328 295/295 151/151
f 153/153 328/328 151/151
f 295/295 328/328 291/291
f 299/299 315/315 300/8204
f 329/329 261/261 327/327
f 330/330 325/325 331/331
f 289/289 291/291 328/328
f 328/328 159/159 289/289
f 241/241 105/105 161/161
f 312/312 287/287 325/325
f 328/328 153/153 159/159
f 306/306 231/231 327/327
f 161/161 166/166 303/303
f 312/312 325/325 330/330
f 315/315 299/299 298/298
f 320/320 303/303 166/166
f 320/320 166/166 146/146
f 297/297 287/287 312/312
f 146/146 182/182 320/320
f 315/315 298/298 332/332
f 327/327 231/231 333/333
f 190/190 320/320 182/182
f 190/190 321/321 320/320
f 333/333 334/334 327/327
f 327/327 334/334 329/329
f 315/315 332/332 323/323
f 331/331 335/335 336/336
f 254/254 213/213 235/235
f 330/330 331/331 336/336
f 337/337 338/338 339/339
f 333/333 231/231 340/340
f 341/341 339/339 338/338
f 275/275 235/235 317/317
f 317/317 235/235 234/234
f 305/305 338/338 296/296
f 338/338 337/337 296/296
f 304/304 296/8202 337/8205
f 308/308 338/338 305/305
f 330/330 336/336 342/342
f 337/8205 339/8206 343/343
f 304/304 337/8205 344/344
f 344/344 337/8205 343/343
f 345/345 317/317 316/316
f 342/342 336/336 335/335
f 341/341 346/346 347/347
f 348/348 335/335 349/349
f 342/342 335/335 348/348
f 339/8206 341/8207 343/343
f 343/343 341/8207 347/8208
f 265/265 329/329 350/350
f 351/351 277/277 275/275
f 329/329 265/265 261/261
f 352/352 343/343 347/8208
f 345/345 275/275 317/317
f 345/345 353/353 275/275
f 265/265 292/292 271/271
f 332/332 298/298 354/354
f 355/355 292/292 265/265
f 298/298 304/304 344/344
f 344/344 354/354 298/298
f 356/356 312/312 330/330
f 330/330 342/342 356/356
f 265/265 350/350 355/355
f 323/323 332/332 357/357
f 357/357 332/332 354/354
f 313/313 312/312 356/356
f 358/358 357/357 354/354
f 359/359 316/316 324/324
f 359/359 324/324 360/360
f 350/350 329/329 361/361
f 362/362 313/313 356/356
f 354/354 344/344 343/343
f 359/359 353/353 345/345
f 354/354 343/343 363/363
f 359/359 345/345 316/316
f 363/363 343/343 352/352
f 351/351 275/275 353/353
f 356/356 342/342 348/348
f 361/361 329/329 334/334
f 358/358 354/354 363/363
f 364/364 358/358 363/363
f 362/362 356/356 348/348
f 365/365 353/353 359/359
f 350/350 361/361 366/366
f 367/367 365/365 359/359
f 368/368 365/365 367/367
f 369/369 366/366 361/361
f 370/370 371/371 372/372
f 373/373 290/290 289/289
f 374/374 362/362 375/375
f 376/376 370/370 372/372
f 372/372 168/168 377/377
f 377/377 376/376 372/372
f 378/378 308/308 290/290
f 378/378 290/290 379/379
f 302/302 288/288 307/307
f 350/350 366/366 355/355
f 219/219 302/302 380/380
f 379/379 290/290 373/373
f 381/381 376/376 377/377
f 382/382 355/355 366/366
f 376/376 383/383 370/370
f 379/379 373/373 384/384
f 380/380 223/223 219/219
f 385/385 118/118 116/116
f 371/371 370/370 383/383
f 371/371 386/386 384/384
f 371/371 383/383 386/386
f 307/307 297/297 313/313
f 384/384 386/386 387/387
f 388/388 307/307 313/313
f 130/130 94/94 121/121
f 383/383 389/389 386/386
f 121/121 118/118 385/385
f 388/388 302/302 307/307
f 289/289 159/159 373/373
f 377/377 390/390 381/381
f 381/381 390/390 391/391
f 392/392 130/130 121/121
f 160/160 167/167 159/159
f 381/381 383/383 376/376
f 383/383 381/381 391/391
f 393/393 223/223 380/380
f 167/167 373/373 159/159
f 380/380 302/302 394/394
f 223/223 393/393 63/63
f 395/395 389/389 383/383
f 396/396 389/389 397/397
f 389/389 395/395 397/397
f 372/372 373/373 167/167
f 393/393 380/380 394/394
f 372/372 384/384 373/373
f 395/395 383/383 391/391
f 168/168 372/372 167/167
f 394/394 302/302 13/13
f 13/13 302/302 388/388
f 13/13 388/388 14/14
f 389/389 387/387 386/386
f 384/384 372/372 371/371
f 394/394 13/13 398/398
f 387/387 389/389 399/399
f 399/399 389/389 400/400
f 401/401 338/338 308/308
f 385/385 116/116 402/402
f 402/402 116/116 163/163
f 403/403 404/404 379/379
f 405/405 163/163 165/165
f 402/402 163/163 405/405
f 403/403 401/401 404/404
f 406/406 79/79 407/407
f 14/14 388/388 313/313
f 404/404 308/308 378/378
f 406/406 407/407 399/399
f 404/404 401/401 308/308
f 379/379 404/404 378/378
f 400/400 406/406 399/399
f 14/14 313/313 374/374
f 346/346 341/341 338/338
f 406/406 400/400 408/408
f 347/347 346/346 409/409
f 346/346 7/7 409/409
f 410/410 121/121 385/385
f 338/338 7/7 346/346
f 392/392 121/121 410/410
f 411/411 400/400 396/396
f 396/396 400/400 389/389
f 338/338 401/401 412/412
f 412/412 401/401 403/403
f 412/412 403/403 413/413
f 414/414 7/7 412/412
f 338/338 412/412 7/7
f 408/408 400/400 415/415
f 400/400 411/411 415/415
f 14/14 374/374 416/416
f 417/417 413/413 403/403
f 399/399 407/407 417/417
f 418/418 408/408 415/415
f 384/384 417/417 379/379
f 417/417 403/403 379/379
f 415/415 411/411 418/418
f 19/19 14/14 416/416
f 387/387 417/417 384/384
f 417/417 387/387 399/399
f 417/417 419/419 413/413
f 417/417 407/407 419/419
f 1/1 217/217 231/231
f 413/413 414/414 412/412
f 313/313 362/362 374/374
f 407/407 79/79 419/419
f 396/396 397/397 411/411
f 416/416 374/374 420/420
f 421/421 129/129 125/125
f 422/422 155/155 319/319
f 423/423 322/322 314/314
f 323/323 423/423 314/314
f 424/424 421/421 125/125
f 322/322 423/423 425/425
f 426/426 319/319 322/322
f 426/426 422/422 319/319
f 424/424 427/427 421/421
f 181/181 155/155 422/422
f 427/427 428/428 421/421
f 429/429 428/428 427/427
f 426/426 322/322 425/425
f 430/430 425/425 423/423
f 229/229 238/238 124/124
f 431/431 395/395 391/391
f 432/432 423/423 323/323
f 433/433 434/434 217/217
f 395/395 435/435 436/436
f 435/435 395/395 431/431
f 437/437 434/434 433/433
f 430/430 423/423 432/432
f 124/124 238/238 132/132
f 430/430 432/432 438/438
f 439/439 435/435 440/440
f 181/181 180/180 155/155
f 435/435 431/431 441/441
f 424/424 125/125 132/132
f 441/441 440/440 435/435
f 323/323 357/357 432/432
f 427/427 424/424 132/132
f 442/442 426/426 425/425
f 440/440 441/441 443/443
f 440/440 443/443 444/444
f 445/445 130/130 446/446
f 422/422 447/447 185/185
f 446/446 448/448 445/445
f 422/422 449/449 447/447
f 450/450 418/418 411/411
f 442/442 422/422 426/426
f 449/449 422/422 442/442
f 395/395 436/436 397/397
f 425/425 451/451 442/442
f 452/452 442/442 451/451
f 436/436 411/411 397/397
f 442/442 452/452 449/449
f 425/425 430/430 438/438
f 446/446 392/392 453/453
f 429/429 427/427 132/132
f 436/436 435/435 439/439
f 436/436 439/439 454/454
f 446/446 130/130 392/392
f 451/451 425/425 438/438
f 276/276 429/429 132/132
f 450/450 411/411 436/436
f 451/451 438/438 455/455
f 456/456 129/129 421/421
f 456/456 178/178 129/129
f 436/436 457/457 450/450
f 185/185 181/181 422/422
f 454/454 457/457 436/436
f 447/447 192/192 185/185
f 457/457 454/454 458/458
f 428/428 456/456 421/421
f 440/440 454/454 439/439
f 459/459 192/192 447/447
f 193/193 192/192 459/459
f 460/460 454/454 444/444
f 440/440 444/444 454/454
f 432/432 357/357 461/461
f 461/461 357/357 358/358
f 178/178 462/462 188/188
f 432/432 461/461 463/463
f 454/454 460/460 458/458
f 464/464 458/458 460/460
f 465/465 448/448 446/446
f 466/466 178/178 456/456
f 466/466 462/462 178/178
f 445/445 217/217 130/130
f 445/445 433/433 217/217
f 428/428 429/429 456/456
f 457/457 467/467 450/450
f 468/468 456/456 429/429
f 467/467 469/469 450/450
f 458/458 467/467 457/457
f 456/456 468/468 466/466
f 461/461 358/358 364/364
f 429/429 470/470 468/468
f 461/461 364/364 471/471
f 438/438 432/432 463/463
f 472/472 391/391 390/390
f 437/437 473/473 474/474
f 391/391 472/472 475/475
f 476/476 462/462 466/466
f 470/470 476/476 466/466
f 470/470 466/466 468/468
f 475/475 431/431 391/391
f 477/477 462/462 476/476
f 473/473 433/433 445/445
f 475/475 478/478 479/479
f 473/473 437/437 433/433
f 475/475 480/480 431/431
f 481/481 470/470 429/429
f 438/438 463/463 482/482
f 483/483 481/481 429/429
f 484/484 470/470 481/481
f 476/476 470/470 484/484
f 484/484 477/477 476/476
f 479/479 480/480 475/475
f 483/483 484/484 481/481
f 463/463 461/461 471/471
f 448/448 473/473 445/445
f 276/276 132/132 238/238
f 473/473 448/448 485/485
f 463/463 471/471 486/486
f 480/480 441/441 431/431
f 487/487 441/441 480/480
f 443/443 441/441 487/487
f 352/352 488/488 363/363
f 363/363 488/488 489/489
f 79/79 406/406 490/490
f 485/485 491/491 473/473
f 79/79 490/490 78/78
f 408/408 490/490 406/406
f 408/408 492/492 490/490
f 493/493 363/363 489/489
f 492/492 494/494 490/490
f 490/490 494/494 87/87
f 78/78 490/490 87/87
f 495/495 496/496 489/489
f 340/340 334/334 333/333
f 497/497 489/489 496/496
f 492/492 408/408 498/498
f 494/494 492/492 498/498
f 494/494 498/498 87/87
f 5/5 409/409 7/7
f 252/252 276/276 62/62
f 347/8208 409/8209 352/352
f 262/262 252/252 62/62
f 5/5 4/4 409/409
f 498/498 408/408 418/418
f 352/352 409/8209 499/499
f 499/499 409/8209 4/8195
f 418/418 500/500 498/498
f 501/501 361/361 340/340
f 352/352 499/499 488/488
f 340/340 361/361 334/334
f 251/251 276/276 252/252
f 501/501 369/369 361/361
f 87/87 502/502 89/89
f 87/87 498/498 502/502
f 498/498 500/500 502/502
f 499/499 4/8195 24/24
f 4/8195 6/8196 24/24
f 501/501 503/503 369/369
f 504/504 366/366 505/505
f 504/504 382/382 366/366
f 488/488 499/499 495/495
f 506/506 500/500 418/418
f 418/418 507/507 506/506
f 503/503 505/505 369/369
f 495/495 499/499 24/24
f 507/507 418/418 450/450
f 508/508 483/483 429/429
f 505/505 509/509 504/504
f 505/505 366/366 369/369
f 30/30 414/414 413/413
f 30/30 11/11 414/414
f 11/11 7/7 414/414
f 413/413 419/419 30/30
f 509/509 505/505 503/503
f 510/510 509/509 503/503
f 97/97 89/89 502/502
f 30/30 419/419 79/79
f 508/508 511/511 483/483
f 502/502 500/500 506/506
f 340/340 512/512 513/513
f 501/501 340/340 503/503
f 489/489 488/488 495/495
f 513/513 503/503 340/340
f 506/506 97/97 502/502
f 506/506 126/126 97/97
f 514/514 126/126 506/506
f 270/270 511/511 508/508
f 515/515 126/126 514/514
f 516/516 506/506 507/507
f 517/517 496/496 495/495
f 517/517 518/518 496/496
f 269/269 519/519 511/511
f 450/450 520/520 507/507
f 521/521 24/24 45/8198
f 509/509 510/510 522/522
f 45/8198 523/523 521/521
f 269/269 511/511 270/270
f 510/510 503/503 522/522
f 522/522 503/503 513/513
f 521/521 495/495 24/24
f 495/495 521/521 517/517
f 508/508 429/429 276/276
f 516/516 524/524 506/506
f 508/508 276/276 251/251
f 524/524 514/514 506/506
f 523/523 45/8198 72/72
f 513/513 525/525 522/522
f 526/526 523/523 72/72
f 527/527 524/524 516/516
f 516/516 507/507 527/527
f 524/524 527/527 528/528
f 514/514 524/524 529/529
f 508/508 251/251 270/270
f 529/529 515/515 514/514
f 528/528 529/529 524/524
f 469/469 520/520 450/450
f 467/467 520/520 469/469
f 467/467 530/530 520/520
f 507/507 520/520 530/530
f 526/526 72/72 76/76
f 140/140 128/128 123/123
f 126/126 515/515 123/123
f 123/123 515/515 531/531
f 140/140 123/123 531/531
f 532/532 135/135 70/70
f 517/517 521/521 523/523
f 517/517 523/523 533/533
f 531/531 534/534 140/140
f 69/69 532/532 70/70
f 518/518 517/517 533/533
f 69/69 535/535 532/532
f 536/536 133/133 135/135
f 532/532 536/536 135/135
f 537/537 513/513 512/512
f 536/536 143/143 133/133
f 534/534 531/531 515/515
f 533/533 523/523 526/526
f 534/534 134/134 140/140
f 538/538 513/513 539/539
f 537/537 539/539 513/513
f 536/536 532/532 540/540
f 540/540 532/532 535/535
f 533/533 526/526 541/541
f 533/533 541/541 542/542
f 69/69 543/543 535/535
f 515/515 529/529 534/534
f 544/544 534/534 529/529
f 364/364 363/363 493/493
f 545/545 546/546 534/534
f 231/231 217/217 434/434
f 547/547 493/493 497/497
f 364/364 493/493 471/471
f 546/546 134/134 534/534
f 340/340 231/231 434/434
f 548/548 134/134 546/546
f 145/145 134/134 548/548
f 471/471 493/493 547/547
f 493/493 489/489 497/497
f 497/497 496/496 549/549
f 549/549 496/496 518/518
f 141/141 143/143 176/176
f 474/474 434/434 437/437
f 547/547 497/497 550/550
f 550/550 497/497 549/549
f 460/460 444/444 443/443
f 551/551 143/143 536/536
f 486/486 471/471 552/552
f 177/177 176/176 553/553
f 340/340 434/434 512/512
f 553/553 186/186 177/177
f 434/434 474/474 512/512
f 460/460 554/554 464/464
f 553/553 191/191 186/186
f 547/547 550/550 552/552
f 552/552 471/471 547/547
f 143/143 553/553 176/176
f 555/555 552/552 550/550
f 556/556 553/553 143/143
f 464/464 554/554 557/557
f 556/556 143/143 551/551
f 558/558 191/191 553/553
f 559/559 558/558 553/553
f 556/556 559/559 553/553
f 458/458 560/560 467/467
f 464/464 560/560 458/458
f 550/550 549/549 561/561
f 555/555 550/550 561/561
f 540/540 551/551 536/536
f 557/557 560/560 464/464
f 562/562 560/560 557/557
f 563/563 555/555 561/561
f 560/560 562/562 564/564
f 563/563 561/561 565/565
f 566/566 518/518 567/567
f 568/568 569/569 554/554
f 566/566 549/549 518/518
f 557/557 554/554 569/569
f 569/569 562/562 557/557
f 570/570 564/564 562/562
f 569/569 570/570 562/562
f 571/571 566/566 567/567
f 572/572 540/540 535/535
f 569/569 573/573 570/570
f 491/491 474/474 473/473
f 535/535 543/543 574/574
f 561/561 549/549 566/566
f 491/491 575/575 474/474
f 568/568 573/573 569/569
f 561/561 566/566 571/571
f 576/576 573/573 568/568
f 561/561 571/571 577/577
f 576/576 578/578 579/579
f 487/487 480/480 479/479
f 487/487 479/479 580/580
f 575/575 512/512 474/474
f 575/575 537/537 512/512
f 565/565 561/561 577/577
f 479/479 581/581 580/580
f 582/582 574/574 583/583
f 584/584 580/580 581/581
f 577/577 571/571 585/585
f 574/574 572/572 535/535
f 487/487 580/580 586/586
f 587/587 487/487 586/586
f 588/588 577/577 589/589
f 589/589 577/577 585/585
f 572/572 574/574 582/582
f 567/567 518/518 533/533
f 443/443 487/487 590/590
f 443/443 590/590 460/460
f 591/591 537/537 575/575
f 587/587 590/590 487/487
f 567/567 533/533 571/571
f 571/571 533/533 542/542
f 584/584 586/586 580/580
f 586/586 584/584 592/592
f 585/585 571/571 542/542
f 593/593 594/594 595/595
f 596/596 594/594 593/593
f 586/586 592/592 597/597
f 598/598 572/572 599/599
f 600/600 601/601 602/602
f 586/586 597/597 603/603
f 599/599 572/572 582/582
f 604/604 600/600 455/455
f 605/605 606/606 590/590
f 605/605 590/590 587/587
f 600/600 607/607 608/608
f 609/609 600/600 604/604
f 610/610 593/593 595/595
f 582/582 611/611 599/599
f 607/607 600/600 609/609
f 609/609 604/604 612/612
f 587/587 586/586 613/613
f 587/587 613/613 605/605
f 586/586 603/603 613/613
f 614/614 608/608 607/607
f 615/615 608/608 614/614
f 616/616 596/596 593/593
f 460/460 590/590 554/554
f 609/609 612/612 617/617
f 606/606 554/554 590/590
f 554/554 606/606 568/568
f 618/618 615/615 614/614
f 321/321 619/619 620/620
f 620/620 324/324 321/321
f 619/619 621/621 620/620
f 617/617 607/607 609/609
f 614/614 607/607 617/617
f 605/605 622/622 606/606
f 623/623 620/620 621/621
f 624/624 617/617 625/625
f 626/626 618/618 627/627
f 623/623 621/621 628/628
f 614/614 629/629 627/627
f 629/629 614/614 617/617
f 627/627 618/618 614/614
f 630/630 631/631 628/628
f 629/629 617/617 624/624
f 632/632 624/624 625/625
f 629/629 624/624 627/627
f 10/10 627/627 624/624
f 10/10 626/626 627/627
f 597/597 633/633 634/634
f 635/635 190/190 191/191
f 605/605 636/636 622/622
f 190/190 619/619 321/321
f 635/635 619/619 190/190
f 634/634 603/603 597/597
f 559/559 191/191 558/558
f 613/613 603/603 636/636
f 613/613 636/636 605/605
f 559/559 637/637 191/191
f 638/638 604/604 639/639
f 637/637 635/635 191/191
f 612/612 604/604 638/638
f 640/640 616/616 593/593
f 637/637 621/621 635/635
f 625/625 617/617 612/612
f 621/621 619/619 635/635
f 641/641 603/603 634/634
f 637/637 642/642 621/621
f 643/643 641/641 634/634
f 644/644 612/612 638/638
f 644/644 645/645 612/612
f 642/642 637/637 559/559
f 559/559 556/556 642/642
f 646/646 556/556 551/551
f 647/647 592/592 648/648
f 646/646 551/551 540/540
f 649/649 616/616 640/640
f 650/650 651/651 644/644
f 646/646 652/652 556/556
f 653/653 644/644 651/651
f 647/647 597/597 592/592
f 625/625 612/612 645/645
f 628/628 621/621 642/642
f 597/597 647/647 633/633
f 654/654 625/625 645/645
f 654/654 645/645 655/655
f 656/656 633/633 647/647
f 640/640 593/593 610/610
f 652/652 642/642 556/556
f 634/634 633/633 643/643
f 630/630 628/628 642/642
f 642/642 652/652 630/630
f 657/657 643/643 633/633
f 656/656 657/657 633/633
f 632/632 625/625 658/658
f 658/658 625/625 654/654
f 653/653 655/655 644/644
f 644/644 655/655 645/645
f 656/656 659/659 657/657
f 660/660 360/360 324/324
f 657/657 659/659 661/661
f 657/657 661/661 662/662
f 662/662 661/661 663/663
f 647/647 659/659 656/656
f 324/324 620/620 660/660
f 655/655 653/653 664/664
f 659/659 665/665 666/666
f 643/643 657/657 662/662
f 620/620 623/623 660/660
f 667/667 360/360 660/660
f 643/643 662/662 668/668
f 623/623 667/667 660/660
f 360/360 367/367 359/359
f 664/664 653/653 669/669
f 664/664 669/669 670/670
f 649/649 640/640 671/671
f 636/636 578/578 606/606
f 667/667 367/367 360/360
f 653/653 651/651 669/669
f 667/667 368/368 367/367
f 636/636 606/606 622/622
f 672/672 368/368 667/667
f 649/649 671/671 673/673
f 636/636 674/674 578/578
f 636/636 603/603 641/641
f 631/631 675/675 628/628
f 676/676 568/568 606/606
f 675/675 667/667 623/623
f 677/677 670/670 669/669
f 606/606 578/578 676/676
f 576/576 568/568 676/676
f 675/675 623/623 628/628
f 677/677 669/669 678/678
f 676/676 578/578 576/576
f 631/631 630/630 679/679
f 641/641 674/674 636/636
f 643/643 674/674 641/641
f 675/675 672/672 667/667
f 459/459 447/447 680/680
f 681/681 672/672 675/675
f 680/680 447/447 449/449
f 682/682 681/681 675/675
f 680/680 449/449 683/683
f 452/452 683/683 449/449
f 643/643 668/668 674/674
f 679/679 675/675 631/631
f 684/684 680/680 683/683
f 682/682 675/675 679/679
f 674/674 668/668 685/685
f 686/686 578/578 674/674
f 455/455 452/452 451/451
f 646/646 540/540 687/687
f 452/452 455/455 602/602
f 688/688 519/519 689/689
f 579/579 578/578 686/686
f 674/674 685/685 686/686
f 572/572 598/598 540/540
f 601/601 452/452 602/602
f 683/683 452/452 601/601
f 687/687 540/540 598/598
f 690/690 269/269 292/292
f 685/685 691/691 686/686
f 691/691 685/685 692/692
f 693/693 269/269 690/690
f 530/530 527/527 507/507
f 527/527 530/530 694/694
f 693/693 690/690 695/695
f 695/695 690/690 292/292
f 527/527 694/694 528/528
f 646/646 696/696 652/652
f 193/193 459/459 697/697
f 680/680 697/697 459/459
f 680/680 684/684 698/698
f 680/680 698/698 697/697
f 693/693 519/519 269/269
f 519/519 693/693 689/689
f 698/698 699/699 697/697
f 255/255 193/193 697/697
f 700/700 696/696 646/646
f 687/687 700/700 646/646
f 701/701 693/693 695/695
f 702/702 683/683 703/703
f 528/528 704/704 529/529
f 705/705 702/702 703/703
f 706/706 687/687 598/598
f 702/702 698/698 684/684
f 702/702 684/684 683/683
f 528/528 707/707 704/704
f 705/705 699/699 702/702
f 708/708 699/699 705/705
f 615/615 705/705 703/703
f 709/709 705/705 615/615
f 710/710 711/711 688/688
f 560/560 530/530 467/467
f 708/708 705/705 709/709
f 703/703 683/683 601/601
f 703/703 601/601 600/600
f 602/602 455/455 600/600
f 608/608 703/703 600/600
f 570/570 530/530 560/560
f 570/570 560/560 564/564
f 706/706 598/598 712/712
f 703/703 608/608 615/615
f 713/713 530/530 570/570
f 699/699 698/698 702/702
f 699/699 714/714 697/697
f 714/714 699/699 708/708
f 715/715 710/710 688/688
f 713/713 694/694 530/530
f 715/715 716/716 710/710
f 259/259 255/255 697/697
f 714/714 259/259 697/697
f 280/280 714/714 708/708
f 708/708 717/717 280/280
f 708/708 29/29 717/717
f 688/688 689/689 715/715
f 682/682 679/679 718/718
f 455/455 438/438 482/482
f 570/570 573/573 713/713
f 482/482 463/463 719/719
f 679/679 720/720 718/718
f 721/721 713/713 573/573
f 720/720 679/679 630/630
f 720/720 630/630 696/696
f 722/722 720/720 696/696
f 700/700 722/722 696/696
f 486/486 719/719 463/463
f 723/723 528/528 694/694
f 694/694 713/713 723/723
f 528/528 723/723 707/707
f 721/721 723/723 713/713
f 486/486 724/724 719/719
f 707/707 725/725 704/704
f 726/726 725/725 707/707
f 727/727 707/707 723/723
f 700/700 728/728 729/729
f 700/700 729/729 722/722
f 730/730 724/724 731/731
f 696/696 630/630 652/652
f 707/707 727/727 726/726
f 727/727 732/732 726/726
f 733/733 701/701 695/695
f 534/534 544/544 545/545
f 529/529 704/704 544/544
f 604/604 455/455 482/482
f 482/482 719/719 730/730
f 700/700 687/687 706/706
f 546/546 545/545 734/734
f 546/546 734/734 735/735
f 482/482 730/730 639/639
f 544/544 734/734 545/545
f 639/639 604/604 482/482
f 704/704 725/725 544/544
f 701/701 689/689 693/693
f 725/725 734/734 544/544
f 730/730 719/719 724/724
f 701/701 733/733 736/736
f 706/706 737/737 700/700
f 734/734 725/725 738/738
f 730/730 731/731 739/739
f 728/728 700/700 737/737
f 740/740 548/548 546/546
f 639/639 730/730 638/638
f 546/546 735/735 741/741
f 638/638 730/730 739/739
f 735/735 742/742 741/741
f 743/743 611/611 582/582
f 743/743 744/744 611/611
f 714/714 268/268 259/259
f 733/733 695/695 292/292
f 268/268 714/714 280/280
f 267/267 268/268 280/280
f 733/733 292/292 355/355
f 29/29 708/708 709/709
f 742/742 735/735 734/734
f 745/745 611/611 744/744
f 742/742 746/746 741/741
f 736/736 733/733 355/355
f 738/738 742/742 734/734
f 626/626 709/709 615/615
f 747/747 744/744 743/743
f 748/748 742/742 738/738
f 626/626 615/615 618/618
f 749/749 744/744 747/747
f 749/749 745/745 744/744
f 750/750 746/746 742/742
f 626/626 29/29 709/709
f 726/726 738/738 725/725
f 717/717 751/751 280/280
f 738/738 726/726 752/752
f 747/747 753/753 749/749
f 754/754 749/749 753/753
f 751/751 717/717 29/29
f 573/573 755/755 721/721
f 755/755 756/756 721/721
f 716/716 754/754 753/753
f 573/573 576/576 579/579
f 736/736 689/689 701/701
f 9/9 29/29 626/626
f 573/573 579/579 755/755
f 579/579 757/757 755/755
f 712/712 598/598 599/599
f 723/723 721/721 727/727
f 745/745 712/712 599/599
f 10/10 9/9 626/626
f 721/721 756/756 727/727
f 745/745 599/599 611/611
f 756/756 758/758 727/727
f 759/759 715/715 689/689
f 727/727 758/758 732/732
f 28/28 760/760 29/29
f 732/732 758/758 761/761
f 762/762 706/706 712/712
f 760/760 751/751 29/29
f 759/759 689/689 763/763
f 757/757 579/579 691/691
f 764/764 755/755 757/757
f 765/765 762/762 712/712
f 689/689 736/736 763/763
f 712/712 745/745 765/765
f 764/764 757/757 766/766
f 764/764 756/756 755/755
f 736/736 767/767 763/763
f 758/758 756/756 764/764
f 768/768 758/758 764/764
f 638/638 739/739 650/650
f 644/644 638/638 650/650
f 758/758 768/768 761/761
f 745/745 769/769 765/765
f 749/749 769/769 745/745
f 751/751 283/283 280/280
f 283/283 279/279 280/280
f 742/742 748/748 750/750
f 726/726 732/732 752/752
f 769/769 770/770 765/765
f 70/70 751/751 760/760
f 715/715 595/595 716/716
f 732/732 761/761 752/752
f 70/70 283/283 751/751
f 752/752 761/761 771/771
f 748/748 738/738 752/752
f 771/771 748/748 752/752
f 706/706 762/762 737/737
f 70/70 760/760 28/28
f 715/715 759/759 595/595
f 765/765 770/770 762/762
f 762/762 772/772 737/737
f 772/772 762/762 770/770
f 724/724 486/486 773/773
f 761/761 774/774 771/771
f 552/552 773/773 486/486
f 768/768 775/775 761/761
f 776/776 772/772 770/770
f 774/774 761/761 775/775
f 759/759 610/610 595/595
f 772/772 728/728 737/737
f 724/724 773/773 731/731
f 748/748 771/771 777/777
f 777/777 771/771 778/778
f 774/774 778/778 771/771
f 779/779 770/770 769/769
f 555/555 773/773 552/552
f 686/686 691/691 579/579
f 563/563 773/773 555/555
f 780/780 776/776 770/770
f 772/772 776/776 781/781
f 640/640 610/610 759/759
f 782/782 728/728 772/772
f 165/165 156/156 173/173
f 385/385 402/402 405/405
f 783/783 731/731 773/773
f 784/784 731/731 783/783
f 410/410 385/385 405/405
f 405/405 785/785 410/410
f 785/785 405/405 165/165
f 776/776 780/780 781/781
f 786/786 165/165 173/173
f 731/731 784/784 739/739
f 786/786 173/173 179/179
f 165/165 786/786 785/785
f 759/759 763/763 787/787
f 749/749 754/754 769/769
f 783/783 773/773 563/563
f 788/788 769/769 754/754
f 789/789 410/410 785/785
f 788/788 754/754 716/716
f 790/790 783/783 563/563
f 787/787 671/671 759/759
f 392/392 410/410 789/789
f 640/640 759/759 671/671
f 791/791 785/785 786/786
f 791/791 789/789 785/785
f 779/779 769/769 788/788
f 786/786 792/792 791/791
f 793/793 786/786 179/179
f 793/793 179/179 794/794
f 795/795 779/779 788/788
f 792/792 786/786 793/793
f 565/565 577/577 588/588
f 796/796 792/792 793/793
f 796/796 793/793 794/794
f 595/595 788/788 716/716
f 797/797 789/789 798/798
f 594/594 788/788 595/595
f 799/799 795/795 788/788
f 800/800 565/565 588/588
f 791/791 798/798 789/789
f 797/797 392/392 789/789
f 596/596 795/795 799/799
f 453/453 797/797 798/798
f 594/594 799/799 788/788
f 382/382 736/736 355/355
f 594/594 596/596 799/799
f 797/797 453/453 392/392
f 509/509 382/382 504/504
f 791/791 792/792 801/801
f 780/780 770/770 779/779
f 802/802 382/382 509/509
f 801/801 792/792 803/803
f 790/790 563/563 565/565
f 804/804 736/736 382/382
f 803/803 792/792 796/796
f 780/780 779/779 805/805
f 806/806 791/791 801/801
f 804/804 767/767 736/736
f 806/806 798/798 791/791
f 382/382 802/802 804/804
f 790/790 565/565 807/807
f 807/807 565/565 800/800
f 795/795 805/805 779/779
f 453/453 798/798 806/806
f 805/805 795/795 596/596
f 803/803 808/808 801/801
f 802/802 509/509 522/522
f 809/809 780/780 805/805
f 522/522 525/525 802/802
f 807/807 800/800 810/810
f 650/650 739/739 784/784
f 783/783 811/811 784/784
f 651/651 784/784 811/811
f 651/651 650/650 784/784
f 651/651 811/811 678/678
f 804/804 802/802 525/525
f 669/669 651/651 678/678
f 812/812 806/806 801/801
f 806/806 813/813 453/453
f 812/812 813/813 806/806
f 814/814 812/812 801/801
f 525/525 815/815 804/804
f 790/790 811/811 783/783
f 814/814 801/801 808/808
f 815/815 767/767 804/804
f 816/816 453/453 813/813
f 816/816 813/813 812/812
f 816/816 812/812 817/817
f 616/616 805/805 596/596
f 818/818 814/814 808/808
f 819/819 805/805 616/616
f 809/809 805/805 819/819
f 820/820 8/8 10/10
f 201/201 678/678 202/202
f 767/767 821/821 763/763
f 543/543 69/69 162/162
f 632/632 822/822 624/624
f 822/822 632/632 658/658
f 811/811 790/790 678/678
f 658/658 654/654 655/655
f 823/823 678/678 790/790
f 824/824 624/624 822/822
f 820/820 10/10 624/624
f 824/824 820/820 624/624
f 825/825 821/821 767/767
f 826/826 827/827 543/543
f 828/828 822/822 658/658
f 826/826 543/543 162/162
f 828/828 658/658 829/829
f 583/583 827/827 826/826
f 827/827 574/574 543/543
f 658/658 655/655 664/664
f 830/830 658/658 664/664
f 831/831 821/821 825/825
f 829/829 658/658 830/830
f 790/790 807/807 823/823
f 830/830 664/664 670/670
f 830/830 670/670 832/832
f 826/826 162/162 184/184
f 833/833 823/823 807/807
f 833/833 807/807 810/810
f 583/583 826/826 184/184
f 834/834 829/829 830/830
f 834/834 830/830 832/832
f 824/824 822/822 828/828
f 202/202 678/678 823/823
f 835/835 583/583 184/184
f 836/836 828/828 837/837
f 583/583 574/574 827/827
f 824/824 838/838 839/839
f 824/824 828/828 836/836
f 582/582 583/583 835/835
f 836/836 838/838 824/824
f 828/828 829/829 840/840
f 828/828 840/840 837/837
f 837/837 840/840 841/841
f 202/202 823/823 842/842
f 841/841 840/840 843/843
f 833/833 842/842 823/823
f 841/841 843/843 844/844
f 835/835 184/184 188/188
f 839/839 820/820 824/824
f 538/538 815/815 525/525
f 839/839 8/8 820/820
f 202/202 842/842 210/210
f 845/845 188/188 462/462
f 829/829 834/834 840/840
f 846/846 815/815 538/538
f 836/836 847/847 838/838
f 847/847 848/848 838/838
f 849/849 174/174 225/225
f 835/835 188/188 850/850
f 848/848 839/839 838/838
f 188/188 845/845 850/850
f 513/513 538/538 525/525
f 168/168 174/174 851/851
f 743/743 835/835 850/850
f 850/850 845/845 852/852
f 743/743 850/850 852/852
f 847/847 836/836 837/837
f 847/847 837/837 841/841
f 174/174 849/849 851/851
f 851/851 377/377 168/168
f 853/853 462/462 477/477
f 853/853 845/845 462/462
f 851/851 854/854 390/390
f 841/841 844/844 847/847
f 855/855 856/856 847/847
f 222/222 857/857 225/225
f 226/226 857/857 222/222
f 855/855 847/847 858/858
f 848/848 847/847 856/856
f 849/849 225/225 857/857
f 859/859 860/860 849/849
f 847/847 844/844 858/858
f 857/857 859/859 849/849
f 861/861 853/853 477/477
f 851/851 849/849 860/860
f 851/851 860/860 854/854
f 377/377 851/851 390/390
f 845/845 853/853 862/862
f 390/390 854/854 863/863
f 839/839 848/848 8/8
f 864/864 846/846 538/538
f 865/865 862/862 853/853
f 229/229 8/8 848/848
f 862/862 852/852 845/845
f 854/854 866/866 863/863
f 863/863 472/472 390/390
f 124/124 42/42 8/8
f 854/854 860/860 867/867
f 743/743 582/582 835/835
f 867/867 866/866 854/854
f 228/228 229/229 848/848
f 868/868 869/869 242/242
f 767/767 846/846 825/825
f 228/228 856/856 855/855
f 848/848 856/856 228/228
f 846/846 767/767 815/815
f 852/852 747/747 743/743
f 242/242 249/249 868/868
f 870/870 868/868 249/249
f 870/870 869/869 868/868
f 870/870 871/871 869/869
f 747/747 852/852 862/862
f 869/869 226/226 242/242
f 869/869 857/857 226/226
f 872/872 747/747 862/862
f 228/228 855/855 215/215
f 215/215 855/855 230/230
f 873/873 825/825 846/846
f 871/871 857/857 869/869
f 861/861 865/865 853/853
f 871/871 859/859 857/857
f 483/483 477/477 484/484
f 874/874 860/860 859/859
f 861/861 477/477 483/483
f 859/859 871/871 875/875
f 124/124 8/8 229/229
f 22/22 871/871 870/870
f 60/60 875/875 871/871
f 483/483 511/511 861/861
f 511/511 876/876 861/861
f 22/22 60/60 871/871
f 860/860 877/877 867/867
f 877/877 860/860 874/874
f 876/876 878/878 861/861
f 877/877 879/879 867/867
f 880/880 865/865 861/861
f 832/832 670/670 677/677
f 863/863 866/866 472/472
f 862/862 865/865 872/872
f 201/201 677/677 678/678
f 475/475 472/472 478/478
f 881/881 865/865 880/880
f 878/878 880/880 861/861
f 834/834 832/832 677/677
f 882/882 677/677 201/201
f 866/866 867/867 879/879
f 878/878 881/881 880/880
f 677/677 882/882 834/834
f 883/883 865/865 881/881
f 878/878 883/883 881/881
f 884/884 883/883 878/878
f 885/885 873/873 846/846
f 478/478 472/472 866/866
f 519/519 876/876 511/511
f 787/787 763/763 821/821
f 478/478 866/866 879/879
f 882/882 201/201 886/886
f 887/887 478/478 879/879
f 887/887 888/888 478/478
f 581/581 479/479 478/478
f 889/889 878/878 876/876
f 840/840 834/834 843/843
f 888/888 581/581 478/478
f 843/843 834/834 882/882
f 876/876 519/519 889/889
f 875/875 874/874 859/859
f 889/889 519/519 688/688
f 843/843 882/882 890/890
f 891/891 787/787 821/821
f 890/890 882/882 886/886
f 875/875 60/60 71/71
f 59/59 71/71 60/60
f 883/883 872/872 865/865
f 892/892 891/891 821/821
f 875/875 71/71 874/874
f 893/893 877/877 874/874
f 894/894 879/879 877/877
f 894/894 887/887 879/879
f 831/831 892/892 821/821
f 893/893 894/894 877/877
f 895/895 894/894 893/893
f 890/890 886/886 896/896
f 894/894 897/897 887/887
f 753/753 872/872 883/883
f 884/884 711/711 883/883
f 711/711 753/753 883/883
f 71/71 893/893 874/874
f 753/753 747/747 872/872
f 74/74 893/893 71/71
f 196/196 893/893 74/74
f 898/898 891/891 892/892
f 888/888 887/887 897/897
f 889/889 884/884 878/878
f 196/196 195/195 206/206
f 711/711 884/884 889/889
f 899/899 201/201 200/200
f 711/711 900/900 753/753
f 888/888 901/901 584/584
f 902/902 899/899 200/200
f 888/888 584/584 581/581
f 903/903 892/892 831/831
f 899/899 886/886 201/201
f 889/889 688/688 711/711
f 898/898 892/892 903/903
f 891/891 671/671 787/787
f 894/894 895/895 904/904
f 897/897 894/894 904/904
f 671/671 891/891 905/905
f 906/906 886/886 899/899
f 710/710 900/900 711/711
f 904/904 907/907 897/897
f 908/908 753/753 900/900
f 196/196 895/895 893/893
f 905/905 891/891 898/898
f 908/908 716/716 753/753
f 896/896 886/886 906/906
f 710/710 908/908 900/900
f 710/710 716/716 908/908
f 906/906 899/899 909/909
f 895/895 206/206 904/904
f 907/907 904/904 206/206
f 895/895 196/196 206/206
f 888/888 897/897 901/901
f 909/909 899/899 902/902
f 905/905 673/673 671/671
f 897/897 907/907 901/901
f 902/902 200/200 910/910
f 910/910 911/911 902/902
f 907/907 206/206 282/282
f 909/909 902/902 912/912
f 282/282 913/913 907/907
f 262/262 62/62 2/2
f 911/911 912/912 902/902
f 197/197 262/262 2/2
f 914/914 844/844 843/843
f 901/901 907/907 913/913
f 858/858 844/844 914/914
f 913/913 584/584 901/901
f 843/843 915/915 914/914
f 584/584 913/913 592/592
f 673/673 905/905 916/916
f 916/916 905/905 898/898
f 917/917 592/592 913/913
f 282/282 917/917 913/913
f 918/918 919/919 398/398
f 914/914 915/915 920/920
f 918/918 398/398 921/921
f 903/903 831/831 825/825
f 914/914 920/920 858/858
f 921/921 922/922 918/918
f 922/922 923/923 918/918
f 921/921 398/398 44/44
f 44/44 398/398 15/15
f 903/903 825/825 873/873
f 393/393 394/394 919/919
f 923/923 393/393 919/919
f 282/282 248/248 648/648
f 915/915 843/843 890/890
f 923/923 63/63 393/393
f 917/917 282/282 648/648
f 592/592 917/917 648/648
f 920/920 915/915 890/890
f 920/920 890/890 896/896
f 923/923 919/919 918/918
f 3/3 63/63 923/923
f 924/924 920/920 896/896
f 924/924 896/896 925/925
f 230/230 855/855 318/318
f 286/286 648/648 248/248
f 318/318 855/855 858/858
f 394/394 398/398 919/919
f 318/318 858/858 920/920
f 648/648 286/286 647/647
f 15/15 398/398 13/13
f 3/3 923/923 922/922
f 926/926 922/922 921/921
f 922/922 926/926 3/3
f 921/921 927/927 926/926
f 326/326 920/920 924/924
f 928/928 903/903 873/873
f 927/927 921/921 44/44
f 318/318 920/920 326/326
f 92/92 926/926 927/927
f 647/647 286/286 665/665
f 46/46 927/927 44/44
f 285/285 665/665 286/286
f 926/926 101/101 3/3
f 95/95 3/3 101/101
f 665/665 659/659 647/647
f 92/92 927/927 46/46
f 903/903 928/928 929/929
f 92/92 101/101 926/926
f 924/924 331/331 326/326
f 91/91 101/101 92/92
f 92/92 46/46 43/43
f 331/331 924/924 925/925
f 325/325 326/326 331/331
f 870/870 249/249 18/18
f 249/249 247/247 16/16
f 247/247 263/263 16/16
f 249/249 16/16 18/18
f 930/930 896/896 906/906
f 26/26 16/16 263/263
f 263/263 34/34 26/26
f 33/33 26/26 34/34
f 931/931 906/906 909/909
f 906/906 931/931 930/930
f 925/925 896/896 930/930
f 2/2 63/63 3/3
f 18/18 22/22 870/870
f 930/930 931/931 932/932
f 909/909 912/912 933/933
f 909/909 933/933 931/931
f 912/912 934/934 933/933
f 929/929 898/898 903/903
f 912/912 911/911 935/935
f 936/936 912/912 935/935
f 932/932 931/931 933/933
f 934/934 936/936 937/937
f 912/912 936/936 934/934
f 925/925 930/930 335/335
f 929/929 938/938 898/898
f 938/938 916/916 898/898
f 335/335 331/331 925/925
f 932/932 349/349 335/335
f 335/335 930/930 932/932
f 929/929 928/928 939/939
f 934/934 932/932 933/933
f 939/939 938/938 929/929
f 932/932 934/934 349/349
f 349/349 934/934 937/937
f 940/940 941/941 942/942
f 943/943 944/944 945/945
f 946/946 941/941 940/940
f 947/947 948/948 949/949
f 950/950 951/951 952/952
f 951/8211 950/8210 953/953
f 954/954 946/946 940/940
f 76/76 61/8200 955/955
f 61/61 55/55 956/956
f 957/957 943/943 958/958
f 952/952 956/956 55/55
f 952/952 55/55 66/66
f 957/957 944/944 943/943
f 941/941 959/959 960/960
f 957/957 961/961 944/944
f 951/951 956/956 952/952
f 962/962 946/946 963/963
f 941/941 960/960 947/947
f 955/955 956/8212 951/8211
f 955/955 61/8200 956/8212
f 963/963 946/946 964/964
f 961/961 957/957 965/965
f 966/966 944/944 961/961
f 76/76 955/955 967/967
f 959/959 941/941 968/968
f 967/967 955/955 969/969
f 963/963 964/964 970/970
f 961/961 965/965 971/971
f 971/971 965/965 972/972
f 973/973 951/8211 953/953
f 964/964 946/946 954/954
f 955/955 951/8211 973/973
f 941/941 974/974 968/968
f 975/975 976/976 940/940
f 977/977 973/973 953/953
f 954/954 940/940 976/976
f 978/978 941/941 947/947
f 979/979 954/954 976/976
f 964/964 954/954 970/970
f 980/980 981/981 945/945
f 979/979 970/970 954/954
f 955/955 973/973 969/969
f 969/969 973/973 982/982
f 983/983 984/984 980/980
f 985/985 980/980 945/945
f 944/944 985/985 945/945
f 973/973 977/977 982/982
f 944/944 966/966 985/985
f 986/986 963/963 987/987
f 966/966 988/988 985/985
f 989/989 986/986 987/987
f 990/990 977/977 991/991
f 988/988 966/966 992/992
f 978/978 947/947 949/949
f 983/983 980/980 985/985
f 993/993 994/994 995/995
f 993/993 995/995 986/986
f 996/996 997/997 998/998
f 952/952 999/999 1000/1000
f 992/992 1001/1001 988/988
f 1000/1000 950/950 952/952
f 1002/1002 993/993 986/986
f 950/950 1000/1000 1003/1003
f 996/996 998/998 1004/1004
f 996/996 1004/1004 1005/1005
f 961/961 992/992 966/966
f 992/992 961/961 971/971
f 1006/1006 1000/1000 999/999
f 1007/1007 996/996 1005/1005
f 1008/1008 1000/1000 1006/1006
f 1009/1009 971/971 972/972
f 1010/1010 1002/1002 986/986
f 1011/1011 1001/1001 992/992
f 989/989 1010/1010 986/986
f 1011/1011 992/992 971/971
f 1012/1012 1013/1013 1014/1014
f 1015/1015 993/993 1016/1016
f 66/66 999/999 952/952
f 131/131 999/999 66/66
f 993/993 1002/1002 1010/1010
f 1005/1005 1017/1017 1018/1018
f 66/66 106/106 131/131
f 1012/1012 1014/1014 1019/1019
f 1015/1015 1016/1016 1020/1020
f 993/993 1010/1010 1021/1021
f 999/999 131/131 1006/1006
f 1016/1016 993/993 1021/1021
f 1022/1022 1012/1012 1019/1019
f 1005/1005 1023/1023 1024/1024
f 1023/1023 1005/1005 1018/1018
f 131/131 112/112 1025/1025
f 1026/1026 1022/1022 1019/1019
f 1021/1021 1010/1010 989/989
f 1006/1006 131/131 1025/1025
f 1019/1019 1027/1027 1028/1028
f 1028/1028 1026/1026 1019/1019
f 1029/1029 1021/1021 989/989
f 989/989 987/987 1029/1029
f 1030/1030 1005/1005 1024/1024
f 112/112 138/138 1025/1025
f 1024/1024 1023/1023 1031/1031
f 987/987 963/963 1032/1032
f 1006/1006 1025/1025 1008/1008
f 1033/1033 1031/1031 1023/1023
f 1008/1008 1025/1025 1034/1034
f 1035/1035 1012/1012 1022/1022
f 1036/1036 1031/1031 1033/1033
f 1025/1025 1037/1037 1034/1034
f 1038/1038 1035/1035 1022/1022
f 1032/1032 963/963 970/970
f 1022/1022 1026/1026 1038/1038
f 1039/1039 1018/1018 1040/1040
f 953/953 950/8210 1003/8213
f 1041/1041 953/953 1003/8213
f 965/965 1035/1035 1038/1038
f 1039/1039 1042/1042 1043/1043
f 1041/1041 1003/8213 1044/1044
f 1045/1045 1041/1041 1044/1044
f 970/970 979/979 1046/1046
f 1047/1047 1018/1018 1039/1039
f 1048/1048 1026/1026 1028/1028
f 1000/1000 1049/1049 1003/1003
f 1046/1046 979/979 1050/1050
f 1047/1047 1023/1023 1018/1018
f 1051/1051 1048/1048 1028/1028
f 1048/1048 1038/1038 1026/1026
f 1032/1032 970/970 1046/1046
f 1003/1003 1049/1049 1044/8214
f 1047/1047 1039/1039 1043/1043
f 1052/1052 1044/8214 1049/1049
f 1053/1053 1047/1047 1043/1043
f 1054/1054 1048/1048 1051/1051
f 1055/1055 1052/1052 1049/1049
f 1052/8215 1056/1056 1057/1057
f 1058/1058 1056/1056 1052/8215
f 1052/8215 1057/1057 1044/1044
f 1029/1029 987/987 1032/1032
f 1045/1045 1044/1044 1057/1057
f 1057/1057 1059/1059 1045/1045
f 1059/1059 1057/1057 1056/1056
f 1043/1043 1042/1042 1060/1060
f 1029/1029 1032/1032 1061/1061
f 1045/1045 1059/1059 1062/1062
f 1055/1055 1000/1000 1008/1008
f 1055/1055 1049/1049 1000/1000
f 1008/1008 1063/1063 1055/1055
f 1043/1043 1060/1060 1064/1064
f 1055/1055 1058/8216 1052/1052
f 1065/1065 1028/1028 1066/1066
f 1028/1028 1065/1065 1051/1051
f 1061/1061 1032/1032 1046/1046
f 1064/1064 1060/1060 1067/1067
f 1055/1055 1063/1063 1058/8216
f 1056/1056 1058/1058 1068/1068
f 1069/1069 1053/1053 1043/1043
f 1059/1059 1056/1056 1062/1062
f 1069/1069 1043/1043 1070/1070
f 1041/1041 977/977 953/953
f 1071/1071 1061/1061 1046/1046
f 1072/1072 977/977 1041/1041
f 1073/1073 1051/1051 1065/1065
f 1064/1064 1067/1067 1074/1074
f 1070/1070 1043/1043 1064/1064
f 1075/1075 1070/1070 1064/1064
f 1072/1072 1041/1041 1076/1076
f 1073/1073 1065/1065 1077/1077
f 1023/1023 1047/1047 1078/1078
f 991/991 977/977 1072/1072
f 1079/1079 1073/1073 1077/1077
f 1080/1080 1078/1078 1047/1047
f 1081/1081 991/991 1072/1072
f 1076/1076 1041/1041 1045/1045
f 1033/1033 1023/1023 1078/1078
f 1072/1072 1076/1076 1081/1081
f 1081/1081 1076/1076 1082/1082
f 1076/1076 1045/1045 1083/1083
f 1083/1083 1045/1045 1062/1062
f 1083/1083 1082/1082 1076/1076
f 1047/1047 1053/1053 1080/1080
f 1082/1082 1083/1083 1084/1084
f 975/975 949/949 1085/1085
f 991/991 1081/1081 1086/1086
f 1087/1087 1088/1088 1080/1080
f 1089/1089 1081/1081 1082/1082
f 1080/1080 1053/1053 1087/1087
f 1087/1087 1053/1053 1069/1069
f 1086/1086 1081/1081 1089/1089
f 1090/1090 965/965 1038/1038
f 1082/1082 1084/1084 1089/1089
f 972/972 965/965 1090/1090
f 1091/1091 1078/1078 1080/1080
f 1063/1063 1008/1008 1034/1034
f 972/972 1090/1090 1009/1009
f 975/975 1085/1085 1092/1092
f 1009/1009 1090/1090 1093/1093
f 976/976 975/975 1094/1094
f 1094/1094 975/975 1092/1092
f 1038/1038 1048/1048 1090/1090
f 1095/1095 1083/1083 1062/1062
f 1096/1096 1094/1094 1092/1092
f 1091/1091 1080/1080 1088/1088
f 1091/1091 1088/1088 1087/1087
f 1090/1090 1048/1048 1054/1054
f 1097/1097 1056/1056 1068/1068
f 1056/1056 1097/1097 1062/1062
f 1054/1054 1051/1051 1098/1098
f 1084/1084 1083/1083 1095/1095
f 1099/1099 1085/1085 1100/1100
f 1090/1090 1054/1054 1093/1093
f 1095/1095 1062/1062 1097/1097
f 1101/1101 1084/1084 1102/1102
f 1102/1102 1084/1084 1095/1095
f 1075/1075 1069/1069 1070/1070
f 1092/1092 1085/1085 1099/1099
f 1103/1103 1102/1102 1095/1095
f 1104/1104 1087/1087 1069/1069
f 1105/1105 1104/1104 1069/1069
f 1106/1106 1094/1094 1107/1107
f 1105/1105 1069/1069 1075/1075
f 1025/1025 138/138 1037/1037
f 1108/1108 971/971 1009/1009
f 1106/1106 976/976 1094/1094
f 1109/1109 1009/1009 1093/1093
f 1110/1110 976/976 1106/1106
f 1050/1050 1110/1110 1106/1106
f 979/979 976/976 1110/1110
f 1050/1050 979/979 1110/1110
f 1078/1078 1111/1111 1033/1033
f 1111/1111 1078/1078 1091/1091
f 1037/1037 138/138 144/144
f 1112/1112 1106/1106 1107/1107
f 1113/1113 1111/1111 1091/1091
f 1094/1094 1096/1096 1114/1114
f 1092/1092 1114/1114 1096/1096
f 1113/1113 1091/1091 1087/1087
f 1115/1115 1093/1093 1054/1054
f 1107/1107 1094/1094 1114/1114
f 1115/1115 1054/1054 1116/1116
f 1114/1114 1092/1092 1099/1099
f 1117/1117 1114/1114 1099/1099
f 1113/1113 1087/1087 1118/1118
f 1116/1116 1119/1119 1115/1115
f 1117/1117 1120/1120 1114/1114
f 1117/1117 1099/1099 1120/1120
f 1120/1120 1099/1099 1121/1121
f 1034/1034 1037/1037 1122/1122
f 1109/1109 1093/1093 1115/1115
f 1107/1107 1114/1114 1120/1120
f 1098/1098 1051/1051 1073/1073
f 1123/1123 1122/1122 1037/1037
f 1104/1104 1118/1118 1087/1087
f 1120/1120 1124/1124 1107/1107
f 144/144 1125/1125 1037/1037
f 1118/1118 1104/1104 1105/1105
f 1098/1098 1073/1073 1126/1126
f 1127/1127 1118/1118 1105/1105
f 1054/1054 1098/1098 1116/1116
f 1100/1100 1128/1128 1129/1129
f 144/144 145/145 1125/1125
f 145/145 548/548 1125/1125
f 1116/1116 1098/1098 1126/1126
f 1116/1116 1126/1126 1130/1130
f 548/548 740/740 1125/1125
f 1126/1126 1073/1073 1079/1079
f 1099/1099 1100/1100 1129/1129
f 1123/1123 1037/1037 1125/1125
f 1121/1121 1099/1099 1129/1129
f 1121/1121 1129/1129 1131/1131
f 1132/1132 1126/1126 1079/1079
f 1123/1123 1125/1125 1133/1133
f 740/740 1133/1133 1125/1125
f 1130/1130 1126/1126 1132/1132
f 1134/1134 1135/1135 1127/1127
f 1129/1129 1136/1136 1131/1131
f 1113/1113 1118/1118 1127/1127
f 1131/1131 1136/1136 1137/1137
f 1137/1137 1136/1136 1138/1138
f 1034/1034 1122/1122 1063/1063
f 1139/1139 1116/1116 1130/1130
f 1113/1113 1127/1127 1135/1135
f 1129/1129 1113/1113 1135/1135
f 1058/1058 1140/1140 1068/1068
f 1058/8216 1063/1063 1140/8217
f 1119/1119 1116/1116 1141/1141
f 1068/1068 1140/1140 1142/1142
f 1141/1141 1116/1116 1143/1143
f 1144/1144 1135/1135 1134/1134
f 1121/1121 1131/1131 1145/1145
f 1139/1139 1143/1143 1116/1116
f 1135/1135 1144/1144 1146/1146
f 1122/1122 1140/8217 1063/1063
f 1147/1147 1143/1143 1139/1139
f 1122/1122 1123/1123 1148/1148
f 1148/1148 1140/8217 1122/1122
f 1142/1142 1140/1140 1148/8218
f 1121/1121 1149/1149 1120/1120
f 1136/1136 1129/1129 1135/1135
f 1150/1150 1124/1124 1120/1120
f 1150/1150 1120/1120 1149/1149
f 1142/1142 1151/1151 1068/1068
f 1138/1138 1136/1136 1135/1135
f 1138/1138 1135/1135 1146/1146
f 1149/1149 1121/1121 1145/1145
f 1097/1097 1068/1068 1152/1152
f 1150/1150 1149/1149 1145/1145
f 997/997 996/996 1153/1153
f 1007/1007 1153/1153 996/996
f 1152/1152 1068/1068 1151/1151
f 1154/1154 1097/1097 1152/1152
f 1030/1030 1153/1153 1007/1007
f 1103/1103 1095/1095 1097/1097
f 1154/1154 1103/1103 1097/1097
f 1007/1007 1005/1005 1030/1030
f 1155/1155 984/984 1156/1156
f 1157/1157 1131/1131 1137/1137
f 997/997 1153/1153 948/948
f 1158/1158 1145/1145 1131/1131
f 1158/1158 1131/1131 1159/1159
f 948/948 1153/1153 1030/1030
f 1159/1159 1145/1145 1158/1158
f 1159/1159 1131/1131 1157/1157
f 1156/1156 983/983 1160/1160
f 1161/1161 1030/1030 1024/1024
f 948/948 1030/1030 1161/1161
f 1151/1151 1142/1142 1162/1162
f 1162/1162 1163/1163 1151/1151
f 1164/1164 1148/1148 1123/1123
f 1112/1112 1050/1050 1106/1106
f 1148/8218 1165/1165 1142/1142
f 1165/1165 1148/8218 1164/8219
f 1166/1166 1165/1165 1164/8219
f 1046/1046 1050/1050 1112/1112
f 1165/1165 1162/1162 1142/1142
f 1071/1071 1046/1046 1112/1112
f 1167/1167 1123/1123 1133/1133
f 1168/1168 1107/1107 1124/1124
f 1164/1164 1123/1123 1167/1167
f 1169/1169 1156/1156 1160/1160
f 1036/1036 1161/1161 1024/1024
f 1036/1036 1024/1024 1031/1031
f 1170/1170 1164/1164 1167/1167
f 1171/1171 1172/1172 1160/1160
f 1169/1169 1160/1160 1172/1172
f 1173/1173 1164/8219 1170/8220
f 1166/1166 1164/8219 1173/1173
f 1168/1168 1112/1112 1107/1107
f 1156/1156 1169/1169 1174/1174
f 949/949 948/948 1161/1161
f 1175/1175 1169/1169 1172/1172
f 1172/1172 1171/1171 1176/1176
f 1176/1176 1175/1175 1172/1172
f 76/76 967/967 1177/1177
f 526/526 76/76 1178/1178
f 1178/1178 76/76 1177/1177
f 1156/1156 984/984 983/983
f 967/967 969/969 1177/1177
f 983/983 985/985 1160/1160
f 1179/1179 1161/1161 1036/1036
f 1179/1179 1036/1036 1180/1180
f 1171/1171 985/985 988/988
f 1177/1177 969/969 982/982
f 1171/1171 1160/1160 985/985
f 1177/1177 982/982 1181/1181
f 1182/1182 1171/1171 988/988
f 988/988 1001/1001 1182/1182
f 1182/1182 1001/1001 1183/1183
f 1112/1112 1168/1168 1184/1184
f 1185/1185 1177/1177 1181/1181
f 1001/1001 1011/1011 1183/1183
f 1180/1180 1036/1036 1186/1186
f 1187/1187 1071/1071 1112/1112
f 1187/1187 1112/1112 1188/1188
f 1036/1036 1033/1033 1111/1111
f 1186/1186 1036/1036 1111/1111
f 990/990 1181/1181 982/982
f 1171/1171 1182/1182 1189/1189
f 1178/1178 541/541 526/526
f 1108/1108 1011/1011 971/971
f 1011/1011 1108/1108 1190/1190
f 1168/1168 1124/1124 1184/1184
f 1191/1191 1184/1184 1124/1124
f 1100/1100 1111/1111 1128/1128
f 1191/1191 1124/1124 1150/1150
f 1183/1183 1011/1011 1192/1192
f 1192/1192 1011/1011 1190/1190
f 1193/1193 1184/1184 1191/1191
f 949/949 1161/1161 1179/1179
f 1191/1191 1150/1150 1193/1193
f 1193/1193 1150/1150 1194/1194
f 1190/1190 1108/1108 1195/1195
f 1196/1196 1183/1183 1192/1192
f 1150/1150 1145/1145 1159/1159
f 1085/1085 949/949 1179/1179
f 1150/1150 1159/1159 1194/1194
f 541/541 1178/1178 1177/1177
f 1180/1180 1085/1085 1179/1179
f 541/541 1177/1177 1185/1185
f 1159/1159 1157/1157 1197/1197
f 1198/1198 541/541 1185/1185
f 1192/1192 1190/1190 1199/1199
f 1199/1199 1196/1196 1192/1192
f 1200/1200 1196/1196 1199/1199
f 1198/1198 1185/1185 1201/1201
f 1199/1199 1202/1202 1203/1203
f 1159/1159 1197/1197 1194/1194
f 990/990 982/982 977/977
f 1180/1180 1186/1186 1111/1111
f 1189/1189 1182/1182 1183/1183
f 1204/1204 1189/1189 1183/1183
f 1171/1171 1189/1189 1176/1176
f 1205/1205 1176/1176 1189/1189
f 1189/1189 1204/1204 1205/1205
f 1100/1100 1180/1180 1111/1111
f 1196/1196 1204/1204 1183/1183
f 1206/1206 1181/1181 990/990
f 1207/1207 1176/1176 1205/1205
f 1188/1188 1112/1112 1184/1184
f 1208/1208 1205/1205 1204/1204
f 1209/1209 1205/1205 1208/1208
f 1188/1188 1184/1184 1193/1193
f 990/990 991/991 1086/1086
f 1208/1208 1196/1196 1210/1210
f 1208/1208 1204/1204 1196/1196
f 1211/1211 990/990 1086/1086
f 1206/1206 990/990 1211/1211
f 1210/1210 1196/1196 1200/1200
f 1212/1212 1206/1206 1211/1211
f 1085/1085 1180/1180 1100/1100
f 1212/1212 1211/1211 1213/1213
f 1214/1214 1194/1194 1197/1197
f 1185/1185 1181/1181 1201/1201
f 1201/1201 1181/1181 1206/1206
f 1215/1215 1174/1174 1169/1169
f 1194/1194 1214/1214 1193/1193
f 1128/1128 1111/1111 1113/1113
f 1201/1201 1206/1206 1212/1212
f 1216/1216 1201/1201 1212/1212
f 1217/1217 1020/1020 1016/1016
f 1198/1198 1201/1201 1216/1216
f 1217/1217 1016/1016 1021/1021
f 1218/1218 1215/1215 1219/1219
f 1219/1219 1215/1215 1169/1169
f 1220/1220 1198/1198 1216/1216
f 1219/1219 1169/1169 1175/1175
f 1129/1129 1128/1128 1113/1113
f 1221/1221 1222/1222 1020/1020
f 1223/1223 1213/1213 1224/1224
f 1225/1225 1220/1220 1216/1216
f 1225/1225 1216/1216 1212/1212
f 1225/1225 1212/1212 1213/1213
f 1029/1029 1217/1217 1021/1021
f 1226/1226 1227/1227 1174/1174
f 1174/1174 1215/1215 1226/1226
f 1217/1217 1029/1029 1228/1228
f 1213/1213 1223/1223 1225/1225
f 1226/1226 1229/1229 1227/1227
f 1020/1020 1217/1217 1230/1230
f 589/589 585/585 542/542
f 1230/1230 1217/1217 1228/1228
f 1231/1231 1229/1229 1226/1226
f 1232/1232 1231/1231 1226/1226
f 1218/1218 1232/1232 1226/1226
f 1233/1233 1232/1232 1218/1218
f 1020/1020 1230/1230 1221/1221
f 1226/1226 1215/1215 1218/1218
f 1233/1233 1218/1218 1219/1219
f 794/794 1234/1234 796/796
f 796/796 1234/1234 1235/1235
f 1236/1236 1233/1233 1219/1219
f 1237/1237 1233/1233 1236/1236
f 1207/1207 1175/1175 1176/1176
f 1238/1238 1219/1219 1175/1175
f 1239/1239 541/541 1198/1198
f 1207/1207 1238/1238 1175/1175
f 1198/1198 1220/1220 1239/1239
f 1236/1236 1219/1219 1238/1238
f 541/541 1239/1239 542/542
f 1207/1207 1209/1209 1240/1240
f 1241/1241 1238/1238 1207/1207
f 1241/1241 1207/1207 1240/1240
f 1242/1242 796/796 1235/1235
f 1236/1236 1238/1238 1243/1243
f 1244/1244 803/803 796/796
f 1245/1245 1246/1246 1061/1061
f 1242/1242 1244/1244 796/796
f 808/808 803/803 1244/1244
f 1241/1241 1243/1243 1238/1238
f 1247/1247 1243/1243 1241/1241
f 1248/1248 1249/1249 1240/1240
f 1244/1244 1242/1242 1250/1250
f 1237/1237 1236/1236 1243/1243
f 1251/1251 1243/1243 1247/1247
f 1237/1237 1243/1243 1251/1251
f 1240/1240 1249/1249 1241/1241
f 1247/1247 1241/1241 1249/1249
f 1250/1250 1235/1235 1252/1252
f 1246/1246 1029/1029 1061/1061
f 542/542 1239/1239 589/589
f 1203/1203 1200/1200 1199/1199
f 1228/1228 1029/1029 1246/1246
f 1242/1242 1235/1235 1250/1250
f 1203/1203 1253/1253 1200/1200
f 1209/1209 1207/1207 1205/1205
f 1254/1254 1209/1209 1208/1208
f 1230/1230 1228/1228 1255/1255
f 1255/1255 1228/1228 1256/1256
f 1254/1254 1248/1248 1209/1209
f 1209/1209 1248/1248 1240/1240
f 1257/1257 1254/1254 1208/1208
f 1256/1256 1228/1228 1246/1246
f 1257/1257 1248/1248 1254/1254
f 1257/1257 1208/1208 1210/1210
f 1258/1258 808/808 1244/1244
f 1244/1244 1250/1250 1259/1259
f 1260/1260 1256/1256 1246/1246
f 818/818 808/808 1258/1258
f 1261/1261 1210/1210 1200/1200
f 1262/1262 1200/1200 1253/1253
f 1263/1263 1221/1221 1264/1264
f 1265/1265 1220/1220 1225/1225
f 1220/1220 1265/1265 1266/1266
f 1259/1259 1258/1258 1244/1244
f 1267/1267 1248/1248 1257/1257
f 1267/1267 1249/1249 1248/1248
f 1268/1268 818/818 1258/1258
f 1269/1269 1225/1225 1270/1270
f 1267/1267 1257/1257 1210/1210
f 1269/1269 1265/1265 1225/1225
f 1239/1239 1220/1220 1266/1266
f 1271/1271 1267/1267 1261/1261
f 1272/1272 1239/1239 1266/1266
f 1221/1221 1230/1230 1273/1273
f 1261/1261 1267/1267 1210/1210
f 1262/1262 1261/1261 1200/1200
f 1258/1258 1259/1259 1268/1268
f 1268/1268 1259/1259 1274/1274
f 1264/1264 1221/1221 1273/1273
f 1259/1259 1250/1250 1274/1274
f 1261/1261 1262/1262 1275/1275
f 1266/1266 1265/1265 1276/1276
f 1263/1263 1264/1264 1277/1277
f 1276/1276 1265/1265 1278/1278
f 1250/1250 1252/1252 1279/1279
f 1109/1109 1108/1108 1009/1009
f 1280/1280 1277/1277 1264/1264
f 1270/1270 1225/1225 1223/1223
f 1195/1195 1108/1108 1109/1109
f 1270/1270 1223/1223 1281/1281
f 1223/1223 1224/1224 1281/1281
f 1282/1282 1202/1202 1195/1195
f 1283/1283 1269/1269 1270/1270
f 1282/1282 1109/1109 1284/1284
f 1281/1281 1285/1285 1270/1270
f 1282/1282 1195/1195 1109/1109
f 1286/1286 1264/1264 1273/1273
f 1284/1284 1119/1119 1141/1141
f 1284/1284 1141/1141 1287/1287
f 1283/1283 1270/1270 1285/1285
f 1284/1284 1109/1109 1115/1115
f 1284/1284 1115/1115 1119/1119
f 1288/1288 1285/1285 1281/1281
f 1265/1265 1269/1269 1283/1283
f 1230/1230 1255/1255 1273/1273
f 1250/1250 1279/1279 1274/1274
f 1199/1199 1190/1190 1195/1195
f 1255/1255 1256/1256 1260/1260
f 1283/1283 1285/1285 1289/1289
f 1289/1289 1285/1285 1290/1290
f 1202/1202 1199/1199 1195/1195
f 1291/1291 1292/1292 1279/1279
f 1290/1290 1285/1285 1288/1288
f 1290/1290 1288/1288 1293/1293
f 1293/1293 1288/1288 1294/1294
f 1295/1295 1202/1202 1296/1296
f 1297/1297 1284/1284 1287/1287
f 1282/1282 1284/1284 1297/1297
f 800/800 588/588 589/589
f 1279/1279 1292/1292 1298/1298
f 1296/1296 1202/1202 1282/1282
f 1297/1297 1296/1296 1282/1282
f 1299/1299 589/589 1300/1300
f 800/800 589/589 1299/1299
f 1296/1296 1297/1297 1301/1301
f 1291/1291 1302/1302 1292/1292
f 1286/1286 1273/1273 1255/1255
f 1143/1143 1147/1147 1141/1141
f 1303/1303 911/911 910/910
f 1287/1287 1141/1141 1304/1304
f 810/810 800/800 1299/1299
f 1304/1304 1141/1141 1147/1147
f 911/911 1303/1303 935/935
f 1147/1147 1139/1139 1305/1305
f 1305/1305 1139/1139 1130/1130
f 1305/1305 1130/1130 1306/1306
f 1245/1245 1061/1061 1071/1071
f 810/810 1299/1299 1307/1307
f 1305/1305 1308/1308 1147/1147
f 936/936 935/935 1309/1309
f 1309/1309 935/935 1303/1303
f 1299/1299 1300/1300 1310/1310
f 1311/1311 1308/1308 1305/1305
f 1245/1245 1071/1071 1187/1187
f 1312/1312 1245/1245 1187/1187
f 1309/1309 1303/1303 1313/1313
f 1307/1307 1299/1299 1310/1310
f 1314/1314 1307/1307 1310/1310
f 1287/1287 1304/1304 1315/1315
f 1300/1300 1316/1316 1310/1310
f 937/937 936/936 1309/1309
f 1317/1317 1315/1315 1304/1304
f 1301/1301 1297/1297 1287/1287
f 937/937 1309/1309 1318/1318
f 1300/1300 1272/1272 1319/1319
f 1304/1304 1147/1147 1320/1320
f 1320/1320 1147/1147 1308/1308
f 1316/1316 1300/1300 1319/1319
f 1309/1309 1313/1313 1318/1318
f 1320/1320 1308/1308 1311/1311
f 1317/1317 1304/1304 1320/1320
f 1300/1300 589/589 1239/1239
f 1311/1311 1321/1321 1320/1320
f 1246/1246 1245/1245 1312/1312
f 1321/1321 1322/1322 1320/1320
f 1272/1272 1300/1300 1239/1239
f 1295/1295 1203/1203 1202/1202
f 1323/1323 1318/1318 1324/1324
f 1253/1253 1203/1203 1295/1295
f 1187/1187 1325/1325 1312/1312
f 1326/1326 1253/1253 1295/1295
f 1327/1327 1295/1295 1296/1296
f 349/349 937/937 1328/1328
f 1329/1329 1296/1296 1301/1301
f 1272/1272 1266/1266 1276/1276
f 1325/1325 1187/1187 1188/1188
f 1327/1327 1296/1296 1329/1329
f 1330/1330 1328/1328 937/937
f 1326/1326 1295/1295 1327/1327
f 1331/1331 1327/1327 1329/1329
f 1330/1330 937/937 1318/1318
f 1325/1325 1188/1188 1332/1332
f 1333/1333 1253/1253 1326/1326
f 1330/1330 1318/1318 1323/1323
f 1334/1334 1333/1333 1326/1326
f 1332/1332 1193/1193 1214/1214
f 1188/1188 1193/1193 1332/1332
f 1326/1326 1327/1327 1331/1331
f 1326/1326 1335/1335 1334/1334
f 1335/1335 1326/1326 1331/1331
f 1319/1319 1272/1272 1336/1336
f 1262/1262 1253/1253 1333/1333
f 1275/1275 1262/1262 1333/1333
f 1334/1334 1337/1337 1333/1333
f 810/810 1307/1307 1314/1314
f 1338/1338 1301/1301 1315/1315
f 1314/1314 833/833 810/810
f 1287/1287 1315/1315 1301/1301
f 833/833 1314/1314 1339/1339
f 1323/1323 1340/1340 1341/1341
f 1342/1342 1246/1246 1312/1312
f 1329/1329 1301/1301 1338/1338
f 1316/1316 1314/1314 1310/1310
f 1343/1343 1340/1340 1344/1344
f 1339/1339 1314/1314 1316/1316
f 1317/1317 1320/1320 1322/1322
f 1345/1345 1317/1317 1322/1322
f 1345/1345 1338/1338 1315/1315
f 1345/1345 1315/1315 1317/1317
f 210/210 1346/1346 1347/1347
f 1346/1346 842/842 833/833
f 1348/1348 1345/1345 1322/1322
f 1346/1346 833/833 1339/1339
f 1331/1331 1329/1329 1338/1338
f 210/210 1349/1349 200/200
f 910/910 200/200 1349/1349
f 1350/1350 1342/1342 1312/1312
f 1346/1346 210/210 842/842
f 1331/1331 1338/1338 1351/1351
f 210/210 1347/1347 1349/1349
f 1352/1352 1331/1331 1351/1351
f 1342/1342 1260/1260 1246/1246
f 1335/1335 1331/1331 1352/1352
f 1349/1349 1347/1347 1313/1313
f 1255/1255 1260/1260 1342/1342
f 1347/1347 1346/1346 1353/1353
f 1346/1346 1339/1339 1316/1316
f 1354/1354 1345/1345 1348/1348
f 1342/1342 1355/1355 1255/1255
f 1353/1353 1356/1356 1347/1347
f 1356/1356 1353/1353 1357/1357
f 1351/1351 1338/1338 1345/1345
f 1351/1351 1345/1345 1354/1354
f 1353/1353 1346/1346 1316/1316
f 1357/1357 1353/1353 1316/1316
f 1313/1313 1347/1347 1356/1356
f 1358/1358 1355/1355 1342/1342
f 1280/1280 1264/1264 1359/1359
f 1358/1358 1342/1342 1350/1350
f 1360/1360 1280/1280 1361/1361
f 1361/1361 1280/1280 1359/1359
f 1362/1362 1312/1312 1325/1325
f 1303/1303 910/910 1349/1349
f 1363/1363 1361/1361 1359/1359
f 1364/1364 1316/1316 1319/1319
f 1313/1313 1303/1303 1349/1349
f 1359/1359 1264/1264 1286/1286
f 1319/1319 1336/1336 1365/1365
f 1362/1362 1325/1325 1332/1332
f 1365/1365 1364/1364 1319/1319
f 1366/1366 1359/1359 1286/1286
f 1367/1367 1361/1361 1363/1363
f 1368/1368 1362/1362 1332/1332
f 1369/1369 1362/1362 1368/1368
f 1364/1364 1357/1357 1316/1316
f 1350/1350 1312/1312 1362/1362
f 1366/1366 1363/1363 1359/1359
f 1370/1370 1350/1350 1362/1362
f 1371/1371 1363/1363 1366/1366
f 1371/1371 1367/1367 1363/1363
f 1370/1370 1362/1362 1369/1369
f 1372/1372 1286/1286 1255/1255
f 1278/1278 1265/1265 1283/1283
f 1373/1373 1278/1278 1283/1283
f 1373/1373 1283/1283 1374/1374
f 1375/1375 1357/1357 1376/1376
f 1276/1276 1278/1278 1377/1377
f 1272/1272 1276/1276 1377/1377
f 1377/1377 1278/1278 1373/1373
f 1376/1376 1357/1357 1364/1364
f 1378/1378 1374/1374 1289/1289
f 1378/1378 1289/1289 1379/1379
f 1355/1355 1372/1372 1255/1255
f 1293/1293 1289/1289 1290/1290
f 1374/1374 1283/1283 1289/1289
f 1289/1289 1293/1293 1380/1380
f 19/19 1381/1381 1382/1382
f 1366/1366 1286/1286 1372/1372
f 1383/1383 1366/1366 1372/1372
f 1380/1380 1293/1293 1294/1294
f 1384/1384 1376/1376 1364/1364
f 1385/1385 1380/1380 1294/1294
f 148/148 23/23 19/19
f 1289/1289 1380/1380 1379/1379
f 1355/1355 1386/1386 1372/1372
f 1374/1374 1377/1377 1373/1373
f 1377/1377 1374/1374 1387/1387
f 1387/1387 1374/1374 1378/1378
f 1382/1382 148/148 19/19
f 1388/1388 1313/1313 1356/1356
f 1383/1383 1372/1372 1386/1386
f 1272/1272 1377/1377 1336/1336
f 1356/1356 1357/1357 1375/1375
f 1388/1388 1356/1356 1375/1375
f 1336/1336 1377/1377 1389/1389
f 1377/1377 1387/1387 1389/1389
f 1390/1390 1378/1378 1379/1379
f 1391/1391 1387/1387 1378/1378
f 1391/1391 1378/1378 1390/1390
f 1391/1391 1389/1389 1387/1387
f 1392/1392 1393/1393 1382/1382
f 1132/1132 1367/1367 1394/1394
f 1385/1385 1395/1395 1380/1380
f 1132/1132 1394/1394 1396/1396
f 1395/1395 1379/1379 1380/1380
f 1394/1394 1367/1367 1371/1371
f 1394/1394 1371/1371 1397/1397
f 1392/1392 1382/1382 1381/1381
f 1390/1390 1379/1379 1395/1395
f 1366/1366 1383/1383 1371/1371
f 1397/1397 1371/1371 1383/1383
f 1390/1390 1395/1395 1398/1398
f 1399/1399 1398/1398 1395/1395
f 1396/1396 1394/1394 1397/1397
f 1396/1396 1306/1306 1132/1132
f 1392/1392 1381/1381 1400/1400
f 1376/1376 1401/1401 1375/1375
f 1402/1402 1306/1306 1396/1396
f 1400/1400 1403/1403 1392/1392
f 1404/1404 1365/1365 1405/1405
f 1403/1403 1400/1400 1406/1406
f 1407/1407 1376/1376 1408/1408
f 1364/1364 1365/1365 1404/1404
f 1401/1401 1376/1376 1407/1407
f 1409/1409 1396/1396 1397/1397
f 1402/1402 1396/1396 1409/1409
f 1404/1404 1405/1405 1410/1410
f 1404/1404 1410/1410 1411/1411
f 1318/1318 1313/1313 1388/1388
f 1412/1412 1404/1404 1411/1411
f 1324/1324 1318/1318 1388/1388
f 1413/1413 1411/1411 1410/1410
f 1411/1411 1413/1413 1414/1414
f 1381/1381 1415/1415 1400/1400
f 1413/1413 1416/1416 1414/1414
f 1417/1417 1414/1414 1416/1416
f 1418/1418 1388/1388 1375/1375
f 1405/1405 1336/1336 1389/1389
f 1388/1388 1418/1418 1324/1324
f 1419/1419 1324/1324 1418/1418
f 1383/1383 1386/1386 1420/1420
f 1336/1336 1405/1405 1365/1365
f 1421/1421 1389/1389 1391/1391
f 1324/1324 1419/1419 1340/1340
f 1323/1323 1324/1324 1340/1340
f 1421/1421 1391/1391 1422/1422
f 1423/1423 1391/1391 1390/1390
f 1423/1423 1390/1390 1398/1398
f 1424/1424 1383/1383 1420/1420
f 1405/1405 1389/1389 1421/1421
f 1421/1421 1422/1422 1405/1405
f 1420/1420 1425/1425 1424/1424
f 1397/1397 1383/1383 1409/1409
f 1409/1409 1383/1383 1426/1426
f 1427/1427 147/147 148/148
f 1423/1423 1422/1422 1391/1391
f 1418/1418 1375/1375 1401/1401
f 1426/1426 1383/1383 1424/1424
f 1428/1428 1423/1423 1398/1398
f 1409/1409 1426/1426 1429/1429
f 1426/1426 1424/1424 1430/1430
f 148/148 1382/1382 1427/1427
f 1340/1340 1419/1419 1418/1418
f 1429/1429 1426/1426 1431/1431
f 1431/1431 1426/1426 1430/1430
f 1399/1399 1432/1432 1398/1398
f 1427/1427 1382/1382 1433/1433
f 1433/1433 1382/1382 1393/1393
f 1340/1340 1418/1418 1344/1344
f 1418/1418 1401/1401 1407/1407
f 1430/1430 1424/1424 1425/1425
f 1344/1344 1418/1418 1407/1407
f 1428/1428 1398/1398 1432/1432
f 1430/1430 1425/1425 1434/1434
f 1410/1410 1405/1405 1422/1422
f 1422/1422 1423/1423 1413/1413
f 1431/1431 1430/1430 1434/1434
f 1410/1410 1422/1422 1413/1413
f 1435/1435 1413/1413 1423/1423
f 172/172 154/154 147/147
f 172/172 147/147 1427/1427
f 1435/1435 1423/1423 1436/1436
f 1436/1436 1423/1423 1428/1428
f 172/172 1427/1427 1437/1437
f 1413/1413 1435/1435 1416/1416
f 1438/1438 1386/1386 1355/1355
f 1355/1355 1358/1358 1438/1438
f 1439/1439 1435/1435 1436/1436
f 1437/1437 1440/1440 172/172
f 1437/1437 1427/1427 1433/1433
f 1441/1441 1436/1436 1428/1428
f 1384/1384 1364/1364 1404/1404
f 1441/1441 1428/1428 1432/1432
f 1404/1404 1442/1442 1384/1384
f 1442/1442 1404/1404 1412/1412
f 1443/1443 1416/1416 1435/1435
f 1416/1416 1443/1443 1417/1417
f 1444/1444 1393/1393 1392/1392
f 1445/1445 1086/1086 1089/1089
f 1445/1445 1213/1213 1086/1086
f 1446/1446 1438/1438 1447/1447
f 1376/1376 1384/1384 1408/1408
f 1408/1408 1384/1384 1442/1442
f 1089/1089 1084/1084 1448/1448
f 1445/1445 1089/1089 1449/1449
f 1448/1448 1449/1449 1089/1089
f 1450/1450 1442/1442 1412/1412
f 1211/1211 1086/1086 1213/1213
f 1451/1451 1450/1450 1412/1412
f 1452/1452 1213/1213 1445/1445
f 1438/1438 1358/1358 1447/1447
f 1452/1452 1445/1445 1449/1449
f 1453/1453 1213/1213 1452/1452
f 1393/1393 1444/1444 1454/1454
f 1455/1455 1454/1454 1444/1444
f 1456/1456 1358/1358 1457/1457
f 1412/1412 1411/1411 1451/1451
f 1448/1448 1084/1084 1101/1101
f 1451/1451 1411/1411 1414/1414
f 1358/1358 1456/1456 1447/1447
f 1101/1101 1102/1102 1448/1448
f 1448/1448 1102/1102 1458/1458
f 1102/1102 1103/1103 1458/1458
f 1414/1414 1417/1417 1451/1451
f 1457/1457 1350/1350 1370/1370
f 1459/1459 1448/1448 1458/1458
f 1358/1358 1350/1350 1457/1457
f 1403/1403 1444/1444 1392/1392
f 1403/1403 1460/1460 1444/1444
f 1224/1224 1213/1213 1453/1453
f 1453/1453 1452/1452 1449/1449
f 1461/1461 1437/1437 1462/1462
f 1417/1417 1450/1450 1451/1451
f 1463/1463 1450/1450 1417/1417
f 1449/1449 1448/1448 1464/1464
f 1465/1465 1224/1224 1453/1453
f 1437/1437 1433/1433 1393/1393
f 1463/1463 1417/1417 1466/1466
f 1454/1454 1437/1437 1393/1393
f 1437/1437 1454/1454 1455/1455
f 1464/1464 1453/1453 1449/1449
f 1453/1453 1464/1464 1465/1465
f 1464/1464 1448/1448 1459/1459
f 1408/1408 1467/1467 1407/1407
f 1455/1455 1462/1462 1437/1437
f 1455/1455 1444/1444 1460/1460
f 1457/1457 1370/1370 1468/1468
f 1450/1450 1408/1408 1442/1442
f 1469/1469 1408/1408 1450/1450
f 1468/1468 1370/1370 1369/1369
f 1469/1469 1467/1467 1408/1408
f 1470/1470 1154/1154 1152/1152
f 1470/1470 1103/1103 1154/1154
f 1469/1469 1450/1450 1471/1471
f 1470/1470 1472/1472 1103/1103
f 1472/1472 1458/1458 1103/1103
f 1473/1473 1400/1400 1474/1474
f 1471/1471 1450/1450 1463/1463
f 1459/1459 1458/1458 1472/1472
f 1400/1400 1475/1475 1474/1474
f 1476/1476 1456/1456 1457/1457
f 1477/1477 1472/1472 1470/1470
f 1477/1477 1470/1470 1478/1478
f 1471/1471 1463/1463 1466/1466
f 1446/1446 1420/1420 1386/1386
f 1479/1479 1163/1163 1162/1162
f 1386/1386 1438/1438 1446/1446
f 1480/1480 1479/1479 1162/1162
f 1163/1163 1152/1152 1151/1151
f 1481/1481 1446/1446 1447/1447
f 1163/1163 1482/1482 1152/1152
f 1483/1483 1469/1469 1484/1484
f 1152/1152 1482/1482 1470/1470
f 1474/1474 1475/1475 1485/1485
f 1471/1471 1484/1484 1469/1469
f 1425/1425 1420/1420 1446/1446
f 1480/1480 1163/1163 1479/1479
f 1486/1486 1425/1425 1446/1446
f 1487/1487 1483/1483 1484/1484
f 1470/1470 1482/1482 1478/1478
f 1486/1486 1446/1446 1481/1481
f 1478/1478 1482/1482 1163/1163
f 1474/1474 1485/1485 1488/1488
f 1478/1478 1163/1163 1480/1480
f 1447/1447 1456/1456 1489/1489
f 1478/1478 1480/1480 1490/1490
f 1466/1466 1417/1417 1443/1443
f 1466/1466 1443/1443 1491/1491
f 1478/1478 1490/1490 1492/1492
f 1472/1472 1477/1477 1459/1459
f 1493/1493 1400/1400 1473/1473
f 1494/1494 1459/1459 1477/1477
f 1481/1481 1447/1447 1489/1489
f 1406/1406 1400/1400 1493/1493
f 1456/1456 1476/1476 1489/1489
f 1495/1495 1459/1459 1494/1494
f 1471/1471 1466/1466 1496/1496
f 1486/1486 1434/1434 1425/1425
f 1497/1497 1466/1466 1491/1491
f 1466/1466 1497/1497 1496/1496
f 1498/1498 1477/1477 1478/1478
f 1498/1498 1478/1478 1492/1492
f 1473/1473 1488/1488 1499/1499
f 1488/1488 1473/1473 1474/1474
f 1484/1484 1471/1471 1496/1496
f 1434/1434 1486/1486 1500/1500
f 1484/1484 1496/1496 1501/1501
f 1498/1498 1492/1492 1502/1502
f 1487/1487 1484/1484 1501/1501
f 1503/1503 1477/1477 1498/1498
f 1500/1500 1486/1486 1481/1481
f 1500/1500 1481/1481 1504/1504
f 1493/1493 1473/1473 1505/1505
f 1505/1505 1473/1473 1499/1499
f 1506/1506 1501/1501 1497/1497
f 1497/1497 1501/1501 1496/1496
f 1503/1503 1498/1498 1507/1507
f 1507/1507 1498/1498 1502/1502
f 1488/1488 1485/1485 1508/1508
f 1476/1476 1504/1504 1489/1489
f 1491/1491 1506/1506 1497/1497
f 1504/1504 1481/1481 1489/1489
f 1509/1509 1506/1506 1510/1510
f 1510/1510 1506/1506 1491/1491
f 1464/1464 1459/1459 1495/1495
f 1511/1511 1464/1464 1495/1495
f 1485/1485 1475/1475 1508/1508
f 1512/1512 1476/1476 1513/1513
f 1512/1512 1504/1504 1476/1476
f 1439/1439 1436/1436 1441/1441
f 1514/1514 1457/1457 1468/1468
f 1515/1515 1439/1439 1441/1441
f 1503/1503 1516/1516 1494/1494
f 1508/1508 1517/1517 1518/1518
f 1519/1519 1468/1468 1520/1520
f 1495/1495 1494/1494 1516/1516
f 1520/1520 1468/1468 1521/1521
f 1494/1494 1477/1477 1503/1503
f 1522/1522 1488/1488 1508/1508
f 1508/1508 1518/1518 1522/1522
f 1503/1503 1507/1507 1523/1523
f 1443/1443 1435/1435 1524/1524
f 1516/1516 1503/1503 1523/1523
f 1524/1524 1435/1435 1439/1439
f 1476/1476 1457/1457 1514/1514
f 1519/1519 1514/1514 1468/1468
f 1491/1491 1443/1443 1524/1524
f 1519/1519 1476/1476 1514/1514
f 1505/1505 1499/1499 1488/1488
f 1523/1523 1525/1525 1526/1526
f 1526/1526 1527/1527 1523/1523
f 1528/1528 1505/1505 1488/1488
f 1529/1529 1526/1526 998/998
f 1515/1515 1524/1524 1439/1439
f 1528/1528 1488/1488 1522/1522
f 1513/1513 1476/1476 1519/1519
f 1281/1281 1224/1224 1465/1465
f 1465/1465 1464/1464 1511/1511
f 981/981 1522/1522 1530/1530
f 1510/1510 1491/1491 1524/1524
f 1524/1524 1531/1531 1510/1510
f 1532/1532 1288/1288 1281/1281
f 1465/1465 1532/1532 1281/1281
f 1519/1519 1520/1520 1513/1513
f 1531/1531 1524/1524 1515/1515
f 1406/1406 1460/1460 1403/1403
f 1533/1533 1513/1513 1520/1520
f 1465/1465 1511/1511 1534/1534
f 1511/1511 1495/1495 1534/1534
f 1535/1535 1531/1531 1515/1515
f 1402/1402 1409/1409 1536/1536
f 1493/1493 1537/1537 1406/1406
f 1460/1460 1406/1406 1537/1537
f 1532/1532 1465/1465 1534/1534
f 1294/1294 1288/1288 1532/1532
f 1538/1538 1294/1294 1532/1532
f 1539/1539 1402/1402 1536/1536
f 1536/1536 1409/1409 1540/1540
f 1538/1538 1532/1532 1534/1534
f 1541/1541 1538/1538 1534/1534
f 1536/1536 1540/1540 1542/1542
f 1543/1543 1515/1515 994/994
f 1542/1542 1544/1544 1536/1536
f 1535/1535 1515/1515 1543/1543
f 1534/1534 1495/1495 1545/1545
f 1460/1460 1537/1537 1546/1546
f 1541/1541 1534/1534 1547/1547
f 1548/1548 1429/1429 1431/1431
f 1540/1540 1409/1409 1429/1429
f 1549/1549 1534/1534 1545/1545
f 1540/1540 1429/1429 1548/1548
f 1547/1547 1534/1534 1549/1549
f 1545/1545 1495/1495 1516/1516
f 1545/1545 1516/1516 1527/1527
f 1527/1527 1516/1516 1523/1523
f 1550/1550 1407/1407 1467/1467
f 1344/1344 1407/1407 1551/1551
f 1552/1552 1545/1545 1527/1527
f 1553/1553 1548/1548 1431/1431
f 1553/1553 1431/1431 1434/1434
f 1553/1553 1434/1434 1554/1554
f 1555/1555 1551/1551 1407/1407
f 1529/1529 1527/1527 1526/1526
f 1556/1556 1155/1155 1546/1546
f 1557/1557 1540/1540 1548/1548
f 1555/1555 1407/1407 1550/1550
f 1542/1542 1540/1540 1557/1557
f 740/740 546/546 741/741
f 1555/1555 1467/1467 1483/1483
f 1542/1542 1557/1557 1558/1558
f 1557/1557 1548/1548 1558/1558
f 1558/1558 1559/1559 1542/1542
f 1560/1560 1133/1133 740/740
f 740/740 741/741 1560/1560
f 1550/1550 1467/1467 1555/1555
f 1555/1555 1483/1483 1487/1487
f 1558/1558 1548/1548 1553/1553
f 1505/1505 1537/1537 1493/1493
f 1167/1167 1133/1133 1560/1560
f 1537/1537 1505/1505 1561/1561
f 1487/1487 1562/1562 1555/1555
f 1562/1562 1487/1487 1563/1563
f 1467/1467 1469/1469 1483/1483
f 1564/1564 1553/1553 1554/1554
f 1537/1537 1561/1561 1556/1556
f 1560/1560 741/741 746/746
f 1528/1528 1561/1561 1505/1505
f 1565/1565 1542/1542 1559/1559
f 1553/1553 1564/1564 1558/1558
f 1167/1167 1560/1560 1566/1566
f 1559/1559 1558/1558 1564/1564
f 1559/1559 1564/1564 1567/1567
f 746/746 1568/1568 1560/1560
f 1560/1560 1568/1568 1566/1566
f 1569/1569 1544/1544 1570/1570
f 1570/1570 1571/1571 1569/1569
f 1561/1561 1528/1528 981/981
f 1570/1570 1544/1544 1542/1542
f 1528/1528 1522/1522 981/981
f 981/981 1572/1572 1561/1561
f 1573/1573 1551/1551 1555/1555
f 1570/1570 1542/1542 1565/1565
f 1170/1170 1167/1167 1566/1566
f 1574/1574 1565/1565 1575/1575
f 1343/1343 1344/1344 1551/1551
f 1556/1556 1561/1561 1572/1572
f 1170/8220 1576/1576 1173/1173
f 1170/8220 1577/1577 1576/1576
f 1574/1574 1570/1570 1565/1565
f 1170/1170 1566/1566 1577/8221
f 1573/1573 1343/1343 1551/1551
f 1573/1573 1578/1578 1343/1343
f 1559/1559 1575/1575 1565/1565
f 1579/1579 1576/1576 1577/1577
f 1575/1575 1559/1559 1567/1567
f 1580/1580 1576/1576 1579/1579
f 1567/1567 1564/1564 1581/1581
f 1556/1556 1546/1546 1537/1537
f 1582/1582 1573/1573 1555/1555
f 1556/1556 1572/1572 984/984
f 1583/1583 1166/1166 1173/1173
f 1555/1555 1562/1562 1582/1582
f 1162/1162 1165/1165 1166/1166
f 1162/1162 1166/1166 1583/1583
f 1155/1155 1556/1556 984/984
f 1584/1584 1575/1575 1567/1567
f 1585/1585 1570/1570 1574/1574
f 1028/1028 1586/1586 1066/1066
f 1575/1575 1584/1584 1574/1574
f 1583/1583 1173/1173 1587/1587
f 1585/1585 1574/1574 1584/1584
f 1583/1583 1480/1480 1162/1162
f 1584/1584 1588/1588 1585/1585
f 1588/1588 1589/1589 1585/1585
f 1280/1280 1066/1066 1590/1590
f 1573/1573 1582/1582 1562/1562
f 1360/1360 1066/1066 1280/1280
f 1591/1591 1592/1592 1583/1583
f 1077/1077 1066/1066 1360/1360
f 1593/1593 1583/1583 1592/1592
f 1077/1077 1065/1065 1066/1066
f 1490/1490 1480/1480 1583/1583
f 1490/1490 1583/1583 1593/1593
f 1487/1487 1501/1501 1594/1594
f 1587/1587 1173/1173 1576/1576
f 1588/1588 1584/1584 1595/1595
f 1594/1594 1563/1563 1487/1487
f 1584/1584 1567/1567 1596/1596
f 1596/1596 1595/1595 1584/1584
f 1077/1077 1360/1360 1367/1367
f 1594/1594 1501/1501 1506/1506
f 1367/1367 1360/1360 1361/1361
f 1587/1587 1576/1576 1597/1597
f 1591/1591 1587/1587 1597/1597
f 1079/1079 1077/1077 1367/1367
f 1591/1591 1583/1583 1587/1587
f 1592/1592 1591/1591 1597/1597
f 1079/1079 1367/1367 1132/1132
f 1576/1576 1598/1598 1597/1597
f 1598/1598 1576/1576 1580/1580
f 179/179 172/172 1599/1599
f 1598/1598 1580/1580 1600/1600
f 1601/1601 1554/1554 1500/1500
f 1602/1602 1592/1592 1597/1597
f 1440/1440 1599/1599 172/172
f 1554/1554 1434/1434 1500/1500
f 1502/1502 1492/1492 1490/1490
f 794/794 179/179 1599/1599
f 1593/1593 1592/1592 1602/1602
f 1490/1490 1593/1593 1602/1602
f 1234/1234 794/794 1599/1599
f 1502/1502 1490/1490 1602/1602
f 1563/1563 1594/1594 1603/1603
f 1440/1440 1604/1604 1599/1599
f 1605/1605 1500/1500 1504/1504
f 1599/1599 1604/1604 1234/1234
f 1605/1605 1504/1504 1512/1512
f 1603/1603 1594/1594 1606/1606
f 1606/1606 1594/1594 1506/1506
f 1607/1607 1502/1502 1602/1602
f 1608/1608 1601/1601 1500/1500
f 1608/1608 1500/1500 1605/1605
f 1440/1440 1437/1437 1461/1461
f 1440/1440 1461/1461 1609/1609
f 1509/1509 1610/1610 1506/1506
f 1611/1611 1602/1602 1597/1597
f 1612/1612 1554/1554 1601/1601
f 1606/1606 1506/1506 1613/1613
f 1506/1506 1610/1610 1613/1613
f 1604/1604 1440/1440 1609/1609
f 1614/1614 1612/1612 1601/1601
f 1611/1611 1597/1597 1615/1615
f 1615/1615 1597/1597 1598/1598
f 1615/1615 1598/1598 1616/1616
f 1562/1562 1563/1563 1617/1617
f 1617/1617 1563/1563 1603/1603
f 1564/1564 1554/1554 1612/1612
f 1581/1581 1564/1564 1612/1612
f 1618/1618 1611/1611 1615/1615
f 1619/1619 1612/1612 1614/1614
f 1602/1602 1611/1611 1618/1618
f 1609/1609 1252/1252 1604/1604
f 1235/1235 1234/1234 1604/1604
f 1607/1607 1602/1602 1618/1618
f 1235/1235 1604/1604 1252/1252
f 1620/1620 1608/1608 1605/1605
f 1621/1621 1617/1617 1603/1603
f 1614/1614 1601/1601 1608/1608
f 1622/1622 1614/1614 1608/1608
f 1562/1562 1617/1617 1621/1621
f 1609/1609 1461/1461 1462/1462
f 746/746 750/750 1568/1568
f 1608/1608 1620/1620 1622/1622
f 1621/1621 1603/1603 1623/1623
f 1621/1621 1623/1623 1624/1624
f 1568/1568 750/750 1625/1625
f 1568/1568 1625/1625 1626/1626
f 1609/1609 1462/1462 1627/1627
f 1628/1628 1577/8221 1566/1566
f 1603/1603 1606/1606 1623/1623
f 1629/1629 1513/1513 1533/1533
f 1623/1623 1606/1606 1613/1613
f 1627/1627 1462/1462 1455/1455
f 1568/1568 1626/1626 1566/1566
f 1630/1630 1629/1629 1533/1533
f 1629/1629 1512/1512 1513/1513
f 1629/1629 1631/1631 1512/1512
f 1566/1566 1626/1626 1628/1628
f 1628/1628 1626/1626 1632/1632
f 1633/1633 1613/1613 1610/1610
f 1605/1605 1512/1512 1631/1631
f 1628/8222 1579/1579 1577/1577
f 1627/1627 1455/1455 1634/1634
f 1600/1600 1580/1580 1579/1579
f 1533/1533 1520/1520 1630/1630
f 1627/1627 1634/1634 1635/1635
f 1636/1636 1623/1623 1613/1613
f 1637/1637 1628/1628 1632/1632
f 1636/1636 1613/1613 1633/1633
f 1600/1600 1579/1579 1628/8222
f 1638/1638 1628/8222 1637/8223
f 1639/1639 1632/1632 1626/1626
f 1531/1531 1509/1509 1510/1510
f 1640/1640 1637/1637 1632/1632
f 1638/1638 1637/8223 1640/8224
f 1610/1610 1509/1509 1531/1531
f 1252/1252 1609/1609 1627/1627
f 1628/8222 1641/1641 1600/1600
f 1641/1641 1628/8222 1638/1638
f 1620/1620 1605/1605 1631/1631
f 777/777 750/750 748/748
f 1639/1639 1625/1625 750/750
f 1642/1642 1620/1620 1631/1631
f 777/777 1639/1639 750/750
f 1625/1625 1639/1639 1626/1626
f 1631/1631 1629/1629 1643/1643
f 1642/1642 1631/1631 1643/1643
f 1644/1644 1642/1642 1643/1643
f 1643/1643 1630/1630 1645/1645
f 1630/1630 1643/1643 1629/1629
f 1646/1646 1643/1643 1645/1645
f 1535/1535 1610/1610 1531/1531
f 1610/1610 1535/1535 1647/1647
f 1640/8224 1648/1648 1638/1638
f 1649/1649 1640/1640 1632/1632
f 1632/1632 1639/1639 1649/1649
f 1650/1650 1646/1646 1645/1645
f 1651/1651 1640/8224 1649/8225
f 1648/1648 1640/8224 1651/1651
f 1652/1652 1581/1581 1612/1612
f 1291/1291 1252/1252 1627/1627
f 1612/1612 1653/1653 1652/1652
f 1612/1612 1619/1619 1653/1653
f 1619/1619 1654/1654 1653/1653
f 1581/1581 1652/1652 1567/1567
f 1279/1279 1252/1252 1291/1291
f 1651/1651 1655/1655 1648/1648
f 1015/1015 1535/1535 1543/1543
f 993/993 1543/1543 994/994
f 1641/1641 1598/1598 1600/1600
f 1598/1598 1641/1641 1616/1616
f 1622/1622 1620/1620 1656/1656
f 1635/1635 1634/1634 1657/1657
f 1633/1633 1610/1610 1647/1647
f 1656/1656 1654/1654 1622/1622
f 1634/1634 1455/1455 1460/1460
f 1658/1658 1633/1633 1647/1647
f 1653/1653 1654/1654 1656/1656
f 1659/1659 1653/1653 1656/1656
f 1659/1659 1656/1656 1660/1660
f 1654/1654 1619/1619 1614/1614
f 1654/1654 1614/1614 1622/1622
f 1618/1618 1615/1615 1661/1661
f 1567/1567 1652/1652 1596/1596
f 1641/1641 1662/1662 1616/1616
f 1641/1641 1638/1638 1663/1663
f 1634/1634 1460/1460 1546/1546
f 1616/1616 1662/1662 1661/1661
f 1615/1615 1616/1616 1661/1661
f 1664/1664 1652/1652 1653/1653
f 1648/1648 1663/1663 1638/1638
f 1662/1662 1641/1641 1663/1663
f 1658/1658 1665/1665 1633/1633
f 1596/1596 1652/1652 1664/1664
f 1657/1657 1634/1634 1546/1546
f 1655/1655 1663/1663 1648/1648
f 1653/1653 1666/1666 1664/1664
f 1647/1647 1535/1535 1015/1015
f 1667/1667 1664/1664 1666/1666
f 1507/1507 1502/1502 1668/1668
f 1668/1668 1502/1502 1607/1607
f 993/993 1015/1015 1543/1543
f 1523/1523 1507/1507 1668/1668
f 1523/1523 1668/1668 1669/1669
f 1659/1659 1670/1670 1653/1653
f 1658/1658 1647/1647 1015/1015
f 1668/1668 1607/1607 1671/1671
f 1658/1658 1015/1015 1672/1672
f 1666/1666 1653/1653 1670/1670
f 1642/1642 1656/1656 1620/1620
f 1635/1635 1657/1657 1673/1673
f 1674/1674 1671/1671 1607/1607
f 1674/1674 1607/1607 1618/1618
f 1642/1642 1660/1660 1656/1656
f 1675/1675 1668/1668 1671/1671
f 1676/1676 1671/1671 1674/1674
f 1660/1660 1642/1642 1644/1644
f 348/348 349/349 1677/1677
f 1678/1678 1660/1660 1644/1644
f 1673/1673 1657/1657 1679/1679
f 1525/1525 1523/1523 1669/1669
f 1650/1650 1643/1643 1646/1646
f 1644/1644 1643/1643 1650/1650
f 1650/1650 1680/1680 1644/1644
f 998/998 1669/1669 1004/1004
f 1004/1004 1668/1668 1675/1675
f 1681/1681 1650/1650 1645/1645
f 1004/1004 1669/1669 1668/1668
f 1525/1525 1669/1669 998/998
f 1525/1525 998/998 1526/1526
f 1005/1005 1004/1004 1017/1017
f 1681/1681 1680/1680 1650/1650
f 1682/1682 1657/1657 1546/1546
f 1659/1659 1660/1660 1678/1678
f 1677/1677 349/349 1328/1328
f 1676/1676 1683/1683 1671/1671
f 1684/1684 1659/1659 1678/1678
f 1685/1685 1328/1328 1330/1330
f 1323/1323 1685/1685 1330/1330
f 1682/1682 1546/1546 1155/1155
f 1675/1675 1671/1671 1683/1683
f 1004/1004 1675/1675 1683/1683
f 1670/1670 1659/1659 1684/1684
f 1683/1683 1676/1676 1040/1040
f 1684/1684 1678/1678 1686/1686
f 1684/1684 1686/1686 1687/1687
f 1677/1677 1328/1328 1685/1685
f 1017/1017 1004/1004 1683/1683
f 1040/1040 1017/1017 1683/1683
f 1644/1644 1680/1680 1678/1678
f 1678/1678 1680/1680 1686/1686
f 1687/1687 1686/1686 1680/1680
f 1018/1018 1017/1017 1040/1040
f 1688/1688 1680/1680 1681/1681
f 1679/1679 1682/1682 1689/1689
f 1689/1689 1682/1682 1690/1690
f 1687/1687 1680/1680 1691/1691
f 1691/1691 1680/1680 1688/1688
f 1679/1679 1657/1657 1682/1682
f 1691/1691 1688/1688 1692/1692
f 1674/1674 1618/1618 1693/1693
f 1618/1618 1661/1661 1693/1693
f 1130/1130 1132/1132 1306/1306
f 362/362 348/348 1677/1677
f 1662/1662 1663/1663 1694/1694
f 1156/1156 1682/1682 1155/1155
f 1694/1694 1661/1661 1662/1662
f 1695/1695 1661/1661 1694/1694
f 1682/1682 1156/1156 1174/1174
f 1696/1696 1306/1306 1402/1402
f 375/375 362/362 1677/1677
f 1305/1305 1306/1306 1696/1696
f 1655/1655 1694/1694 1663/1663
f 1305/1305 1696/1696 1311/1311
f 1697/1697 1694/1694 1655/1655
f 1693/1693 1661/1661 1695/1695
f 1539/1539 1696/1696 1402/1402
f 1627/1627 1635/1635 1291/1291
f 1321/1321 1311/1311 1696/1696
f 1698/1698 1291/1291 1635/1635
f 1635/1635 1673/1673 1698/1698
f 1699/1699 1695/1695 1694/1694
f 1700/1700 1695/1695 1699/1699
f 1701/1701 1677/1677 1702/1702
f 1676/1676 1674/1674 1040/1040
f 1040/1040 1674/1674 1703/1703
f 1693/1693 1704/1704 1674/1674
f 1321/1321 1696/1696 1539/1539
f 1704/1704 1693/1693 1705/1705
f 1703/1703 1674/1674 1704/1704
f 1706/1706 1539/1539 1536/1536
f 1701/1701 1702/1702 1707/1707
f 1703/1703 1042/1042 1040/1040
f 1039/1039 1040/1040 1042/1042
f 1706/1706 1536/1536 1544/1544
f 1703/1703 1704/1704 1705/1705
f 1042/1042 1703/1703 1705/1705
f 1677/1677 1685/1685 1702/1702
f 1695/1695 1700/1700 1693/1693
f 1708/1708 1693/1693 1700/1700
f 1706/1706 1321/1321 1539/1539
f 1698/1698 1673/1673 1689/1689
f 1708/1708 1700/1700 1067/1067
f 1067/1067 1700/1700 1709/1709
f 1685/1685 1323/1323 1341/1341
f 1322/1322 1321/1321 1710/1710
f 1708/1708 1705/1705 1693/1693
f 1710/1710 1321/1321 1706/1706
f 1705/1705 1060/1060 1042/1042
f 1291/1291 1698/1698 1302/1302
f 1706/1706 1544/1544 1569/1569
f 1067/1067 1060/1060 1705/1705
f 1067/1067 1705/1705 1708/1708
f 997/997 1529/1529 998/998
f 1710/1710 1706/1706 1711/1711
f 1541/1541 1294/1294 1538/1538
f 1541/1541 1385/1385 1294/1294
f 1711/1711 1706/1706 1569/1569
f 1571/1571 1570/1570 1585/1585
f 1711/1711 1569/1569 1571/1571
f 1348/1348 1322/1322 1710/1710
f 1341/1341 1340/1340 1343/1343
f 1712/1712 1348/1348 1710/1710
f 1673/1673 1679/1679 1689/1689
f 1713/1713 1385/1385 1541/1541
f 1354/1354 1348/1348 1712/1712
f 1713/1713 1541/1541 1547/1547
f 1713/1713 1547/1547 1714/1714
f 1715/1715 1689/1689 1690/1690
f 1710/1710 1711/1711 1716/1716
f 1715/1715 1690/1690 1227/1227
f 1341/1341 1343/1343 1717/1717
f 1714/1714 1547/1547 1718/1718
f 1710/1710 1716/1716 1712/1712
f 1227/1227 1690/1690 1174/1174
f 1719/1719 1711/1711 1571/1571
f 1716/1716 1711/1711 1719/1719
f 1702/1702 1685/1685 1341/1341
f 1682/1682 1174/1174 1690/1690
f 1720/1720 1385/1385 1721/1721
f 1719/1719 1571/1571 1585/1585
f 1395/1395 1385/1385 1720/1720
f 1719/1719 1585/1585 1589/1589
f 1399/1399 1395/1395 1720/1720
f 1721/1721 1385/1385 1713/1713
f 1707/1707 1702/1702 1341/1341
f 1722/1722 1714/1714 1718/1718
f 1713/1713 1714/1714 1722/1722
f 1698/1698 1689/1689 1715/1715
f 1723/1723 1698/1698 1715/1715
f 1722/1722 1721/1721 1713/1713
f 1724/1724 1721/1721 1722/1722
f 1552/1552 1549/1549 1545/1545
f 1552/1552 1547/1547 1549/1549
f 1707/1707 1341/1341 1717/1717
f 1718/1718 1547/1547 1552/1552
f 1725/1725 1718/1718 1552/1552
f 1715/1715 1227/1227 1229/1229
f 1726/1726 1725/1725 1552/1552
f 1552/1552 1527/1527 1726/1726
f 1726/1726 1527/1527 1529/1529
f 1415/1415 1707/1707 1717/1717
f 1727/1727 1726/1726 1529/1529
f 1728/1728 1729/1729 1730/1730
f 1728/1728 1730/1730 1731/1731
f 1529/1529 997/997 1727/1727
f 1728/1728 1518/1518 1729/1729
f 19/19 416/416 420/420
f 1727/1727 1732/1732 1726/1726
f 1732/1732 1727/1727 997/997
f 1731/1731 1730/1730 1013/1013
f 1731/1731 1013/1013 1012/1012
f 958/958 1728/1728 1731/1731
f 1722/1722 1718/1718 1725/1725
f 1522/1522 1518/1518 1728/1728
f 1522/1522 1728/1728 1530/1530
f 1722/1722 1725/1725 1733/1733
f 1728/1728 958/958 1530/1530
f 1734/1734 1733/1733 1725/1725
f 1035/1035 1731/1731 1012/1012
f 1732/1732 1725/1725 1726/1726
f 943/943 1530/1530 958/958
f 1734/1734 1725/1725 1732/1732
f 374/374 375/375 420/420
f 1735/1735 1732/1732 997/997
f 1731/1731 957/957 958/958
f 1734/1734 1732/1732 1735/1735
f 1035/1035 957/957 1731/1731
f 1677/1677 420/420 375/375
f 1735/1735 997/997 948/948
f 965/965 957/957 1035/1035
f 1720/1720 1736/1736 1399/1399
f 1432/1432 1399/1399 1736/1736
f 1530/1530 943/943 945/945
f 981/981 1530/1530 945/945
f 1572/1572 981/981 980/980
f 984/984 1572/1572 980/980
f 1701/1701 420/420 1677/1677
f 1720/1720 1721/1721 1737/1737
f 1737/1737 1721/1721 1724/1724
f 1736/1736 1720/1720 1737/1737
f 420/420 1701/1701 1707/1707
f 968/968 1737/1737 1724/1724
f 1738/1738 1432/1432 1736/1736
f 1738/1738 1736/1736 1739/1739
f 1441/1441 1432/1432 1738/1738
f 1739/1739 1736/1736 1740/1740
f 1737/1737 1740/1740 1736/1736
f 1740/1740 1737/1737 968/968
f 968/968 974/974 1740/1740
f 19/19 420/420 1381/1381
f 1741/1741 1740/1740 974/974
f 1724/1724 1722/1722 1733/1733
f 1734/1734 959/959 1733/1733
f 960/960 959/959 1734/1734
f 968/968 1724/1724 959/959
f 959/959 1724/1724 1733/1733
f 960/960 1734/1734 947/947
f 947/947 1734/1734 1735/1735
f 947/947 1735/1735 948/948
f 1415/1415 420/420 1707/1707
f 1381/1381 420/420 1415/1415
f 1717/1717 1343/1343 1578/1578
f 1742/1742 1717/1717 1578/1578
f 1743/1743 1578/1578 1744/1744
f 1742/1742 1578/1578 1743/1743
f 1742/1742 1743/1743 1745/1745
f 1717/1717 1742/1742 1746/1746
f 1415/1415 1717/1717 1746/1746
f 1745/1745 1746/1746 1742/1742
f 1475/1475 1400/1400 1415/1415
f 1746/1746 1475/1475 1415/1415
f 1747/1747 1745/1745 1748/1748
f 1747/1747 1748/1748 1749/1749
f 1747/1747 1517/1517 1746/1746
f 1746/1746 1745/1745 1747/1747
f 1475/1475 1746/1746 1508/1508
f 1508/1508 1746/1746 1517/1517
f 1517/1517 1747/1747 1750/1750
f 1518/1518 1517/1517 1750/1750
f 1744/1744 1573/1573 1751/1751
f 1578/1578 1573/1573 1744/1744
f 1562/1562 1751/1751 1573/1573
f 1751/1751 1562/1562 1621/1621
f 1624/1624 1623/1623 1636/1636
f 1752/1752 1751/1751 1621/1621
f 1621/1621 1624/1624 1752/1752
f 1753/1753 1624/1624 1636/1636
f 1752/1752 1624/1624 1753/1753
f 1754/1754 1752/1752 1753/1753
f 1753/1753 1755/1755 1754/1754
f 1665/1665 1636/1636 1633/1633
f 1636/1636 1665/1665 1756/1756
f 1756/1756 1753/1753 1636/1636
f 1743/1743 1744/1744 1751/1751
f 1743/1743 1751/1751 1757/1757
f 1751/1751 1752/1752 1757/1757
f 1743/1743 1757/1757 1745/1745
f 1748/1748 1745/1745 1757/1757
f 1757/1757 1752/1752 1758/1758
f 1758/1758 1752/1752 1754/1754
f 1758/1758 1754/1754 1755/1755
f 1755/1755 1753/1753 1756/1756
f 1759/1759 1758/1758 1755/1755
f 1760/1760 1755/1755 1756/1756
f 1749/1749 1757/1757 1758/1758
f 1748/1748 1757/1757 1749/1749
f 1749/1749 1758/1758 1761/1761
f 1759/1759 1761/1761 1758/1758
f 1762/1762 1759/1759 1755/1755
f 1762/1762 1755/1755 1760/1760
f 1763/1763 1756/1756 1665/1665
f 1764/1764 1756/1756 1763/1763
f 1764/1764 1765/1765 1756/1756
f 1760/1760 1756/1756 1765/1765
f 1665/1665 1658/1658 1766/1766
f 1766/1766 1658/1658 1672/1672
f 1020/1020 1672/1672 1015/1015
f 1222/1222 1672/1672 1020/1020
f 1766/1766 1672/1672 1222/1222
f 1763/1763 1665/1665 1766/1766
f 1763/1763 1766/1766 1767/1767
f 1768/1768 1764/1764 1763/1763
f 1763/1763 1767/1767 1768/1768
f 1769/1769 1768/1768 1767/1767
f 1222/1222 1767/1767 1766/1766
f 1221/1221 1767/1767 1222/1222
f 1263/1263 1767/1767 1221/1221
f 1765/1765 1770/1770 1760/1760
f 1765/1765 1764/1764 1768/1768
f 1770/1770 1768/1768 1769/1769
f 1770/1770 1765/1765 1768/1768
f 1770/1770 1769/1769 1586/1586
f 1263/1263 1769/1769 1767/1767
f 1771/1771 1769/1769 1263/1263
f 1586/1586 1769/1769 1771/1771
f 1586/1586 1771/1771 1590/1590
f 1590/1590 1771/1771 1263/1263
f 1590/1590 1263/1263 1277/1277
f 1586/1586 1590/1590 1066/1066
f 1277/1277 1280/1280 1590/1590
f 1747/1747 1761/1761 1772/1772
f 1772/1772 1750/1750 1747/1747
f 1518/1518 1750/1750 1772/1772
f 1772/1772 1729/1729 1518/1518
f 1729/1729 1772/1772 1730/1730
f 1759/1759 1762/1762 1761/1761
f 1760/1760 1773/1773 1762/1762
f 1761/1761 1762/1762 1774/1774
f 1749/1749 1761/1761 1747/1747
f 1762/1762 1014/1014 1774/1774
f 1773/1773 1760/1760 1770/1770
f 1027/1027 1773/1773 1770/1770
f 1772/1772 1761/1761 1774/1774
f 1772/1772 1774/1774 1014/1014
f 1014/1014 1762/1762 1773/1773
f 1730/1730 1772/1772 1014/1014
f 1014/1014 1013/1013 1730/1730
f 1019/1019 1014/1014 1773/1773
f 1019/1019 1773/1773 1027/1027
f 1028/1028 1027/1027 1586/1586
f 1586/1586 1027/1027 1770/1770
f 1441/1441 1738/1738 1515/1515
f 1775/1775 1738/1738 1739/1739
f 1775/1775 1739/1739 1741/1741
f 1776/1776 1515/1515 1738/1738
f 1776/1776 1738/1738 1775/1775
f 1776/1776 1775/1775 1777/1777
f 1741/1741 1739/1739 1740/1740
f 962/962 1741/1741 974/974
f 1775/1775 1741/1741 1777/1777
f 1777/1777 1741/1741 1778/1778
f 1778/1778 1741/1741 962/962
f 1776/1776 994/994 1515/1515
f 994/994 1776/1776 995/995
f 995/995 1776/1776 1777/1777
f 963/963 1778/1778 962/962
f 995/995 1777/1777 986/986
f 1778/1778 963/963 1777/1777
f 963/963 986/986 1777/1777
f 962/962 974/974 946/946
f 941/941 946/946 974/974
f 975/975 978/978 949/949
f 942/942 978/978 975/975
f 940/940 942/942 975/975
f 941/941 978/978 942/942
f 1779/1779 665/665 285/285
f 1780/1780 1781/1781 1782/1782
f 1783/1783 1784/1784 1785/1785
f 1786/1786 1787/1787 1788/1788
f 1789/1789 1790/1790 1786/1786
f 1791/1791 1792/1792 1793/1793
f 666/666 665/665 1779/1779
f 1779/1779 1794/1794 666/666
f 1795/1795 1784/1784 1783/1783
f 1795/1795 1796/1796 1784/1784
f 1797/1797 1798/1798 1799/1799
f 1800/1800 1801/1801 1796/1796
f 1802/1802 1803/1803 1804/1804
f 1793/1793 1792/1792 1805/1805
f 1806/1806 1804/1804 1803/1803
f 1807/1807 1805/1805 1792/1792
f 1782/1782 1793/1793 1805/1805
f 246/246 264/264 284/284
f 1805/1805 1780/1780 1782/1782
f 284/284 1808/1808 1809/1809
f 284/284 264/264 1808/1808
f 1798/1798 1810/1810 1811/1811
f 1812/1812 1798/1798 1811/1811
f 1781/1781 1780/1780 1813/1813
f 649/649 1814/1814 1815/1815
f 1798/1798 1812/1812 1799/1799
f 1816/1816 1805/1805 1807/1807
f 1816/1816 1817/1817 1805/1805
f 1818/1818 1780/1780 1805/1805
f 1819/1819 1820/1820 1821/1821
f 1822/1822 1821/1821 272/272
f 1823/1823 1785/1785 1815/1815
f 1822/1822 1819/1819 1821/1821
f 1805/1805 1817/1817 1818/1818
f 1818/1818 1817/1817 1824/1824
f 260/260 264/264 258/258
f 1825/1825 1826/1826 1827/1827
f 264/264 260/260 1821/1821
f 1826/1826 1825/1825 1828/1828
f 272/272 1821/1821 260/260
f 1829/1829 1826/1826 1828/1828
f 264/264 1821/1821 1808/1808
f 1830/1830 1828/8227 1799/1799
f 1829/1829 1831/1831 1826/1826
f 272/272 281/281 1822/1822
f 1781/1781 1832/1832 1833/1833
f 1781/1781 1834/1834 1832/1832
f 1835/1835 1828/1828 1830/8228
f 1830/1830 1799/1799 1812/1812
f 1836/1836 1820/1820 1819/1819
f 649/649 673/673 1814/1814
f 1822/1822 1837/1837 1819/1819
f 1837/1837 1836/1836 1819/1819
f 1829/1829 1828/1828 1835/1835
f 1838/1838 1839/1839 1836/1836
f 1820/1820 1836/1836 1839/1839
f 1837/1837 1838/1838 1836/1836
f 1835/1835 1840/1840 1829/1829
f 1841/1841 1808/1808 1820/1820
f 1821/1821 1820/1820 1808/1808
f 1842/1842 1832/1832 1834/1834
f 1808/1808 1841/1841 1843/1843
f 1834/1834 1844/1844 1842/1842
f 1814/1814 1823/1823 1815/1815
f 1842/1842 1844/1844 1845/1845
f 1839/1839 1841/1841 1820/1820
f 1839/1839 1846/1846 1841/1841
f 1847/1847 1812/1812 1811/1811
f 1813/1813 1834/1834 1781/1781
f 1818/1818 1813/1813 1780/1780
f 1830/1830 1812/1812 1847/1847
f 1847/1847 1811/1811 1848/1848
f 1849/1849 1850/1850 1813/1813
f 1850/1850 1849/1849 1851/1851
f 1809/1809 285/285 284/284
f 1852/1852 1830/1830 1847/1847
f 1852/1852 1853/1853 1830/1830
f 1809/1809 1854/1854 285/285
f 1855/1855 1823/1823 1814/1814
f 1818/1818 1849/1849 1813/1813
f 1849/1849 1818/1818 1824/1824
f 1830/8228 1840/1840 1835/1835
f 1834/1834 1813/1813 1850/1850
f 1850/1850 1844/1844 1834/1834
f 1840/1840 1830/8228 1856/1856
f 1844/1844 1850/1850 1857/1857
f 1844/1844 1857/1857 1858/1858
f 1851/1851 1857/1857 1850/1850
f 1779/1779 285/285 1854/1854
f 1856/1856 1830/8228 1853/8229
f 1859/1859 1858/1858 1857/1857
f 1794/1794 1779/1779 1854/1854
f 1860/1860 1847/1847 1848/1848
f 1861/1861 1845/1845 1844/1844
f 1783/1783 1785/1785 1823/1823
f 1858/1858 1861/1861 1844/1844
f 1809/1809 1843/1843 1862/1862
f 1854/1854 1809/1809 1862/1862
f 1807/1807 1792/1792 1863/1863
f 1809/1809 1808/1808 1843/1843
f 1853/8229 1864/1864 1856/1856
f 1863/1863 1865/1865 1807/1807
f 1863/1863 1866/1866 1865/1865
f 1843/1843 1867/1867 1862/1862
f 1840/1840 1856/1856 1864/1864
f 1868/1868 1795/1795 1783/1783
f 1864/1864 1869/1869 1840/1840
f 1796/1796 1795/1795 1868/1868
f 1865/1865 1816/1816 1807/1807
f 1800/1800 1796/1796 1868/1868
f 1800/1800 1868/1868 1870/1870
f 1867/1867 1794/1794 1854/1854
f 1801/1801 1800/1800 1871/1871
f 1872/1872 1817/1817 1816/1816
f 1873/1873 1872/1872 1816/1816
f 1854/1854 1862/1862 1867/1867
f 1874/1874 1800/1800 1870/1870
f 1874/1874 1871/1871 1800/1800
f 1865/1865 1866/1866 1875/1875
f 1876/1876 1877/1877 1829/1829
f 1878/1878 1879/1879 1865/1865
f 1865/1865 1875/1875 1878/1878
f 1880/1880 1867/1867 1843/1843
f 1876/1876 1829/1829 1840/1840
f 1870/1870 1881/1881 1874/1874
f 1882/1882 1867/1867 1880/1880
f 1883/1883 1877/1877 1788/1788
f 1788/1788 1877/1877 1876/1876
f 1875/1875 1884/1884 1878/1878
f 1879/1879 1816/1816 1865/1865
f 1855/1855 1783/1783 1823/1823
f 1873/1873 1816/1816 1879/1879
f 1783/1783 1855/1855 1885/1885
f 1886/1886 1876/1876 1840/1840
f 1878/1878 1873/1873 1879/1879
f 1887/1887 1873/1873 1878/1878
f 1783/1783 1888/1888 1868/1868
f 1889/1889 1839/1839 1838/1838
f 1846/1846 1839/1839 1889/1889
f 1885/1885 1888/1888 1783/1783
f 1890/1890 1788/1788 1876/1876
f 1884/1884 1887/1887 1878/1878
f 1886/1886 1890/1890 1876/1876
f 1891/1891 1885/1885 1855/1855
f 1843/1843 1841/1841 1892/1892
f 1841/1841 1846/1846 1892/1892
f 1893/1893 1788/1788 1890/1890
f 1873/1873 1887/1887 1894/1894
f 1872/1872 1873/1873 1895/1895
f 1896/1896 1895/1895 1873/1873
f 1893/1893 1890/1890 1897/1897
f 1898/1898 1885/1885 1891/1891
f 1898/1898 1899/1899 1885/1885
f 1894/1894 1896/1896 1873/1873
f 1894/1894 1900/1900 1896/1896
f 1843/1843 1892/1892 1901/1901
f 1892/1892 1846/1846 1902/1902
f 1870/1870 1888/1888 1881/1881
f 1888/1888 1870/1870 1868/1868
f 1893/1893 1786/1786 1788/1788
f 1902/1902 1846/1846 1889/1889
f 1888/1888 1885/1885 1903/1903
f 1869/1869 1886/1886 1840/1840
f 1902/1902 1901/1901 1892/1892
f 1904/1904 1903/1903 1885/1885
f 1899/1899 1904/1904 1885/1885
f 1869/1869 1890/1890 1886/1886
f 1888/1888 1903/1903 1881/1881
f 1905/1905 1869/1869 1864/1864
f 1872/1872 1824/1824 1817/1817
f 1824/1824 1906/1906 1849/1849
f 1890/1890 1907/1907 1897/1897
f 1907/1907 1890/1890 1869/1869
f 1901/1901 1902/1902 1908/1908
f 1849/1849 1906/1906 1851/1851
f 1908/1908 1902/1902 1909/1909
f 1910/1910 1911/1911 1912/1912
f 1907/1907 1869/1869 1913/1913
f 1905/1905 1913/1913 1869/1869
f 1907/1907 1913/1913 1914/1914
f 1915/1915 1910/1910 1912/1912
f 1911/1911 1910/1910 1916/1916
f 1824/1824 1895/1895 1906/1906
f 1917/1917 1907/1907 1914/1914
f 1906/1906 1918/1918 1851/1851
f 1918/1918 1857/1857 1851/1851
f 1919/1919 1920/1920 1921/1921
f 1922/1922 1857/1857 1918/1918
f 1922/1922 1859/1859 1857/1857
f 1880/1880 1843/1843 1923/1923
f 1859/1859 1922/1922 1924/1924
f 1916/1916 1921/1921 1925/1925
f 1918/1918 1906/1906 1895/1895
f 1926/1926 1927/1927 1928/1928
f 1929/1929 1880/1880 1923/1923
f 1918/1918 1895/1895 1930/1930
f 1921/1921 1916/1916 1910/1910
f 1931/1931 1930/1930 1895/1895
f 1932/1932 1933/1933 1934/1934
f 1924/1924 1918/1918 1930/1930
f 1918/1918 1924/1924 1922/1922
f 1921/1921 1910/1910 1919/1919
f 1935/1935 1932/1932 1934/1934
f 1912/1912 1936/1936 1915/1915
f 1872/1872 1895/1895 1824/1824
f 1926/1926 1928/1928 1937/1937
f 1896/1896 1931/1931 1895/1895
f 1900/1900 1938/1938 1896/1896
f 1934/1934 1926/1926 1937/1937
f 1937/1937 1935/1935 1934/1934
f 1939/1939 1910/1910 1915/1915
f 1935/1935 1937/1937 1940/1940
f 1935/1935 1940/1940 1941/1941
f 1801/1801 1915/1915 1936/1936
f 1938/1938 1942/1942 1931/1931
f 1942/1942 1930/1930 1931/1931
f 1943/1943 1939/1939 1915/1915
f 1896/1896 1938/1938 1931/1931
f 1944/1944 1942/1942 1938/1938
f 1932/1932 1941/1941 1945/1945
f 1900/1900 1944/1944 1938/1938
f 1945/1945 1946/1946 1932/1932
f 1946/1946 1945/1945 1947/1947
f 1919/1919 1910/1910 1939/1939
f 1947/1947 1945/1945 1948/1948
f 1932/1932 1935/1935 1941/1941
f 1937/1937 1928/1928 1949/1949
f 1950/1950 1945/1945 1941/1941
f 1940/1940 1950/1950 1941/1941
f 1943/1943 1951/1951 1939/1939
f 1952/1952 1940/1940 1937/1937
f 1940/1940 1952/1952 1950/1950
f 1949/1949 1953/1953 1937/1937
f 1901/1901 1923/1923 1843/1843
f 1954/1954 1920/1920 1919/1919
f 1953/1953 1949/1949 1955/1955
f 1954/1954 1919/1919 1956/1956
f 1952/1952 1937/1937 1953/1953
f 1901/1901 1957/1957 1923/1923
f 1958/1958 1950/1950 1952/1952
f 1959/1959 1945/1945 1950/1950
f 1959/1959 1960/1960 1945/1945
f 1961/1961 1959/1959 1950/1950
f 351/351 1962/1962 277/277
f 1963/1963 1822/1822 281/281
f 1964/1964 1947/1947 1965/1965
f 1963/1963 281/281 1962/1962
f 1962/1962 351/351 1966/1966
f 1967/1967 1968/1968 1954/1954
f 1966/1966 351/351 353/353
f 1952/1952 1953/1953 1969/1969
f 1952/1952 1969/1969 1970/1970
f 1970/1970 1969/1969 1971/1971
f 1967/1967 1954/1954 1956/1956
f 1965/1965 1972/1972 1964/1964
f 1952/1952 1970/1970 1958/1958
f 1973/1973 1962/1962 1974/1974
f 1974/1974 1962/1962 1966/1966
f 1962/1962 281/281 277/277
f 1965/1965 1975/1975 1972/1972
f 1976/1976 1977/1977 1958/1958
f 1822/1822 1963/1963 1837/1837
f 1978/1978 1970/1970 1971/1971
f 1958/1958 1970/1970 1978/1978
f 1979/1979 1978/1978 1971/1971
f 1980/1980 1837/1837 1963/1963
f 1976/1976 1958/1958 1978/1978
f 1948/1948 1945/1945 1960/1960
f 1919/1919 1951/1951 1956/1956
f 1948/1948 1960/1960 1947/1947
f 1973/1973 1963/1963 1962/1962
f 1965/1965 1947/1947 1975/1975
f 1947/1947 1960/1960 1975/1975
f 1963/1963 1973/1973 1980/1980
f 1950/1950 1958/1958 1961/1961
f 1951/1951 1919/1919 1939/1939
f 1958/1958 1977/1977 1961/1961
f 1981/1981 1966/1966 353/353
f 1982/1982 1956/1956 1951/1951
f 1981/1981 1974/1974 1966/1966
f 1983/1983 1972/1972 1975/1975
f 1972/1972 1983/1983 1860/1860
f 1984/1984 1974/1974 1981/1981
f 365/365 1985/1985 353/353
f 1981/1981 353/353 1985/1985
f 1986/1986 1977/1977 1976/1976
f 1967/1967 1956/1956 1987/1987
f 1967/1967 1987/1987 1988/1988
f 365/365 1981/1981 1985/1985
f 1981/1981 365/365 1989/1989
f 1989/1989 1984/1984 1981/1981
f 1982/1982 1987/1987 1956/1956
f 1990/1990 1860/1860 1983/1983
f 1991/1991 1978/1978 1979/1979
f 1992/1992 1973/1973 1974/1974
f 1984/1984 1992/1992 1974/1974
f 1993/1993 1978/1978 1991/1991
f 1860/1860 1990/1990 1994/1994
f 1993/1993 1976/1976 1978/1978
f 1995/1995 1992/1992 1984/1984
f 1984/1984 1996/1996 1995/1995
f 1996/1996 1984/1984 1989/1989
f 1801/1801 1871/1871 1915/1915
f 1997/1997 1992/1992 1995/1995
f 1976/1976 1993/1993 1998/1998
f 1997/1997 1995/1995 1996/1996
f 1871/1871 1943/1943 1915/1915
f 1975/1975 1960/1960 1999/1999
f 1977/1977 1986/1986 2000/2000
f 2001/2001 1838/1838 1837/1837
f 2002/2002 2000/2000 1986/1986
f 2003/2003 1889/1889 1838/1838
f 2004/2004 1999/1999 1960/1960
f 1998/1998 1986/1986 1976/1976
f 2001/2001 2003/2003 1838/1838
f 1980/1980 2001/2001 1837/1837
f 2005/2005 2006/2006 1943/1943
f 1871/1871 2005/2005 1943/1943
f 1998/1998 2007/2007 1986/1986
f 2004/2004 1960/1960 1959/1959
f 2007/2007 2002/2002 1986/1986
f 2008/2008 2009/2009 1993/1993
f 2010/2010 2006/2006 2005/2005
f 2003/2003 2001/2001 2011/2011
f 1975/1975 1999/1999 1983/1983
f 2012/2012 2005/2005 1871/1871
f 2013/2013 2005/2005 2012/2012
f 1959/1959 1961/1961 2014/2014
f 1999/1999 2004/2004 2015/2015
f 1983/1983 1999/1999 2015/2015
f 2011/2011 2016/2016 1889/1889
f 1983/1983 2015/2015 1990/1990
f 2017/2017 1990/1990 2015/2015
f 2011/2011 1889/1889 2003/2003
f 2014/2014 2004/2004 1959/1959
f 2018/2018 2004/2004 2014/2014
f 1902/1902 1889/1889 2016/2016
f 1994/1994 1990/1990 2017/2017
f 1961/1961 1977/1977 2000/2000
f 2000/2000 2014/2014 1961/1961
f 2019/2019 2014/2014 2000/2000
f 1802/1802 2011/2011 2001/2001
f 2013/2013 2020/2020 2021/2021
f 2019/2019 2018/2018 2014/2014
f 2018/2018 2019/2019 2022/2022
f 2023/2023 2015/2015 2004/2004
f 2012/2012 1871/1871 1874/1874
f 1973/1973 2024/2024 1980/1980
f 1881/1881 2012/2012 1874/1874
f 2023/2023 2018/2018 2022/2022
f 1980/1980 2024/2024 2001/2001
f 2023/2023 2017/2017 2015/2015
f 1903/1903 2012/2012 1881/1881
f 1992/1992 2024/2024 1973/1973
f 1992/1992 1997/1997 2024/2024
f 2004/2004 2018/2018 2023/2023
f 2025/2025 2024/2024 1997/1997
f 2002/2002 2019/2019 2000/2000
f 1903/1903 2026/2026 2020/2020
f 1903/1903 2020/2020 2012/2012
f 2017/2017 2023/2023 2027/2027
f 2028/2028 2024/2024 2025/2025
f 1802/1802 2001/2001 2024/2024
f 2029/2029 2019/2019 2002/2002
f 2020/2020 2013/2013 2012/2012
f 2023/2023 2030/2030 2027/2027
f 2031/2031 2021/2021 2020/2020
f 2006/2006 1951/1951 1943/1943
f 1852/1852 1847/1847 1860/1860
f 1982/1982 1951/1951 2006/2006
f 1802/1802 2024/2024 1803/1803
f 2032/2032 1802/1802 2033/2033
f 2022/2022 2030/2030 2023/2023
f 2033/2033 2034/2034 2032/2032
f 2035/2035 2030/2030 2022/2022
f 2019/2019 2036/2036 2022/2022
f 1860/1860 1994/1994 1852/1852
f 2037/2037 2033/2033 1802/1802
f 2010/2010 1982/1982 2006/2006
f 2036/2036 2035/2035 2022/2022
f 2037/2037 2038/2038 2033/2033
f 2036/2036 2019/2019 2029/2029
f 1853/1853 1852/1852 1994/1994
f 1804/1804 2037/2037 1802/1802
f 1853/1853 1994/1994 2039/2039
f 2040/2040 1987/1987 1982/1982
f 1804/1804 2041/2041 2037/2037
f 2042/2042 2040/2040 1982/1982
f 2038/2038 2034/2034 2033/2033
f 1905/1905 1864/1864 1853/8229
f 2038/2038 2043/2043 2034/2034
f 2044/2044 2043/2043 2038/2038
f 2045/2045 1842/1842 2046/2046
f 2047/2047 1905/1905 1853/8229
f 2047/2047 2048/2048 1905/1905
f 2049/2049 2045/2045 2046/2046
f 2038/2038 2037/2037 2050/2050
f 2038/2038 2050/2050 2051/2051
f 2052/2052 2010/2010 2005/2005
f 2046/2046 2053/2053 2049/2049
f 2054/2054 2053/2053 2046/2046
f 2037/2037 2041/2041 2055/2055
f 2039/8231 2047/2047 1853/8229
f 2055/2055 2050/2050 2037/2037
f 2010/2010 2056/2056 1982/1982
f 2051/2051 2044/2044 2038/2038
f 2005/2005 2013/2013 2052/2052
f 2052/2052 2013/2013 2021/2021
f 2048/2048 1913/1913 1905/1905
f 2057/2057 2058/2058 2059/2059
f 2058/2058 2060/2060 2059/2059
f 2058/2058 2061/2061 2060/2060
f 2051/2051 2043/2043 2044/2044
f 2062/2062 2048/2048 2047/2047
f 2062/2062 2047/2047 2039/8231
f 2039/8231 2063/2063 2062/2062
f 2061/2061 2058/2058 2064/2064
f 2056/2056 2042/2042 1982/1982
f 2065/2065 2060/2060 2061/2061
f 2059/2059 2062/2062 2057/2057
f 2052/2052 2056/2056 2010/2010
f 2065/2065 2061/2061 2066/2066
f 2067/2067 2051/2051 2068/2068
f 2069/2069 2039/2039 1994/1994
f 2051/2051 2050/2050 2068/2068
f 2043/2043 2051/2051 2070/2070
f 2071/2071 2065/2065 2066/2066
f 2027/2027 1994/1994 2017/2017
f 2072/2072 2065/2065 2071/2071
f 2073/2073 2074/2074 2070/2070
f 2056/2056 2052/2052 2075/2075
f 2063/2063 2039/8231 2069/8232
f 2067/2067 2068/2068 2076/2076
f 2077/2077 2072/2072 2071/2071
f 2077/2077 2071/2071 2078/2078
f 2067/2067 2070/2070 2051/2051
f 1994/1994 2027/2027 2069/2069
f 2079/2079 2056/2056 2075/2075
f 2080/2080 2069/2069 2027/2027
f 2070/2070 2067/2067 2073/2073
f 2079/2079 2042/2042 2056/2056
f 2081/2081 1914/1914 2059/2059
f 2073/2073 2067/2067 2082/2082
f 2081/2081 1917/1917 1914/1914
f 2083/2083 2063/2063 2069/8232
f 2084/2084 2081/2081 2059/2059
f 2084/2084 2059/2059 2060/2060
f 2085/2085 2086/2086 2081/2081
f 2087/2087 1908/1908 1909/1909
f 2085/2085 2081/2081 2084/2084
f 2081/2081 2086/2086 2088/2088
f 2089/2089 2084/2084 2060/2060
f 2090/2090 2085/2085 2084/2084
f 2084/2084 2089/2089 2091/2091
f 2057/2057 2062/2062 2063/2063
f 2065/2065 2089/2089 2060/2060
f 2092/2092 2086/2086 2085/2085
f 2093/2093 2092/2092 2085/2085
f 2093/2093 2085/2085 2090/2090
f 673/673 2094/2094 1814/1814
f 2091/2091 2090/2090 2084/2084
f 2091/2091 2089/2089 2065/2065
f 2083/2083 2095/2095 2063/2063
f 2083/2083 2096/2096 2095/2095
f 2097/2097 2090/2090 2091/2091
f 2058/2058 2095/2095 2096/2096
f 2057/2057 2063/2063 2095/2095
f 2057/2057 2095/2095 2058/2058
f 2093/2093 2090/2090 2097/2097
f 2098/2098 2093/2093 2097/2097
f 2099/2099 2097/2097 2091/2091
f 1855/1855 1814/1814 2094/2094
f 2099/2099 2091/2091 2072/2072
f 1914/1914 1913/1913 2059/2059
f 2059/2059 1913/1913 2048/2048
f 2059/2059 2048/2048 2062/2062
f 2072/2072 2091/2091 2065/2065
f 1929/1929 1923/1923 1957/1957
f 2100/2100 2099/2099 2072/2072
f 2100/2100 2072/2072 2077/2077
f 2027/2027 2030/2030 2080/2080
f 2101/2101 1855/1855 2094/2094
f 2069/8232 2080/8233 2083/2083
f 2080/8233 2102/2102 2103/2103
f 2104/2104 2103/2103 2102/2102
f 2105/2105 2106/2106 2101/2101
f 2094/2094 2105/2105 2101/2101
f 1901/1901 1908/1908 1957/1957
f 2083/2083 2080/8233 2103/2103
f 2103/2103 2104/2104 2107/2107
f 2108/2108 2107/2107 2109/2109
f 2102/8234 2080/2080 2030/2030
f 2058/2058 2096/2096 2110/2110
f 2064/2064 2058/2058 2110/2110
f 2083/2083 2103/2103 2096/2096
f 2110/2110 2096/2096 2103/2103
f 2108/2108 2064/2064 2110/2110
f 2111/2111 2112/2112 2113/2113
f 2113/2113 1803/1803 2111/2111
f 2113/2113 1806/1806 1803/1803
f 2107/2107 2110/2110 2103/2103
f 2110/2110 2107/2107 2108/2108
f 2108/2108 2061/2061 2064/2064
f 2114/2114 2061/2061 2115/2115
f 2116/2116 2113/2113 2112/2112
f 2061/2061 2114/2114 2066/2066
f 1929/1929 1957/1957 2117/2117
f 2115/2115 2061/2061 2108/2108
f 2118/2118 2115/2115 2108/2108
f 2119/2119 2116/2116 2120/2120
f 2118/2118 2108/2108 2121/2121
f 2030/2030 2035/2035 2102/8234
f 2122/2122 2104/2104 2102/2102
f 2123/2123 2105/2105 2094/2094
f 368/368 1989/1989 365/365
f 2107/2107 2104/2104 2122/2122
f 2124/2124 1899/1899 1898/1898
f 2102/2102 2035/8230 2122/2122
f 2101/2101 1891/1891 1855/1855
f 2125/2125 1989/1989 368/368
f 2101/2101 1898/1898 1891/1891
f 2126/2126 2125/2125 368/368
f 2127/2127 2122/2122 2035/8230
f 2128/2128 2122/2122 2127/2127
f 2128/2128 2107/2107 2122/2122
f 2109/2109 2107/2107 2128/2128
f 2106/2106 1898/1898 2101/2101
f 2121/2121 2108/2108 2109/2109
f 2129/2129 1898/1898 2106/2106
f 2129/2129 2124/2124 1898/1898
f 2126/2126 2130/2130 2131/2131
f 2132/2132 2128/2128 2133/2133
f 2134/2134 2129/2129 2106/2106
f 2105/2105 2134/2134 2106/2106
f 2135/2135 1929/1929 2117/2117
f 2109/2109 2128/2128 2132/2132
f 672/672 2126/2126 368/368
f 2124/2124 1904/1904 1899/1899
f 1904/1904 2124/2124 2026/2026
f 2026/2026 1903/1903 1904/1904
f 2066/2066 2114/2114 2136/2136
f 2071/2071 2066/2066 2136/2136
f 2114/2114 2115/2115 2118/2118
f 2125/2125 1996/1996 1989/1989
f 2137/2137 2118/2118 2138/2138
f 2124/2124 2139/2139 2026/2026
f 2078/2078 2071/2071 2136/2136
f 2140/2140 2026/2026 2139/2139
f 2078/2078 2136/2136 2114/2114
f 2134/2134 2141/2141 2139/2139
f 2140/2140 2139/2139 2141/2141
f 2129/2129 2139/2139 2124/2124
f 2118/2118 2078/2078 2114/2114
f 2078/2078 2118/2118 2137/2137
f 2129/2129 2134/2134 2139/2139
f 2142/2142 1997/1997 1996/1996
f 2125/2125 2126/2126 2143/2143
f 2142/2142 1996/1996 2125/2125
f 2143/2143 2142/2142 2125/2125
f 2137/2137 2144/2144 2078/2078
f 2131/2131 2143/2143 2126/2126
f 2121/2121 2109/2109 2145/2145
f 2146/2146 2121/2121 2145/2145
f 2147/2147 2135/2135 2117/2117
f 2135/2135 2147/2147 2148/2148
f 2149/2149 2150/2150 2132/2132
f 2132/2132 2145/2145 2109/2109
f 2145/2145 2132/2132 2150/2150
f 2142/2142 2143/2143 2151/2151
f 2146/2146 2145/2145 2150/2150
f 2146/2146 2150/2150 2152/2152
f 2138/2138 2118/2118 2121/2121
f 2137/2137 2138/2138 2121/2121
f 2153/2153 2154/2154 2141/2141
f 2121/2121 2146/2146 2137/2137
f 672/672 681/681 2155/2155
f 672/672 2155/2155 2126/2126
f 2156/2156 2126/2126 2155/2155
f 2077/2077 2157/2157 2158/2158
f 2157/2157 2077/2077 2159/2159
f 2156/2156 2155/2155 681/681
f 2105/2105 2123/2123 2134/2134
f 2126/2126 2156/2156 2130/2130
f 2157/2157 2160/2160 2161/2161
f 2123/2123 2153/2153 2134/2134
f 2141/2141 2134/2134 2153/2153
f 682/682 2156/2156 681/681
f 2162/2162 2156/2156 682/682
f 2163/2163 2098/2098 2097/2097
f 2162/2162 2131/2131 2156/2156
f 2131/2131 2130/2130 2156/2156
f 2098/2098 2163/2163 2164/2164
f 2165/2165 2098/2098 2164/2164
f 2163/2163 2097/2097 2099/2099
f 2166/2166 2123/2123 2094/2094
f 2162/2162 2167/2167 2131/2131
f 2167/2167 2168/2168 2131/2131
f 2163/2163 2099/2099 2100/2100
f 2168/2168 2143/2143 2131/2131
f 2016/2016 1909/1909 1902/1902
f 2165/2165 2164/2164 2169/2169
f 2169/2169 2164/2164 2100/2100
f 2169/2169 2100/2100 2170/2170
f 2171/2171 2151/2151 2143/2143
f 2143/2143 2168/2168 2171/2171
f 2032/2032 2016/2016 2011/2011
f 2123/2123 2166/2166 2172/2172
f 1802/1802 2032/2032 2011/2011
f 2172/2172 2153/2153 2123/2123
f 2158/2158 2100/2100 2077/2077
f 2016/2016 2032/2032 2034/2034
f 1909/1909 2016/2016 2034/2034
f 2164/2164 2163/2163 2100/2100
f 2158/2158 2157/2157 2100/2100
f 2173/2173 2100/2100 2157/2157
f 2100/2100 2173/2173 2170/2170
f 2174/2174 2173/2173 2157/2157
f 2175/2175 2165/2165 2169/2169
f 2176/2176 2165/2165 2175/2175
f 2177/2177 2176/2176 2175/2175
f 1997/1997 2142/2142 2025/2025
f 2170/2170 2175/2175 2169/2169
f 2178/2178 2153/2153 2172/2172
f 2111/2111 2024/2024 2028/2028
f 2043/2043 1909/1909 2034/2034
f 2043/2043 2087/2087 1909/1909
f 2177/2177 2175/2175 2170/2170
f 2142/2142 2179/2179 2025/2025
f 2142/2142 2151/2151 2179/2179
f 2087/2087 2180/2180 1908/1908
f 2028/2028 2025/2025 2179/2179
f 2170/2170 2173/2173 2174/2174
f 2174/2174 2157/2157 2161/2161
f 2181/2181 2174/2174 2161/2161
f 2182/2182 2028/2028 2179/2179
f 2172/2172 2183/2183 2178/2178
f 2024/2024 2111/2111 1803/1803
f 2174/2174 2181/2181 2170/2170
f 2177/2177 2170/2170 2181/2181
f 2111/2111 2028/2028 2112/2112
f 2181/2181 2161/2161 2184/2184
f 2182/2182 2112/2112 2028/2028
f 2120/2120 2112/2112 2182/2182
f 2078/2078 2159/2159 2077/2077
f 2043/2043 2180/2180 2087/2087
f 2185/2185 2159/2159 2078/2078
f 2120/2120 2182/2182 2119/2119
f 2116/2116 2112/2112 2120/2120
f 2186/2186 2183/2183 2172/2172
f 2074/2074 2180/2180 2043/2043
f 2031/2031 2187/2187 2021/2021
f 2188/2188 2078/2078 2144/2144
f 2189/2189 2188/2188 2144/2144
f 2190/2190 2191/2191 2151/2151
f 2157/2157 2159/2159 2160/2160
f 2185/2185 2160/2160 2159/2159
f 2192/2192 2020/2020 2026/2026
f 2191/2191 2179/2179 2151/2151
f 2191/2191 2182/2182 2179/2179
f 1908/1908 2180/2180 1957/1957
f 2020/2020 2192/2192 2193/2193
f 2189/2189 2194/2194 2188/2188
f 2188/2188 2185/2185 2078/2078
f 2188/2188 2160/2160 2185/2185
f 2195/2195 2137/2137 2146/2146
f 2196/2196 2191/2191 2190/2190
f 2140/2140 2192/2192 2026/2026
f 2196/2196 2197/2197 2191/2191
f 2151/2151 2171/2171 2190/2190
f 2198/2198 2146/2146 2152/2152
f 2195/2195 2146/2146 2198/2198
f 2196/2196 2190/2190 2171/2171
f 2199/2199 2195/2195 2198/2198
f 2140/2140 2193/2193 2192/2192
f 2200/2200 2193/2193 2140/2140
f 2201/2201 2195/2195 2199/2199
f 2020/2020 2193/2193 2031/2031
f 2031/2031 2193/2193 2202/2202
f 2195/2195 2144/2144 2137/2137
f 2031/2031 2202/2202 2187/2187
f 2119/2119 2182/2182 2191/2191
f 2144/2144 2201/2201 2189/2189
f 2201/2201 2144/2144 2195/2195
f 2200/2200 2202/2202 2193/2193
f 2201/2201 2194/2194 2189/2189
f 2180/2180 2074/2074 2203/2203
f 2204/2204 2187/2187 2202/2202
f 2205/2205 2187/2187 2204/2204
f 2141/2141 2206/2206 2140/2140
f 2074/2074 2207/2207 2203/2203
f 2188/2188 2194/2194 2160/2160
f 2208/2208 1957/1957 2203/2203
f 2209/2209 2161/2161 2160/2160
f 2210/2210 2211/2211 2119/2119
f 2161/2161 2209/2209 2184/2184
f 2184/2184 2209/2209 2212/2212
f 682/682 718/718 2162/2162
f 2213/2213 2212/2212 2160/2160
f 2154/2154 2206/2206 2141/2141
f 2209/2209 2160/2160 2212/2212
f 2203/2203 1957/1957 2180/2180
f 2206/2206 2200/2200 2140/2140
f 2214/2214 2200/2200 2206/2206
f 2199/2199 2215/2215 2216/2216
f 2217/2217 2214/2214 2206/2206
f 2070/2070 2074/2074 2043/2043
f 2200/2200 2204/2204 2202/2202
f 2214/2214 2204/2204 2200/2200
f 2194/2194 2201/2201 2199/2199
f 2218/2218 2162/2162 718/718
f 718/718 720/720 2218/2218
f 2160/2160 2194/2194 2213/2213
f 2216/2216 2194/2194 2199/2199
f 2213/2213 2194/2194 2216/2216
f 2217/2217 2206/2206 2154/2154
f 2219/2219 2074/2074 2073/2073
f 722/722 2218/2218 720/720
f 2220/2220 2167/2167 2162/2162
f 2221/2221 2212/2212 2213/2213
f 2220/2220 2162/2162 2222/2222
f 2217/2217 2223/2223 2214/2214
f 1957/1957 2208/2208 2117/2117
f 2222/2222 2162/2162 2218/2218
f 2224/2224 2223/2223 2217/2217
f 2167/2167 2225/2225 2168/2168
f 2225/2225 2226/2226 2168/2168
f 2208/2208 2147/2147 2117/2117
f 1998/1998 1993/1993 2009/2009
f 2021/2021 2187/2187 2227/2227
f 2228/2228 1998/1998 2009/2009
f 2196/2196 2168/2168 2226/2226
f 2196/2196 2171/2171 2168/2168
f 2052/2052 2021/2021 2227/2227
f 1998/1998 2228/2228 2007/2007
f 2225/2225 2196/2196 2226/2226
f 2229/2229 2228/2228 2230/2230
f 2009/2009 2231/2231 2232/2232
f 2233/2233 2227/2227 2187/2187
f 2205/2205 2233/2233 2187/2187
f 2225/2225 2167/2167 2220/2220
f 2075/2075 2052/2052 2227/2227
f 2227/2227 2234/2234 2075/2075
f 659/659 666/666 661/661
f 2009/2009 2232/2232 2235/2235
f 2236/2236 2232/8237 2237/2237
f 2225/2225 2238/2238 2239/2239
f 661/661 666/666 663/663
f 2239/2239 2238/2238 2240/2240
f 2241/2241 2232/8237 2236/2236
f 2232/8237 2241/2241 2235/8238
f 2235/8238 2241/2241 2242/2242
f 2236/2236 2237/2237 2243/2243
f 2243/2243 2241/2241 2236/2236
f 2079/2079 2075/2075 2244/2244
f 2242/2242 2241/2241 2245/2245
f 2243/2243 2245/2245 2241/2241
f 666/666 2246/2246 663/663
f 2247/2247 2237/2237 2248/2248
f 2237/2237 2247/2247 2249/2249
f 2246/2246 666/666 1882/1882
f 2238/2238 2225/2225 2220/2220
f 2250/2250 2249/2249 2247/2247
f 2249/2249 2243/2243 2237/2237
f 2244/2244 2075/2075 2234/2234
f 2009/2009 2235/2235 2228/2228
f 2251/2251 2218/2218 722/722
f 663/663 2252/2252 662/662
f 2233/2233 2205/2205 2253/2253
f 668/668 662/662 2252/2252
f 2235/8238 2242/2242 2254/2254
f 2245/2245 2254/2254 2242/2242
f 2218/2218 2220/2220 2222/2222
f 2253/2253 2227/2227 2233/2233
f 2245/2245 2243/2243 2255/2255
f 2256/2256 2218/2218 2251/2251
f 2254/8239 2228/2228 2235/2235
f 2227/2227 2253/2253 2234/2234
f 2257/2257 2234/2234 2253/2253
f 2230/2230 2228/2228 2254/8239
f 2245/2245 2258/2258 2254/2254
f 2252/2252 663/663 2259/2259
f 2258/2258 2230/8235 2254/2254
f 663/663 2246/2246 2259/2259
f 2253/2253 2260/2260 2257/2257
f 729/729 2251/2251 722/722
f 2261/2261 2244/2244 2234/2234
f 2249/2249 2255/2255 2243/2243
f 2262/2262 2255/2255 2249/2249
f 2245/2245 2255/2255 2263/2263
f 666/666 1794/1794 1882/1882
f 2264/2264 2251/2251 729/729
f 2255/2255 2262/2262 2265/2265
f 2266/2266 2257/2257 2224/2224
f 2029/2029 2002/2002 2007/2007
f 2229/2229 2007/2007 2228/2228
f 1867/1867 1882/1882 1794/1794
f 2218/2218 2256/2256 2220/2220
f 2220/2220 2256/2256 2267/2267
f 2268/2268 2238/2238 2220/2220
f 2214/2214 2205/2205 2204/2204
f 2220/2220 2267/2267 2268/2268
f 2269/2269 2268/2268 2267/2267
f 2269/2269 2267/2267 2256/2256
f 2270/2270 2268/2268 2269/2269
f 2271/2271 2029/2029 2007/2007
f 2229/2229 2271/2271 2007/2007
f 2259/2259 2272/2272 2252/2252
f 2260/2260 2205/2205 2214/2214
f 2268/2268 2270/2270 2238/2238
f 2223/2223 2260/2260 2214/2214
f 2273/2273 2238/2238 2270/2270
f 2260/2260 2253/2253 2205/2205
f 2256/2256 2251/2251 2269/2269
f 2271/2271 2036/2036 2029/2029
f 2274/2274 2035/2035 2036/2036
f 2275/2275 2259/2259 2246/2246
f 2127/2127 2035/8230 2274/8240
f 2246/2246 1882/1882 2275/2275
f 2269/2269 2273/2273 2270/2270
f 2276/2276 2273/2273 2269/2269
f 2036/2036 2271/2271 2274/2274
f 2271/2271 2277/2277 2274/2274
f 2275/2275 1882/1882 2278/2278
f 2271/2271 2229/2229 2277/2277
f 2269/2269 2251/2251 2276/2276
f 668/668 2252/2252 2279/2279
f 2224/2224 2260/2260 2223/2223
f 2279/2279 2280/2280 668/668
f 2281/2281 2274/8240 2282/2282
f 685/685 668/668 2280/2280
f 2277/2277 2229/2229 2230/2230
f 2239/2239 2196/2196 2225/2225
f 2282/8243 2274/2274 2277/2277
f 2224/2224 2257/2257 2260/2260
f 2272/2272 2283/2283 2279/2279
f 2191/2191 2197/2197 2210/2210
f 2258/2258 2245/2245 2284/2284
f 2279/2279 2283/2283 2280/2280
f 2285/2285 2197/2197 2196/2196
f 2286/2286 2217/2217 2154/2154
f 2153/2153 2286/2286 2154/2154
f 2263/2263 2284/2284 2245/2245
f 2265/2265 2263/2263 2255/2255
f 2265/2265 2287/2287 2263/2263
f 2263/2263 2288/2288 2284/2284
f 2289/2289 2287/2287 2265/2265
f 2263/2263 2287/2287 2288/2288
f 692/692 685/685 2280/2280
f 2290/2290 2133/2133 2281/2281
f 2291/2291 2280/2280 2283/2283
f 2290/2290 2292/2292 2133/2133
f 2178/2178 2286/2286 2153/2153
f 2290/2290 2281/2281 2282/2282
f 2293/2293 2290/8244 2282/8242
f 2196/2196 2239/2239 2285/2285
f 2294/2294 2285/2285 2239/2239
f 2280/2280 2295/2295 692/692
f 2287/2287 2296/2296 2288/2288
f 2294/2294 2239/2239 2297/2297
f 2288/2288 2296/2296 2298/2298
f 2289/2289 2296/2296 2287/2287
f 2295/2295 2280/2280 2291/2291
f 2210/2210 2119/2119 2191/2191
f 2210/2210 2197/2197 2285/2285
f 2290/8244 2293/2293 2298/2298
f 2285/2285 2299/2299 2210/2210
f 2296/2296 2290/8244 2298/2298
f 2300/2300 2290/8244 2296/2296
f 2301/2301 2302/2302 2300/2300
f 2272/2272 2303/2303 2283/2283
f 2283/2283 2303/2303 2304/2304
f 2302/2302 2290/8244 2300/2300
f 2290/2290 2302/8246 2305/2305
f 2306/2306 2230/8235 2258/2258
f 2284/2284 2306/2306 2258/2258
f 2291/2291 2283/2283 2304/2304
f 2211/2211 2210/2210 2299/2299
f 2230/8235 2306/2306 2307/2307
f 2293/2293 2307/2307 2306/2306
f 2306/2306 2284/2284 2288/2288
f 2288/2288 2293/2293 2306/2306
f 2307/2307 2277/8241 2230/8235
f 2291/2291 2304/2304 2295/2295
f 2277/8241 2307/2307 2282/8242
f 2293/2293 2282/8242 2307/2307
f 2285/2285 2294/2294 2308/2308
f 2293/2293 2288/2288 2298/2298
f 2286/2286 2178/2178 2309/2309
f 2250/2250 2247/2247 2310/2310
f 2309/2309 2178/2178 2183/2183
f 2308/2308 2299/2299 2285/2285
f 2295/2295 2304/2304 2311/2311
f 2312/2312 2286/2286 2309/2309
f 2272/2272 2279/2279 2252/2252
f 2313/2313 2249/2249 2250/2250
f 2053/2053 2313/2313 2250/2250
f 2272/2272 2259/2259 2303/2303
f 2273/2273 2240/2240 2238/2238
f 2049/2049 2250/2250 2310/2310
f 2049/2049 2053/2053 2250/2250
f 2239/2239 2240/2240 2297/2297
f 2259/2259 2275/2275 2303/2303
f 2314/2314 2249/2249 2313/2313
f 2240/2240 2315/2315 2297/2297
f 2273/2273 2315/2315 2240/2240
f 2262/2262 2249/2249 2314/2314
f 2276/2276 2316/2316 2273/2273
f 2273/2273 2316/2316 2315/2315
f 2304/2304 2303/2303 2317/2317
f 2314/2314 2265/2265 2262/2262
f 2318/2318 2319/2319 2316/2316
f 2319/2319 2297/2297 2315/2315
f 2319/2319 2315/2315 2316/2316
f 2320/2320 2309/2309 2321/2321
f 1880/1880 2278/2278 1882/1882
f 2313/2313 2322/2322 2314/2314
f 2314/2314 2322/2322 2323/2323
f 2324/2324 2275/2275 2278/2278
f 2275/2275 2324/2324 2325/2325
f 2318/2318 2316/2316 2276/2276
f 2186/2186 2309/2309 2183/2183
f 2054/2054 2313/2313 2053/2053
f 1880/1880 2324/2324 2278/2278
f 2294/2294 2297/2297 2326/2326
f 2321/2321 2309/2309 2186/2186
f 2054/2054 2322/2322 2313/2313
f 2327/2327 2324/2324 1880/1880
f 2322/2322 2054/2054 2323/2323
f 2294/2294 2326/2326 2308/2308
f 2312/2312 2224/2224 2217/2217
f 2328/2328 2289/2289 2265/2265
f 2314/2314 2323/2323 2265/2265
f 2286/2286 2312/2312 2217/2217
f 2323/2323 2328/2328 2265/2265
f 2329/2329 2297/2297 2319/2319
f 2323/2323 2330/2330 2328/2328
f 2297/2297 2329/2329 2326/2326
f 2275/2275 2325/2325 2303/2303
f 2331/2331 2332/2332 2329/2329
f 2332/2332 2326/2326 2329/2329
f 2300/2300 2296/2296 2289/2289
f 2317/2317 2303/2303 2325/2325
f 2328/2328 2300/2300 2289/2289
f 2300/2300 2328/2328 2333/2333
f 2334/2334 1804/1804 1806/1806
f 2335/2335 2224/2224 2312/2312
f 2333/2333 2301/2301 2300/2300
f 2336/2336 2317/2317 2325/2325
f 2337/2337 1806/1806 2113/2113
f 2330/2330 2333/2333 2328/2328
f 2334/2334 2041/2041 1804/1804
f 2338/2338 2335/2335 2312/2312
f 2301/2301 2333/2333 2339/2339
f 2325/2325 2324/2324 2340/2340
f 2337/2337 2334/2334 1806/1806
f 2304/2304 2317/2317 2336/2336
f 2116/2116 2337/2337 2113/2113
f 2311/2311 2304/2304 2336/2336
f 2341/2341 2330/2330 2323/2323
f 2342/2342 2337/2337 2116/2116
f 2343/2343 2336/2336 2325/2325
f 2343/2343 2311/2311 2336/2336
f 2341/2341 2344/2344 2330/2330
f 2054/2054 2341/2341 2323/2323
f 2342/2342 2334/2334 2337/2337
f 2345/2345 2341/2341 2054/2054
f 2346/2346 2311/2311 2343/2343
f 2341/2341 2345/2345 2347/2347
f 2346/2346 2343/2343 2348/2348
f 2309/2309 2320/2320 2349/2349
f 2347/2347 2344/2344 2341/2341
f 2344/2344 2347/2347 2350/2350
f 2312/2312 2349/2349 2338/2338
f 2344/2344 2333/2333 2330/2330
f 2340/2340 2324/2324 2351/2351
f 2349/2349 2312/2312 2309/2309
f 2344/2344 2352/2352 2333/2333
f 2353/2353 2055/2055 2041/2041
f 2334/2334 2342/2342 2354/2354
f 2355/2355 2352/2352 2344/2344
f 2325/2325 2340/2340 2343/2343
f 2041/2041 2354/2354 2356/2356
f 2356/2356 2353/2353 2041/2041
f 2133/2133 2128/2128 2127/2127
f 2133/2133 2127/2127 2274/8240
f 2354/2354 2041/2041 2334/2334
f 2274/8240 2281/2281 2133/2133
f 2292/2292 2132/2132 2133/2133
f 2357/2357 2343/2343 2340/2340
f 2119/2119 2358/2358 2116/2116
f 2292/2292 2149/2149 2132/2132
f 2357/2357 2348/2348 2343/2343
f 2211/2211 2358/2358 2119/2119
f 2094/2094 673/673 916/916
f 2116/2116 2358/2358 2342/2342
f 2357/2357 2340/2340 2359/2359
f 2360/2360 2342/2342 2358/2358
f 2150/2150 2149/2149 2152/2152
f 2149/2149 2292/2292 2290/2290
f 2290/2290 2305/2305 2149/2149
f 2305/2305 2361/2361 2152/2152
f 2361/2361 2305/2305 2302/8246
f 2152/2152 2149/2149 2305/2305
f 2166/2166 2094/2094 916/916
f 2362/2362 774/774 775/775
f 2358/2358 2211/2211 2363/2363
f 2198/2198 2152/2152 2361/2361
f 2363/2363 2360/2360 2358/2358
f 2301/8245 2361/2361 2302/8246
f 2301/8245 2339/8247 2361/2361
f 2364/2364 774/774 2362/2362
f 2339/8247 2365/2365 2361/2361
f 2361/2361 2365/2365 2198/2198
f 2360/2360 2354/2354 2342/2342
f 2199/2199 2198/2198 2365/2365
f 2215/2215 2199/2199 2365/2365
f 2366/2366 777/777 778/778
f 2366/2366 778/778 774/774
f 2367/2367 2368/2368 2356/2356
f 2369/2369 2365/2365 2370/2370
f 2369/2369 2215/2215 2365/2365
f 2360/2360 2371/2371 2354/2354
f 774/774 2364/2364 2366/2366
f 2370/8248 2339/2339 2333/2333
f 2333/2333 2352/2352 2370/8248
f 2360/2360 2363/2363 2371/2371
f 2370/2370 2365/2365 2339/8247
f 2367/2367 2354/2354 2371/2371
f 2367/2367 2356/2356 2354/2354
f 2352/2352 2372/2372 2370/8248
f 2373/2373 2372/2372 2352/2352
f 2216/2216 2215/2215 2369/2369
f 2216/2216 2369/2369 2374/2374
f 2372/8249 2369/2369 2370/2370
f 2372/8249 2374/2374 2369/2369
f 2366/2366 2364/2364 2375/2375
f 2376/2376 2375/2375 2364/2364
f 2055/2055 2068/2068 2050/2050
f 2377/2377 2375/2375 2376/2376
f 2076/2076 2068/2068 2055/2055
f 2378/2378 2076/2076 2055/2055
f 2379/2379 1842/1842 1845/1845
f 1842/1842 2379/2379 2046/2046
f 1861/1861 2379/2379 1845/1845
f 2378/2378 2055/2055 2353/2353
f 2353/2353 2356/2356 2368/2368
f 691/691 766/766 757/757
f 2353/2353 2368/2368 2380/2380
f 2379/2379 2381/2381 2046/2046
f 2380/2380 2378/2378 2353/2353
f 2382/2382 2383/2383 2379/2379
f 2295/2295 766/766 691/691
f 2384/2384 2378/2378 2380/2380
f 2295/2295 691/691 692/692
f 2385/2385 2172/2172 2166/2166
f 2386/2386 2384/2384 2380/2380
f 2381/2381 2387/2387 2046/2046
f 2388/2388 2389/2389 766/766
f 766/766 2390/2390 2388/2388
f 2387/2387 2054/2054 2046/2046
f 2054/2054 2387/2387 2345/2345
f 766/766 2295/2295 2390/2390
f 2391/2391 2392/2392 2384/2384
f 2389/2389 764/764 766/766
f 768/768 764/764 2389/2389
f 768/768 2389/2389 2393/2393
f 768/768 2393/2393 775/775
f 2381/2381 2379/2379 2383/2383
f 2387/2387 2381/2381 2383/2383
f 2378/2378 2384/2384 2076/2076
f 2392/2392 2067/2067 2076/2076
f 2392/2392 2394/2394 2067/2067
f 2395/2395 2396/2396 2397/2397
f 2388/2388 2393/2393 2389/2389
f 2384/2384 2392/2392 2076/2076
f 2362/2362 775/775 2393/2393
f 2393/2393 2388/2388 2362/2362
f 2379/2379 1861/1861 2382/2382
f 2390/2390 2398/2398 2388/2388
f 2399/2399 1861/1861 1858/1858
f 2399/2399 1858/1858 1859/1859
f 2390/2390 2295/2295 2311/2311
f 2400/2400 1861/1861 2399/2399
f 2400/2400 2382/2382 1861/1861
f 2390/2390 2311/2311 2401/2401
f 2380/2380 2368/2368 2402/2402
f 2396/2396 2403/2403 2404/2404
f 2405/2405 2386/2386 2380/2380
f 2398/2398 2390/2390 2401/2401
f 2396/2396 2395/2395 2406/2406
f 2382/2382 2387/2387 2383/2383
f 2401/2401 2407/2407 2398/2398
f 2408/2408 2387/2387 2382/2382
f 2380/2380 2402/2402 2405/2405
f 2402/2402 2409/2409 2405/2405
f 2408/2408 2410/2410 2387/2387
f 2396/2396 2406/2406 2403/2403
f 2402/2402 2368/2368 2367/2367
f 2411/2411 2402/2402 2367/2367
f 2400/2400 2412/2412 2382/2382
f 2388/2388 2413/2413 2362/2362
f 2412/2412 2408/2408 2382/2382
f 2414/2414 2412/2412 2400/2400
f 2413/2413 2398/2398 2415/2415
f 2408/2408 2412/2412 2416/2416
f 2409/2409 2417/2417 2405/2405
f 2418/2418 2416/2416 2412/2412
f 2413/2413 2388/2388 2398/2398
f 2387/2387 2347/2347 2345/2345
f 2391/2391 2384/2384 2386/2386
f 2419/2419 2391/2391 2386/2386
f 2420/2420 2403/2403 2406/2406
f 2419/2419 2386/2386 2405/2405
f 2421/2421 2403/2403 2422/2422
f 2347/2347 2387/2387 2410/2410
f 2347/2347 2410/2410 2350/2350
f 2417/2417 2419/2419 2405/2405
f 2423/2423 2406/2406 2395/2395
f 2364/2364 2362/2362 2424/2424
f 2362/2362 2413/2413 2424/2424
f 2415/2415 2424/2424 2413/2413
f 2425/2425 2355/2355 2350/2350
f 2426/2426 2373/2373 2355/2355
f 2364/2364 2424/2424 2376/2376
f 2427/2427 2376/2376 2424/2424
f 2299/2299 2363/2363 2211/2211
f 2425/2425 2350/2350 2410/2410
f 2299/2299 2428/2428 2363/2363
f 2429/2429 2420/2420 2406/2406
f 2425/2425 2410/2410 2416/2416
f 2430/2430 2425/2425 2416/2416
f 2346/2346 2401/2401 2311/2311
f 2410/2410 2408/2408 2416/2416
f 2407/2407 2415/2415 2398/2398
f 2423/2423 2429/2429 2406/2406
f 2428/2428 2308/2308 2431/2431
f 2355/2355 2425/2425 2426/2426
f 2425/2425 2432/2432 2426/2426
f 2407/2407 2401/2401 2346/2346
f 2346/2346 2433/2433 2407/2407
f 2363/2363 2428/2428 2371/2371
f 2371/2371 2428/2428 2411/2411
f 2407/2407 2433/2433 2434/2434
f 2430/2430 2432/2432 2425/2425
f 2435/2435 2420/2420 2429/2429
f 2432/2432 2436/2436 2426/2426
f 2415/2415 2407/2407 2434/2434
f 2411/2411 2367/2367 2371/2371
f 1924/1924 2399/2399 1859/1859
f 2411/2411 2428/2428 2437/2437
f 2438/2438 2429/2429 2423/2423
f 2399/2399 1924/1924 2400/2400
f 1924/1924 2439/2439 2400/2400
f 2431/2431 2437/2437 2428/2428
f 2440/2440 2435/2435 2429/2429
f 2441/2441 2411/2411 2442/2442
f 2442/2442 2411/2411 2437/2437
f 2443/2443 2440/2440 2429/2429
f 2443/2443 2429/2429 2438/2438
f 2444/2444 2441/2441 2442/2442
f 2439/2439 1924/1924 2445/2445
f 2434/2434 2446/2446 2447/2447
f 2439/2439 2414/2414 2400/2400
f 2448/2448 2431/2431 2326/2326
f 2449/2449 2414/2414 2439/2439
f 2449/2449 2418/2418 2414/2414
f 2450/2450 2418/2418 2449/2449
f 2442/2442 2437/2437 2431/2431
f 2431/2431 2448/2448 2442/2442
f 2346/2346 2348/2348 2433/2433
f 2450/2450 2449/2449 2451/2451
f 2452/2452 2442/2442 2448/2448
f 2444/2444 2442/2442 2452/2452
f 2446/2446 2434/2434 2433/2433
f 2412/2412 2414/2414 2418/2418
f 2453/2453 2433/2433 2348/2348
f 2454/2454 2433/2433 2453/2453
f 1930/1930 1942/1942 2445/2445
f 1988/1988 1968/1968 1967/1967
f 2455/2455 2444/2444 2452/2452
f 2456/2456 2433/2433 2454/2454
f 2456/2456 2446/2446 2433/2433
f 1930/1930 2445/2445 1924/1924
f 1944/1944 2445/2445 1942/1942
f 1988/1988 2397/2397 1968/1968
f 2457/2457 2444/2444 2455/2455
f 2456/2456 2447/2447 2446/2446
f 2409/2409 2402/2402 2411/2411
f 2424/2424 2415/2415 2427/2427
f 2451/2451 2445/2445 1944/1944
f 2458/2458 2409/2409 2411/2411
f 2451/2451 2449/2449 2439/2439
f 2451/2451 2439/2439 2445/2445
f 2459/2459 2376/2376 2427/2427
f 2434/2434 2447/2447 2415/2415
f 2427/2427 2415/2415 2447/2447
f 1988/1988 2460/2460 2397/2397
f 2441/2441 2458/2458 2411/2411
f 2441/2441 2461/2461 2458/2458
f 2040/2040 1988/1988 1987/1987
f 2458/2458 2462/2462 2409/2409
f 2461/2461 2462/2462 2458/2458
f 2450/2450 2416/2416 2418/2418
f 2463/2463 2430/2430 2416/2416
f 2397/2397 2460/2460 2395/2395
f 2427/2427 2464/2464 2459/2459
f 2463/2463 2465/2465 2430/2430
f 2459/2459 2377/2377 2376/2376
f 2466/2466 2417/2417 2462/2462
f 2463/2463 2416/2416 2450/2450
f 2467/2467 2377/2377 2459/2459
f 2463/2463 2450/2450 2468/2468
f 2469/2469 2466/2466 2462/2462
f 2462/2462 2470/2470 2469/2469
f 2465/2465 2463/2463 2468/2468
f 2464/2464 2427/2427 2447/2447
f 2417/2417 2409/2409 2462/2462
f 2471/2471 1988/1988 2040/2040
f 2432/2432 2430/2430 2465/2465
f 2462/2462 2461/2461 2472/2472
f 2473/2473 2432/2432 2465/2465
f 2471/2471 2460/2460 1988/1988
f 2473/2473 2436/2436 2432/2432
f 2474/2474 2464/2464 2447/2447
f 2462/2462 2472/2472 2470/2470
f 2042/2042 2471/2471 2040/2040
f 2475/2475 2461/2461 2441/2441
f 2465/2465 2468/2468 2473/2473
f 2459/2459 2464/2464 2476/2476
f 2477/2477 2441/2441 2478/2478
f 2478/2478 2441/2441 2444/2444
f 2476/2476 2467/2467 2459/2459
f 2450/2450 2451/2451 2468/2468
f 2472/2472 2461/2461 2475/2475
f 2477/2477 2475/2475 2441/2441
f 2479/2479 2423/2423 2460/2460
f 2423/2423 2395/2395 2460/2460
f 2457/2457 2478/2478 2444/2444
f 2476/2476 2464/2464 2480/2480
f 2480/2480 2467/2467 2476/2476
f 2481/2481 2468/2468 2451/2451
f 2457/2457 2477/2477 2478/2478
f 2359/2359 2340/2340 2351/2351
f 2482/2482 2460/2460 2471/2471
f 2483/2483 2475/2475 2477/2477
f 2482/2482 2479/2479 2460/2460
f 2483/2483 2477/2477 2484/2484
f 2485/2485 2469/2469 2470/2470
f 2486/2486 2482/2482 2471/2471
f 2471/2471 2042/2042 2486/2486
f 2487/2487 2468/2468 2481/2481
f 2487/2487 2473/2473 2468/2468
f 2483/2483 2472/2472 2475/2475
f 2472/2472 2483/2483 2470/2470
f 2042/2042 2079/2079 2486/2486
f 2488/2488 2176/2176 2177/2177
f 2359/2359 2489/2489 2357/2357
f 2490/2490 2488/2488 2177/2177
f 2357/2357 2491/2491 2453/2453
f 2483/2483 2492/2492 2470/2470
f 2493/2493 2489/2489 2359/2359
f 2485/2485 2470/2470 2492/2492
f 2482/2482 2486/2486 2494/2494
f 2491/2491 2357/2357 2489/2489
f 2489/2489 2495/2495 2491/2491
f 2299/2299 2308/2308 2428/2428
f 2357/2357 2453/2453 2348/2348
f 2326/2326 2431/2431 2308/2308
f 2181/2181 2496/2496 2177/2177
f 2184/2184 2496/2496 2181/2181
f 2438/2438 2423/2423 2479/2479
f 2490/2490 2177/2177 2496/2496
f 2497/2497 2448/2448 2326/2326
f 2496/2496 2498/2498 2490/2490
f 2499/2499 2438/2438 2479/2479
f 2332/2332 2497/2497 2326/2326
f 2494/2494 2479/2479 2482/2482
f 2454/2454 2453/2453 2491/2491
f 2499/2499 2494/2494 2500/2500
f 2501/2501 2497/2497 2332/2332
f 2491/2491 2502/2502 2454/2454
f 2454/2454 2502/2502 2503/2503
f 2494/2494 2499/2499 2479/2479
f 2497/2497 2452/2452 2448/2448
f 2501/2501 2452/2452 2497/2497
f 2504/2504 2456/2456 2454/2454
f 2505/2505 2488/2488 2490/2490
f 2506/2506 729/729 728/728
f 2454/2454 2507/2507 2504/2504
f 2438/2438 2499/2499 2508/2508
f 2508/2508 2443/2443 2438/2438
f 2506/2506 2264/2264 729/729
f 2506/2506 2509/2509 2264/2264
f 2500/2500 2508/2508 2499/2499
f 2503/2503 2502/2502 2510/2510
f 2495/2495 2502/2502 2491/2491
f 2498/2498 2496/2496 2511/2511
f 782/782 2506/2506 728/728
f 2506/2506 782/782 2512/2512
f 2513/2513 2490/2490 2498/2498
f 2509/2509 2506/2506 2512/2512
f 2514/2514 2515/2515 2503/2503
f 2503/2503 2510/2510 2514/2514
f 2454/2454 2503/2503 2507/2507
f 2516/2516 2517/2517 2422/2422
f 2504/2504 2518/2518 2456/2456
f 2422/2422 2517/2517 2421/2421
f 2519/2519 2184/2184 2212/2212
f 2403/2403 2420/2420 2422/2422
f 2212/2212 2520/2520 2519/2519
f 2520/2520 2511/2511 2519/2519
f 2515/2515 2507/2507 2503/2503
f 2515/2515 2521/2521 2507/2507
f 2264/2264 2522/2522 2251/2251
f 2520/2520 2523/2523 2511/2511
f 2524/2524 2511/2511 2523/2523
f 2517/2517 2525/2525 2526/2526
f 2527/2527 2216/2216 2374/2374
f 2528/2528 2525/2525 2517/2517
f 2520/2520 2212/2212 2221/2221
f 2529/2529 2464/2464 2474/2474
f 2213/2213 2530/2530 2221/2221
f 2512/2512 2531/2531 2509/2509
f 2264/2264 2509/2509 2522/2522
f 2464/2464 2529/2529 2480/2480
f 2480/2480 2529/2529 2532/2532
f 2527/2527 2213/2213 2216/2216
f 2213/2213 2527/2527 2530/2530
f 2528/2528 2517/2517 2516/2516
f 2528/2528 2516/2516 2533/2533
f 2534/2534 2527/2527 2374/2374
f 2535/2535 2422/2422 2420/2420
f 2523/2523 2520/2520 2221/2221
f 2536/2536 2480/2480 2532/2532
f 2534/2534 2530/2530 2527/2527
f 2535/2535 2516/2516 2422/2422
f 782/782 2531/2531 2512/2512
f 2447/2447 2456/2456 2474/2474
f 2420/2420 2435/2435 2535/2535
f 2537/2537 2524/2524 2523/2523
f 2518/2518 2474/2474 2456/2456
f 2538/2538 2531/2531 782/782
f 2539/2539 2535/2535 2435/2435
f 2436/2436 2540/2540 2426/2426
f 2474/2474 2518/2518 2529/2529
f 2540/2540 2436/2436 2541/2541
f 2542/2542 2529/2529 2518/2518
f 2542/2542 2532/2532 2529/2529
f 2516/2516 2535/2535 2533/2533
f 2543/2543 2509/2509 2531/2531
f 2544/2544 2518/2518 2504/2504
f 2545/2545 2533/2533 2535/2535
f 2544/2544 2504/2504 2507/2507
f 2539/2539 2545/2545 2535/2535
f 2530/2530 2546/2546 2221/2221
f 2547/2547 2542/2542 2518/2518
f 2523/2523 2221/2221 2546/2546
f 2544/2544 2547/2547 2518/2518
f 2546/2546 2537/2537 2523/2523
f 2548/2548 2533/2533 2545/2545
f 2546/2546 2530/2530 2534/2534
f 2549/2549 2546/2546 2534/2534
f 2549/2549 2534/2534 2550/2550
f 2551/2551 2549/2549 2550/2550
f 2544/2544 2521/2521 2547/2547
f 2552/2552 2553/2553 2525/2525
f 2552/2552 2554/2554 2553/2553
f 2541/2541 2551/8252 2550/8251
f 2547/2547 2532/2532 2542/2542
f 2528/2528 2552/2552 2525/2525
f 2555/2555 2536/2536 2532/2532
f 781/781 782/782 772/772
f 2556/2556 2549/2549 2551/2551
f 2557/2557 2546/2546 2549/2549
f 2555/8253 2558/2558 2536/8250
f 2184/2184 2519/2519 2511/2511
f 2496/2496 2184/2184 2511/2511
f 2538/2538 782/782 781/781
f 2554/2554 2559/2559 2553/2553
f 2532/2532 2547/2547 2560/2560
f 2532/2532 2561/2561 2555/2555
f 2498/2498 2511/2511 2524/2524
f 2561/8255 2558/2558 2555/8253
f 2532/2532 2560/2560 2561/2561
f 2562/2562 2498/2498 2524/2524
f 2513/2513 2498/2498 2562/2562
f 2562/2562 2524/2524 2537/2537
f 2319/2319 2318/2318 2329/2329
f 2537/2537 2563/2563 2562/2562
f 2564/2564 2559/2559 2554/2554
f 2565/2565 2318/2318 2566/2566
f 2528/2528 2533/2533 2552/2552
f 2318/2318 2276/2276 2251/2251
f 2505/2505 2490/2490 2513/2513
f 2567/2567 2552/2552 2533/2533
f 2513/2513 2568/2568 2505/2505
f 2569/2569 2554/2554 2552/2552
f 2570/2570 2515/2515 2571/2571
f 2251/2251 2566/2566 2318/2318
f 2552/2552 2567/2567 2569/2569
f 2505/2505 2568/2568 2572/2572
f 2515/2515 2570/2570 2521/2521
f 2533/2533 2548/2548 2567/2567
f 2566/2566 2251/2251 2522/2522
f 2567/2567 2548/2548 2573/2573
f 2507/2507 2521/2521 2544/2544
f 2573/2573 2569/2569 2567/2567
f 2574/2574 2560/2560 2547/2547
f 2548/2548 2575/2575 2573/2573
f 2570/2570 2547/2547 2521/2521
f 2547/2547 2570/2570 2574/2574
f 2318/2318 2565/2565 2329/2329
f 2568/2568 2513/2513 2576/2576
f 2565/2565 2577/2577 2329/2329
f 2574/2574 2578/2578 2560/2560
f 2579/2579 2331/2331 2580/2580
f 2577/2577 2331/2331 2329/2329
f 2513/2513 2562/2562 2576/2576
f 2560/2560 2581/2581 2561/2561
f 2582/2582 2554/2554 2569/2569
f 2583/2583 2576/2576 2562/2562
f 2577/2577 2565/2565 2566/2566
f 2572/2572 2568/2568 2584/2584
f 2585/2585 2558/2558 2561/8255
f 2580/2580 2331/2331 2577/2577
f 2586/2586 2580/2580 2577/2577
f 2587/2587 2582/2582 2569/2569
f 2576/2576 2588/2588 2568/2568
f 2585/2585 2561/8255 2589/2589
f 2586/2586 2577/2577 2566/2566
f 2590/2590 2566/2566 2522/2522
f 2581/2581 2560/2560 2591/2591
f 2592/2592 2584/2584 2593/2593
f 2561/8255 2581/8256 2589/2589
f 2509/2509 2590/2590 2522/2522
f 2440/2440 2539/2539 2435/2435
f 2568/2568 2588/2588 2584/2584
f 2593/2593 2584/2584 2588/2588
f 2585/2585 2589/2589 2594/2594
f 2509/2509 2543/2543 2590/2590
f 2570/2570 2595/2595 2574/2574
f 2596/2596 2597/2597 2598/2598
f 2595/2595 2578/2578 2574/2574
f 2598/2598 2576/2576 2583/2583
f 2596/2596 2598/2598 2583/2583
f 2583/2583 2599/2599 2596/2596
f 2589/2589 2581/8256 2591/8257
f 2578/2578 2591/2591 2560/2560
f 2591/8257 2594/2594 2589/2589
f 2578/2578 2600/2600 2591/2591
f 2600/8258 2594/2594 2591/8257
f 2601/2601 2596/2596 2599/2599
f 2599/2599 2602/2602 2601/2601
f 2588/2588 2576/2576 2598/2598
f 2440/2440 2443/2443 2603/2603
f 2598/2598 2597/2597 2588/2588
f 2440/2440 2603/2603 2539/2539
f 2593/2593 2588/2588 2597/2597
f 2604/2604 2593/2593 2597/2597
f 2605/2605 2590/2590 2543/2543
f 2597/2597 2596/2596 2601/2601
f 2436/2436 2606/2606 2541/2541
f 2436/2436 2473/2473 2607/2607
f 2607/2607 2606/2606 2436/2436
f 2539/2539 2608/2608 2545/2545
f 2590/2590 2586/2586 2566/2566
f 2590/2590 2605/2605 2609/2609
f 2607/2607 2473/2473 2610/2610
f 2610/2610 2606/2606 2607/2607
f 2611/2611 2610/2610 2473/2473
f 2603/2603 2608/2608 2539/2539
f 2327/2327 1880/1880 1929/1929
f 2537/2537 2546/2546 2612/2612
f 2612/2612 2546/2546 2613/2613
f 2613/2613 2546/2546 2557/2557
f 2556/8254 2551/8252 2541/2541
f 2575/2575 2545/2545 2608/2608
f 2614/2614 2556/8254 2541/2541
f 2556/2556 2557/2557 2549/2549
f 2615/2615 2531/2531 2538/2538
f 2327/2327 2616/2616 2324/2324
f 2508/2508 2617/2617 2443/2443
f 2606/2606 2614/2614 2541/2541
f 2618/2618 2556/8254 2614/2614
f 2615/2615 2543/2543 2531/2531
f 2324/2324 2616/2616 2351/2351
f 2618/8259 2557/2557 2556/2556
f 2617/2617 2603/2603 2443/2443
f 2487/2487 2611/2611 2473/2473
f 2619/2619 2610/2610 2611/2611
f 2619/2619 2606/2606 2610/2610
f 2620/2620 2606/2606 2619/2619
f 2621/2621 2620/2620 2619/2619
f 2603/2603 2617/2617 2608/2608
f 2622/2622 2608/2608 2617/2617
f 780/780 2538/2538 781/781
f 2487/2487 2619/2619 2611/2611
f 2623/2623 2327/2327 1929/1929
f 2622/2622 2617/2617 2624/2624
f 2625/2625 2619/2619 2487/2487
f 2619/2619 2625/2625 2621/2621
f 2613/2613 2557/2557 2626/2626
f 2627/2627 2624/2624 2617/2617
f 2618/8259 2626/2626 2557/2557
f 2618/8259 2628/2628 2626/2626
f 2620/2620 2614/2614 2606/2606
f 2614/2614 2620/2620 2618/2618
f 2351/2351 2616/2616 2629/2629
f 2630/2630 2618/2618 2620/2620
f 2548/2548 2545/2545 2575/2575
f 2620/2620 2621/2621 2630/2630
f 2493/2493 2351/2351 2629/2629
f 809/809 2538/2538 780/780
f 2628/8260 2618/2618 2630/2630
f 2575/2575 2631/2631 2573/2573
f 2616/2616 2327/2327 2623/2623
f 2628/2628 2632/2632 2626/2626
f 2633/2633 2575/2575 2608/2608
f 2563/2563 2537/2537 2612/2612
f 2633/2633 2631/2631 2575/2575
f 2634/2634 2631/2631 2635/2635
f 2135/2135 2623/2623 1929/1929
f 2635/2635 2631/2631 2633/2633
f 2569/2569 2573/2573 2631/2631
f 2599/2599 2562/2562 2563/2563
f 2587/2587 2569/2569 2631/2631
f 2636/2636 2623/2623 2135/2135
f 2623/2623 2629/2629 2616/2616
f 2562/2562 2599/2599 2583/2583
f 2563/2563 2612/2612 2613/2613
f 2637/2637 2587/2587 2631/2631
f 2631/2631 2634/2634 2637/2637
f 2638/2638 2599/2599 2563/2563
f 2623/2623 2636/2636 2629/2629
f 2639/2639 2637/2637 2640/2640
f 2639/2639 2641/2641 2637/2637
f 2633/2633 2608/2608 2622/2622
f 2563/2563 2613/2613 2638/2638
f 2602/2602 2599/2599 2638/2638
f 2635/2635 2633/2633 2634/2634
f 2633/2633 2642/2642 2634/2634
f 2493/2493 2359/2359 2351/2351
f 2632/2632 2638/2638 2613/2613
f 2622/2622 2642/2642 2633/2633
f 2642/2642 2622/2622 2624/2624
f 2632/2632 2613/2613 2626/2626
f 2643/2643 2538/2538 809/809
f 2643/2643 2615/2615 2538/2538
f 2628/2628 2644/2644 2632/2632
f 2637/2637 2634/2634 2640/2640
f 819/819 2643/2643 809/809
f 2350/2350 2355/2355 2344/2344
f 2373/2373 2352/2352 2355/2355
f 2639/2639 2645/2645 2641/2641
f 2639/2639 2646/2646 2645/2645
f 2647/2647 2640/2640 2634/2634
f 2647/2647 2634/2634 2642/2642
f 2648/2648 2489/2489 2493/2493
f 2540/2540 2372/2372 2373/2373
f 2489/2489 2649/2649 2495/2495
f 2639/2639 2640/2640 2647/2647
f 2650/2650 2629/2629 2636/2636
f 2540/2540 2651/2651 2372/2372
f 2651/8262 2374/2374 2372/8249
f 2540/2540 2373/2373 2426/2426
f 2646/2646 2652/2652 2653/2653
f 2374/2374 2651/8262 2534/2534
f 2651/8262 2550/2550 2534/2534
f 2550/8251 2651/2651 2540/2540
f 2654/2654 2629/2629 2650/2650
f 2541/2541 2550/8251 2540/2540
f 2615/2615 2605/2605 2543/2543
f 2655/2655 2486/2486 2079/2079
f 2656/2656 2486/2486 2655/2655
f 2605/2605 2615/2615 2657/2657
f 2244/2244 2655/2655 2079/2079
f 2564/2564 2658/2658 2659/2659
f 2660/2660 2661/2661 2659/2659
f 2658/2658 2660/2660 2659/2659
f 2660/2660 2662/2662 2661/2661
f 2663/2663 2655/2655 2244/2244
f 2660/2660 2664/2664 2662/2662
f 2636/2636 2135/2135 2148/2148
f 2636/2636 2148/2148 2650/2650
f 2664/2664 2665/2665 2666/2666
f 2656/2656 2667/2667 2486/2486
f 2667/2667 2494/2494 2486/2486
f 2667/2667 2500/2500 2494/2494
f 2668/2668 2660/2660 2658/2658
f 2668/2668 2664/2664 2660/2660
f 2669/2669 2667/2667 2656/2656
f 2667/2667 2669/2669 2670/2670
f 2671/2671 2664/2664 2668/2668
f 2665/2665 2664/2664 2671/2671
f 2655/2655 2672/2672 2656/2656
f 2672/2672 2669/2669 2656/2656
f 2673/2673 2650/2650 2148/2148
f 2674/2674 2666/2666 2665/2665
f 2244/2244 2261/2261 2663/2663
f 2674/2674 2675/2675 2666/2666
f 2261/2261 2676/2676 2663/2663
f 2655/2655 2663/2663 2677/2677
f 2675/2675 2678/2678 2666/2666
f 2672/2672 2655/2655 2677/2677
f 2674/2674 2679/2679 2675/2675
f 2675/2675 2679/2679 2680/2680
f 2676/2676 2677/2677 2663/2663
f 2681/2681 2677/2677 2676/2676
f 2261/2261 2257/2257 2676/2676
f 2676/2676 2257/2257 2266/2266
f 1875/1875 2666/2666 2678/2678
f 2658/2658 2564/2564 2554/2554
f 2582/2582 2658/2658 2554/2554
f 2658/2658 2682/2682 2668/2668
f 2582/2582 2682/2682 2658/2658
f 2643/2643 2657/2657 2615/2615
f 2682/2682 2683/2683 2671/2671
f 2683/2683 2684/2684 2671/2671
f 2685/2685 2672/2672 2677/2677
f 2668/2668 2682/2682 2671/2671
f 2685/2685 2669/2669 2672/2672
f 2493/2493 2654/2654 2648/2648
f 2587/2587 2682/2682 2582/2582
f 2682/2682 2587/2587 2683/2683
f 2686/2686 2670/2670 2669/2669
f 2685/2685 2686/2686 2669/2669
f 2665/2665 2671/2671 2684/2684
f 2674/2674 2665/2665 2684/2684
f 2687/2687 2670/2670 2686/2686
f 2679/2679 2674/2674 2684/2684
f 2677/2677 2681/2681 2685/2685
f 2648/2648 2654/2654 2688/2688
f 2493/2493 2629/2629 2654/2654
f 2681/2681 2689/2689 2685/2685
f 2609/2609 2605/2605 2690/2690
f 2689/2689 2686/2686 2685/2685
f 2605/2605 2657/2657 2690/2690
f 2691/2691 2684/2684 2683/2683
f 2686/2686 2689/2689 2687/2687
f 2689/2689 2681/2681 2692/2692
f 2691/2691 2693/2693 2684/2684
f 2693/2693 2679/2679 2684/2684
f 2694/2694 2679/2679 2693/2693
f 2648/2648 2649/2649 2489/2489
f 2500/2500 2667/2667 2695/2695
f 2495/2495 2649/2649 2502/2502
f 2510/2510 2502/2502 2649/2649
f 2683/2683 2587/2587 2696/2696
f 2637/2637 2696/2696 2587/2587
f 2641/2641 2696/2696 2637/2637
f 2649/2649 2648/2648 2697/2697
f 2698/2698 2699/2699 2690/2690
f 2697/2697 2648/2648 2688/2688
f 2698/2698 2700/2700 2699/2699
f 2683/2683 2696/2696 2691/2691
f 2701/2701 2649/2649 2702/2702
f 2649/2649 2697/2697 2702/2702
f 2703/2703 2691/2691 2704/2704
f 2667/2667 2670/2670 2695/2695
f 2703/2703 2693/2693 2691/2691
f 2703/2703 2694/2694 2693/2693
f 2705/2705 2703/2703 2704/2704
f 2691/2691 2696/2696 2704/2704
f 2696/2696 2641/2641 2704/2704
f 2645/2645 2704/2704 2641/2641
f 2706/2706 2457/2457 2455/2455
f 2695/2695 2670/2670 2707/2707
f 2705/2705 2694/2694 2703/2703
f 2707/2707 2708/2708 2695/2695
f 2645/2645 2705/2705 2704/2704
f 2653/2653 2705/2705 2645/2645
f 2705/2705 2653/2653 2709/2709
f 2708/2708 2710/2710 2500/2500
f 2646/2646 2653/2653 2645/2645
f 2695/2695 2708/2708 2500/2500
f 2680/2680 2678/2678 2675/2675
f 2477/2477 2457/2457 2711/2711
f 2500/2500 2710/2710 2508/2508
f 2702/2702 2697/2697 2712/2712
f 2713/2713 2711/2711 2457/2457
f 1884/1884 1875/1875 2678/2678
f 2484/2484 2477/2477 2711/2711
f 2714/2714 1884/1884 2678/2678
f 2688/2688 2715/2715 2697/2697
f 2716/2716 2715/2715 2688/2688
f 2680/2680 2714/2714 2678/2678
f 2713/2713 2457/2457 2706/2706
f 2697/2697 2715/2715 2712/2712
f 2717/2717 2714/2714 2680/2680
f 2710/2710 2708/2708 2718/2718
f 2719/2719 2713/2713 2706/2706
f 2714/2714 1894/1894 1884/1884
f 2713/2713 2720/2720 2721/2721
f 2721/2721 2711/2711 2713/2713
f 2701/2701 2510/2510 2649/2649
f 1894/1894 1887/1887 1884/1884
f 2701/2701 2514/2514 2510/2510
f 2719/2719 2720/2720 2713/2713
f 2722/2722 2723/2723 2707/2707
f 2514/2514 2701/2701 2724/2724
f 2514/2514 2724/2724 2515/2515
f 1894/1894 2714/2714 1900/1900
f 2722/2722 2670/2670 2687/2687
f 2714/2714 2717/2717 1900/1900
f 2492/2492 2484/2484 2725/2725
f 2702/2702 2712/2712 2701/2701
f 2492/2492 2483/2483 2484/2484
f 2722/2722 2707/2707 2670/2670
f 2722/2722 2687/2687 2726/2726
f 2689/2689 2726/2726 2687/2687
f 2726/2726 2689/2689 2692/2692
f 2725/2725 2484/2484 2727/2727
f 2727/2727 2484/2484 2711/2711
f 2728/2728 2722/2722 2726/2726
f 2679/2679 2694/2694 2680/2680
f 2724/2724 2701/2701 2729/2729
f 2724/2724 2729/2729 2571/2571
f 2708/2708 2707/2707 2723/2723
f 2727/2727 2711/2711 2721/2721
f 2730/2730 2729/2729 2701/2701
f 2712/2712 2730/2730 2701/2701
f 2718/2718 2708/2708 2731/2731
f 2731/2731 2708/2708 2723/2723
f 2732/2732 2729/2729 2730/2730
f 2728/2728 2723/2723 2722/2722
f 2730/2730 2712/2712 2732/2732
f 2571/2571 2515/2515 2724/2724
f 2706/2706 2733/2733 2719/2719
f 2734/2734 2731/2731 2723/2723
f 2571/2571 2595/2595 2570/2570
f 2335/2335 2266/2266 2224/2224
f 2266/2266 2335/2335 2676/2676
f 2735/2735 2571/2571 2729/2729
f 2736/2736 2720/2720 2719/2719
f 2335/2335 2681/2681 2676/2676
f 2736/2736 2719/2719 2737/2737
f 2738/2738 2681/2681 2335/2335
f 2739/2739 2737/2737 2719/2719
f 2571/2571 2735/2735 2740/2740
f 2594/2594 2741/2741 2585/2585
f 2742/2742 2743/2743 2737/2737
f 2740/2740 2595/2595 2571/2571
f 2681/2681 2738/2738 2692/2692
f 2736/2736 2721/2721 2720/2720
f 2600/8258 2744/2744 2594/2594
f 2744/2744 2741/2741 2594/2594
f 2727/2727 2721/2721 2745/2745
f 2727/2727 2745/2745 2746/2746
f 2736/2736 2745/2745 2721/2721
f 2736/2736 2747/2747 2745/2745
f 2748/2748 2738/2738 2335/2335
f 2736/2736 2737/2737 2747/2747
f 2749/2749 2741/2741 2744/2744
f 2335/2335 2338/2338 2748/2748
f 2744/2744 2750/2750 2749/2749
f 2751/2751 2745/2745 2747/2747
f 2747/2747 2737/2737 2743/2743
f 2751/2751 2747/2747 2743/2743
f 2394/2394 2082/2082 2067/2067
f 2082/2082 2394/2394 2752/2752
f 2753/2753 2743/2743 2742/2742
f 2082/2082 2219/2219 2073/2073
f 2754/2754 2755/2755 2748/2748
f 2754/2754 2748/2748 2756/2756
f 2757/2757 2753/2753 2758/2758
f 2759/2759 2219/2219 2082/2082
f 2759/2759 2082/2082 2760/2760
f 1944/1944 1900/1900 2717/2717
f 2760/2760 2761/2761 2762/2762
f 2757/2757 2743/2743 2753/2753
f 2763/2763 2762/2762 2761/2761
f 2757/2757 2764/2764 2743/2743
f 1944/1944 2717/2717 2765/2765
f 2766/2766 2726/2726 2692/2692
f 2766/2766 2692/2692 2738/2738
f 2726/2726 2766/2766 2728/2728
f 2767/2767 2148/2148 2147/2147
f 2767/2767 2673/2673 2148/2148
f 2728/2728 2766/2766 2768/2768
f 2331/2331 2501/2501 2332/2332
f 2579/2579 2501/2501 2331/2331
f 2673/2673 2767/2767 2769/2769
f 2770/2770 2717/2717 2694/2694
f 2694/2694 2717/2717 2680/2680
f 2705/2705 2771/2771 2694/2694
f 2755/2755 2766/2766 2738/2738
f 2768/2768 2766/2766 2755/2755
f 2772/2772 2208/2208 2773/2773
f 2694/2694 2771/2771 2770/2770
f 2203/2203 2774/2774 2773/2773
f 2579/2579 2586/2586 2775/2775
f 2207/2207 2774/2774 2203/2203
f 2776/2776 2734/2734 2723/2723
f 2728/2728 2776/2776 2723/2723
f 2203/2203 2773/2773 2208/2208
f 2586/2586 2579/2579 2580/2580
f 2774/2774 2772/2772 2773/2773
f 2777/2777 2734/2734 2776/2776
f 2501/2501 2579/2579 2778/2778
f 2728/2728 2768/2768 2779/2779
f 2579/2579 2775/2775 2778/2778
f 2733/2733 2778/2778 2775/2775
f 2779/2779 2776/2776 2728/2728
f 2501/2501 2778/2778 2452/2452
f 2455/2455 2452/2452 2778/2778
f 2780/2780 2774/2774 2781/2781
f 2755/2755 2738/2738 2748/2748
f 2709/2709 2771/2771 2705/2705
f 2782/2782 2780/2780 2781/2781
f 2733/2733 2455/2455 2778/2778
f 2733/2733 2706/2706 2455/2455
f 2783/2783 2775/2775 2586/2586
f 2219/2219 2207/2207 2074/2074
f 2219/2219 2784/2784 2207/2207
f 2783/2783 2586/2586 2590/2590
f 2785/2785 2777/2777 2776/2776
f 2219/2219 2759/2759 2784/2784
f 2786/2786 2775/2775 2783/2783
f 2786/2786 2733/2733 2775/2775
f 2779/2779 2768/2768 2787/2787
f 2776/2776 2779/2779 2787/2787
f 2785/2785 2776/2776 2787/2787
f 2788/2788 2785/2785 2787/2787
f 2207/2207 2784/2784 2774/2774
f 2609/2609 2783/2783 2590/2590
f 2755/2755 2787/2787 2768/2768
f 2789/2789 2783/2783 2609/2609
f 2784/2784 2759/2759 2762/2762
f 2781/2781 2784/2784 2762/2762
f 2790/2790 2788/2788 2787/2787
f 2617/2617 2710/2710 2627/2627
f 2762/2762 2763/2763 2791/2791
f 2759/2759 2760/2760 2762/2762
f 2786/2786 2739/2739 2733/2733
f 2627/2627 2792/2792 2624/2624
f 2774/2774 2784/2784 2781/2781
f 2627/2627 2793/2793 2792/2792
f 2791/2791 2781/2781 2762/2762
f 2794/2794 2792/2792 2793/2793
f 2742/2742 2739/2739 2786/2786
f 2624/2624 2792/2792 2642/2642
f 2767/2767 2147/2147 2208/2208
f 2792/2792 2795/2795 2642/2642
f 2795/2795 2647/2647 2642/2642
f 2772/2772 2767/2767 2208/2208
f 2719/2719 2733/2733 2739/2739
f 2742/2742 2737/2737 2739/2739
f 2796/2796 2795/2795 2792/2792
f 2794/2794 2796/2796 2792/2792
f 2772/2772 2774/2774 2797/2797
f 2798/2798 2783/2783 2799/2799
f 2795/2795 2800/2800 2647/2647
f 2799/2799 2783/2783 2789/2789
f 2786/2786 2783/2783 2798/2798
f 2800/2800 2639/2639 2647/2647
f 2639/2639 2800/2800 2652/2652
f 2767/2767 2801/2801 2769/2769
f 2652/2652 2646/2646 2639/2639
f 2798/2798 2799/2799 2789/2789
f 2797/2797 2802/2802 2772/2772
f 2767/2767 2772/2772 2802/2802
f 2717/2717 2770/2770 2765/2765
f 2803/2803 2765/2765 2770/2770
f 2804/2804 2798/2798 2789/2789
f 2805/2805 2798/2798 2804/2804
f 2780/2780 2797/2797 2774/2774
f 2802/2802 2797/2797 2782/2782
f 2806/2806 2652/2652 2800/2800
f 2652/2652 2806/2806 2807/2807
f 2808/2808 2807/2807 2806/2806
f 2797/2797 2780/2780 2782/2782
f 2690/2690 2789/2789 2609/2609
f 2789/2789 2699/2699 2804/2804
f 2653/2653 2809/2809 2709/2709
f 2809/2809 2771/2771 2709/2709
f 2810/2810 2786/2786 2798/2798
f 2794/2794 2793/2793 2796/2796
f 2802/2802 2801/2801 2767/2767
f 2810/2810 2798/2798 2805/2805
f 2811/2811 2812/2812 2796/2796
f 2796/2796 2800/2800 2795/2795
f 2813/2813 2769/2769 2801/2801
f 2771/2771 2803/2803 2770/2770
f 2803/2803 2771/2771 2814/2814
f 2815/2815 2800/2800 2796/2796
f 2786/2786 2810/2810 2742/2742
f 2815/2815 2806/2806 2800/2800
f 2816/2816 2801/2801 2802/2802
f 2815/2815 2796/2796 2817/2817
f 2812/2812 2817/2817 2796/2796
f 2813/2813 2816/2816 2818/2818
f 2816/2816 2813/2813 2801/2801
f 2710/2710 2617/2617 2508/2508
f 2699/2699 2805/2805 2804/2804
f 1925/1925 2805/2805 2699/2699
f 2819/2819 2710/2710 2718/2718
f 2710/2710 2819/2819 2820/2820
f 2690/2690 2699/2699 2789/2789
f 2710/2710 2820/2820 2627/2627
f 2718/2718 2731/2731 2821/2821
f 2700/2700 1916/1916 2699/2699
f 2822/2822 2782/2782 2781/2781
f 1911/1911 1916/1916 2700/2700
f 2718/2718 2821/2821 2819/2819
f 1916/1916 1925/1925 2699/2699
f 2791/2791 2822/2822 2781/2781
f 2731/2731 2823/2823 2821/2821
f 2814/2814 2824/2824 2803/2803
f 2823/2823 2819/2819 2821/2821
f 2819/2819 2823/2823 2825/2825
f 1920/1920 2805/2805 1925/1925
f 2793/2793 2627/2627 2820/2820
f 1925/1925 1921/1921 1920/1920
f 2825/2825 2820/2820 2819/2819
f 2826/2826 2451/2451 1944/1944
f 2826/2826 1944/1944 2765/2765
f 2791/2791 2827/2827 2822/2822
f 2828/2828 2827/2827 2791/2791
f 2820/2820 2829/2829 2793/2793
f 2753/2753 2742/2742 2758/2758
f 2653/2653 2652/2652 2807/2807
f 2816/2816 2802/2802 2782/2782
f 2807/2807 2809/2809 2653/2653
f 2810/2810 2758/2758 2742/2742
f 2782/2782 2822/2822 2816/2816
f 2830/2830 2809/2809 2807/2807
f 2830/2830 2831/2831 2809/2809
f 2822/2822 2832/2832 2816/2816
f 2833/2833 2771/2771 2809/2809
f 2809/2809 2831/2831 2833/2833
f 2830/2830 2807/2807 2808/2808
f 1920/1920 2758/2758 2810/2810
f 1920/1920 2810/2810 2805/2805
f 2814/2814 2771/2771 2833/2833
f 2793/2793 2829/2829 2796/2796
f 1954/1954 2758/2758 1920/1920
f 2796/2796 2829/2829 2811/2811
f 2830/2830 2808/2808 2806/2806
f 2758/2758 1954/1954 2757/2757
f 2834/2834 2830/2830 2835/2835
f 2834/2834 2831/2831 2830/2830
f 2830/2830 2806/2806 2815/2815
f 2835/2835 2830/2830 2815/2815
f 2451/2451 2826/2826 2481/2481
f 2817/2817 2835/2835 2815/2815
f 2836/2836 2834/2834 2835/2835
f 2837/2837 2814/2814 2833/2833
f 2837/2837 2833/2833 2831/2831
f 2831/2831 2834/2834 2837/2837
f 1954/1954 1968/1968 2757/2757
f 2822/2822 2827/2827 2832/2832
f 2392/2392 2838/2838 2394/2394
f 2394/2394 2839/2839 2752/2752
f 2836/2836 2837/2837 2834/2834
f 2838/2838 2839/2839 2394/2394
f 2840/2840 2827/2827 2828/2828
f 2481/2481 2841/2841 2487/2487
f 2391/2391 2838/2838 2392/2392
f 2840/2840 2842/2842 2827/2827
f 2843/2843 2838/2838 2844/2844
f 2824/2824 2814/2814 2845/2845
f 2752/2752 2760/2760 2082/2082
f 2823/2823 2731/2731 2734/2734
f 2846/2846 2823/2823 2734/2734
f 2847/2847 2823/2823 2846/2846
f 2752/2752 2839/2839 2848/2848
f 2848/2848 2839/2839 2849/2849
f 2823/2823 2847/2847 2825/2825
f 2850/2850 2832/2832 2827/2827
f 2734/2734 2777/2777 2846/2846
f 2848/2848 2849/2849 2851/2851
f 2851/2851 2852/2852 2848/2848
f 2785/2785 2846/2846 2777/2777
f 2839/2839 2838/2838 2843/2843
f 2843/2843 2849/2849 2839/2839
f 2825/2825 2847/2847 2853/2853
f 2847/2847 2854/2854 2853/2853
f 2854/2854 2847/2847 2846/2846
f 2855/2855 2843/2843 2844/2844
f 2856/2856 2857/2857 2849/2849
f 2827/2827 2842/2842 2850/2850
f 2829/2829 2820/2820 2825/2825
f 2856/2856 2849/2849 2843/2843
f 2848/2848 2760/2760 2752/2752
f 2760/2760 2848/2848 2858/2858
f 2853/2853 2829/2829 2825/2825
f 2852/2852 2858/2858 2848/2848
f 2761/2761 2760/2760 2858/2858
f 2829/2829 2853/2853 2811/2811
f 2859/2859 2811/2811 2853/2853
f 2788/2788 2846/2846 2785/2785
f 2842/2842 2860/2860 2850/2850
f 2854/2854 2846/2846 2788/2788
f 2419/2419 2838/2838 2391/2391
f 2844/2844 2838/2838 2419/2419
f 2419/2419 2861/2861 2844/2844
f 2862/2862 2854/2854 2788/2788
f 2863/2863 2862/2862 2788/2788
f 2864/2864 2863/2863 2788/2788
f 2862/2862 2863/2863 2865/2865
f 2866/2866 2419/2419 2417/2417
f 2866/2866 2861/2861 2419/2419
f 2867/2867 2853/2853 2854/2854
f 2860/2860 2832/2832 2850/2850
f 2868/2868 2861/2861 2866/2866
f 2867/2867 2859/2859 2853/2853
f 2861/2861 2855/2855 2844/2844
f 2862/2862 2867/2867 2854/2854
f 2832/2832 2860/2860 2869/2869
f 2867/2867 2862/2862 2870/2870
f 2871/2871 2855/2855 2868/2868
f 2855/2855 2872/2872 2856/2856
f 2871/2871 2872/2872 2855/2855
f 2843/2843 2855/2855 2856/2856
f 2826/2826 2765/2765 2873/2873
f 2860/2860 2842/2842 2874/2874
f 2868/2868 2855/2855 2861/2861
f 2811/2811 2875/2875 2812/2812
f 2817/2817 2812/2812 2875/2875
f 2859/2859 2875/2875 2811/2811
f 2876/2876 2817/2817 2875/2875
f 2876/2876 2877/2877 2817/2817
f 2878/2878 2879/2879 2880/2880
f 2873/2873 2881/2881 2826/2826
f 2882/2882 2883/2883 2879/2879
f 2835/2835 2817/2817 2877/2877
f 2884/2884 2835/2835 2877/2877
f 2884/2884 2885/2885 2835/2835
f 2886/2886 2874/2874 1927/1927
f 2886/2886 2860/2860 2874/2874
f 2836/2836 2835/2835 2885/2885
f 2887/2887 2857/2857 2856/2856
f 2857/2857 2851/2851 2849/2849
f 2888/2888 2837/2837 2836/2836
f 2888/2888 2836/2836 2885/2885
f 2874/2874 1928/1928 1927/1927
f 2889/2889 2887/2887 2856/2856
f 2887/2887 2890/2890 2857/2857
f 2885/2885 2891/2891 2888/2888
f 2884/2884 2891/2891 2885/2885
f 2851/2851 2857/2857 2890/2890
f 2890/2890 2852/2852 2851/2851
f 2892/2892 2875/2875 2859/2859
f 2893/2893 2761/2761 2858/2858
f 2673/2673 2769/2769 2894/2894
f 2875/2875 2892/2892 2876/2876
f 2893/2893 2858/2858 2852/2852
f 2895/2895 2877/2877 2876/2876
f 2896/2896 2877/2877 2895/2895
f 2884/2884 2877/2877 2896/2896
f 2892/2892 2859/2859 2867/2867
f 2893/2893 2763/2763 2761/2761
f 2867/2867 2897/2897 2892/2892
f 2881/2881 2481/2481 2826/2826
f 2894/2894 2654/2654 2650/2650
f 2673/2673 2894/2894 2650/2650
f 2898/2898 2876/2876 2892/2892
f 2895/2895 2876/2876 2898/2898
f 2887/2887 2899/2899 2890/2890
f 2896/2896 2900/2900 2901/2901
f 2902/2902 2852/2852 2890/2890
f 2902/2902 2890/2890 2899/2899
f 2900/2900 2896/2896 2895/2895
f 2903/2903 2904/2904 2901/2901
f 2903/2903 2901/2901 2900/2900
f 2903/2903 2905/2905 2904/2904
f 2893/2893 2852/2852 2906/2906
f 2891/2891 2884/2884 2896/2896
f 2906/2906 2852/2852 2902/2902
f 2769/2769 2813/2813 2907/2907
f 2908/2908 2592/2592 2593/2593
f 2891/2891 2901/2901 2888/2888
f 2769/2769 2907/2907 2894/2894
f 2904/2904 2888/2888 2901/2901
f 2909/2909 2893/2893 2906/2906
f 2910/2910 2593/2593 2604/2604
f 2818/2818 2907/2907 2813/2813
f 2911/2911 2907/2907 2818/2818
f 2910/2910 2604/2604 2912/2912
f 2909/2909 2906/2906 2902/2902
f 2902/2902 2913/2913 2909/2909
f 2914/2914 2908/2908 2910/2910
f 2845/2845 2814/2814 2837/2837
f 2912/2912 2915/2915 2910/2910
f 2908/2908 2593/2593 2910/2910
f 2893/2893 2828/2828 2763/2763
f 2894/2894 2907/2907 2916/2916
f 2845/2845 2837/2837 2888/2888
f 2602/2602 2917/2917 2601/2601
f 2916/2916 2918/2918 2894/2894
f 2919/2919 2917/2917 2602/2602
f 2597/2597 2601/2601 2604/2604
f 2604/2604 2601/2601 2912/2912
f 2894/2894 2716/2716 2654/2654
f 2716/2716 2688/2688 2654/2654
f 2716/2716 2920/2920 2715/2715
f 2917/2917 2912/2912 2601/2601
f 2909/2909 2828/2828 2893/2893
f 2921/2921 2914/2914 2915/2915
f 2914/2914 2910/2910 2915/2915
f 2856/2856 2872/2872 2889/2889
f 2922/2922 2914/2914 2921/2921
f 2715/2715 2923/2923 2712/2712
f 2924/2924 2921/2921 2915/2915
f 2920/2920 2923/2923 2715/2715
f 2917/2917 2915/2915 2912/2912
f 2888/2888 2904/2904 2845/2845
f 2880/2880 2887/2887 2889/2889
f 2924/2924 2915/2915 2925/2925
f 2871/2871 2889/2889 2872/2872
f 2926/2926 2889/2889 2871/2871
f 2925/2925 2915/2915 2917/2917
f 2716/2716 2894/2894 2918/2918
f 2927/2927 2926/2926 2871/2871
f 2926/2926 2880/2880 2889/2889
f 2904/2904 2905/2905 2928/2928
f 2927/2927 2878/2878 2926/2926
f 2917/2917 2919/2919 2929/2929
f 2904/2904 2928/2928 2845/2845
f 2878/2878 2880/2880 2926/2926
f 2880/2880 2899/2899 2887/2887
f 2925/2925 2917/2917 2929/2929
f 2883/2883 2899/2899 2880/2880
f 2920/2920 2716/2716 2918/2918
f 2918/2918 2930/2930 2920/2920
f 2883/2883 2931/2931 2899/2899
f 2899/2899 2931/2931 2902/2902
f 2880/2880 2879/2879 2883/2883
f 2932/2932 2918/2918 2916/2916
f 2466/2466 2866/2866 2417/2417
f 2933/2933 2930/2930 2918/2918
f 2487/2487 2841/2841 2934/2934
f 2934/2934 2625/2625 2487/2487
f 2935/2935 2930/2930 2933/2933
f 2936/2936 2937/2937 2592/2592
f 2920/2920 2930/2930 2938/2938
f 2938/2938 2923/2923 2920/2920
f 2868/2868 2866/2866 2466/2466
f 2592/2592 2908/2908 2936/2936
f 2466/2466 2939/2939 2868/2868
f 2930/2930 2935/2935 2938/2938
f 2914/2914 2940/2940 2908/2908
f 2941/2941 2621/2621 2942/2942
f 2941/2941 2630/2630 2621/2621
f 2625/2625 2942/2942 2621/2621
f 2941/2941 2628/8260 2630/2630
f 2939/2939 2466/2466 2469/2469
f 2916/2916 2907/2907 2911/2911
f 2941/2941 2644/8261 2628/8260
f 2943/2943 2941/2941 2942/2942
f 2944/2944 2941/2941 2943/2943
f 2939/2939 2871/2871 2868/2868
f 2945/2945 2932/2932 2916/2916
f 2946/2946 2945/2945 2916/2916
f 2947/2947 2824/2824 2845/2845
f 2948/2948 2625/2625 2934/2934
f 2946/2946 2949/2949 2945/2945
f 2950/2950 2932/2932 2945/2945
f 2945/2945 2949/2949 2950/2950
f 2949/2949 2951/2951 2950/2950
f 2933/2933 2918/2918 2932/2932
f 2841/2841 2952/2952 2934/2934
f 2871/2871 2939/2939 2953/2953
f 2948/2948 2942/2942 2625/2625
f 2948/2948 2943/2943 2942/2942
f 2952/2952 2948/2948 2934/2934
f 2845/2845 2928/2928 2947/2947
f 2954/2954 2943/2943 2948/2948
f 2933/2933 2932/2932 2950/2950
f 2955/2955 2469/2469 2485/2485
f 2950/2950 2956/2956 2933/2933
f 2955/2955 2939/2939 2469/2469
f 2956/2956 2957/2957 2935/2935
f 2935/2935 2933/2933 2956/2956
f 2939/2939 2955/2955 2958/2958
f 2952/2952 2959/2959 2948/2948
f 2948/2948 2960/2960 2954/2954
f 2959/2959 2960/2960 2948/2948
f 2492/2492 2955/2955 2485/2485
f 2961/2961 2938/2938 2962/2962
f 2602/2602 2638/2638 2963/2963
f 2955/2955 2492/2492 2725/2725
f 2964/2964 2958/2958 2955/2955
f 2938/2938 2935/2935 2962/2962
f 2963/2963 2638/2638 2632/2632
f 2965/2965 2964/2964 2955/2955
f 2935/2935 2957/2957 2962/2962
f 2966/2966 2963/2963 2632/2632
f 2967/2967 2968/2968 2969/2969
f 2950/2950 2970/2970 2956/2956
f 2919/2919 2602/2602 2963/2963
f 2953/2953 2939/2939 2958/2958
f 2951/2951 2970/2970 2950/2950
f 2971/2971 2953/2953 2958/2958
f 2967/2967 2972/2972 2968/2968
f 2957/2957 2956/2956 2973/2973
f 2966/2966 2632/2632 2644/2644
f 2972/2972 2974/2974 2968/2968
f 2944/2944 2644/8261 2941/2941
f 2944/8263 2966/2966 2644/2644
f 2975/2975 2962/2962 2957/2957
f 2957/2957 2973/2973 2975/2975
f 2976/2976 2919/2919 2963/2963
f 2976/2976 2963/2963 2966/2966
f 2958/2958 2964/2964 2971/2971
f 2966/2966 2977/2977 2976/2976
f 2972/2972 2967/2967 2978/2978
f 2979/2979 2944/2944 2954/2954
f 2973/2973 2980/2980 2975/2975
f 2954/2954 2960/2960 2979/2979
f 2882/2882 2879/2879 2878/2878
f 2979/8264 2976/2976 2977/2977
f 2978/2978 2981/2981 2982/2982
f 2982/2982 2983/2983 2978/2978
f 2984/2984 2985/2985 2986/2986
f 2919/2919 2976/2976 2987/2987
f 2882/2882 2927/2927 2988/2988
f 2987/2987 2976/2976 2979/8264
f 2986/2986 2989/2989 2984/2984
f 2990/2990 2984/2984 2989/2989
f 2818/2818 2816/2816 2911/2911
f 2991/2991 2929/2929 2919/2919
f 2953/2953 2988/2988 2927/2927
f 2816/2816 2992/2992 2911/2911
f 2944/8263 2977/2977 2966/2966
f 2954/2954 2944/2944 2943/2943
f 2993/2993 2994/2994 2990/2990
f 2993/2993 2995/2995 2994/2994
f 2979/8264 2977/2977 2944/8263
f 2995/2995 2993/2993 2969/2969
f 2953/2953 2996/2996 2988/2988
f 2990/2990 2994/2994 2984/2984
f 2992/2992 2916/2916 2911/2911
f 2916/2916 2992/2992 2946/2946
f 2997/2997 2924/2924 2925/2925
f 2998/2998 2988/2988 2996/2996
f 2925/2925 2999/2999 2997/2997
f 3000/3000 2990/2990 3001/3001
f 2832/2832 3002/3002 2992/2992
f 2993/2993 2990/2990 3000/3000
f 3003/3003 2997/2997 2999/2999
f 3004/3004 2969/2969 2993/2993
f 2993/2993 3000/3000 3004/3004
f 2999/2999 2925/2925 2929/2929
f 2992/2992 2816/2816 2832/2832
f 2999/2999 2929/2929 2991/2991
f 3000/3000 3005/3005 3004/3004
f 2953/2953 2927/2927 2871/2871
f 3002/3002 2946/2946 2992/2992
f 3002/3002 2949/2949 2946/2946
f 3006/3006 2986/2986 2985/2985
f 3007/3007 3006/3006 3008/3008
f 2949/2949 3002/3002 3009/3009
f 3007/3007 2986/2986 3006/3006
f 3003/3003 2999/2999 2991/2991
f 3009/3009 2951/2951 2949/2949
f 2986/2986 3007/3007 3010/3010
f 2927/2927 2882/2882 2878/2878
f 3011/3011 2997/2997 3003/3003
f 3012/3012 3013/3013 3007/3007
f 3010/3010 3007/3007 3013/3013
f 2956/2956 2970/2970 3014/3014
f 2970/2970 2951/2951 3014/3014
f 3015/3015 3010/3010 3013/3013
f 3010/3010 2989/2989 2986/2986
f 2956/2956 3014/3014 2973/2973
f 2990/2990 2989/2989 3001/3001
f 3001/3001 2989/2989 3010/3010
f 3016/3016 3001/3001 3010/3010
f 2953/2953 2971/2971 2996/2996
f 2729/2729 2732/2732 3017/3017
f 3018/3018 2732/2732 2712/2712
f 3018/3018 2712/2712 2923/2923
f 3019/3019 3011/3011 3003/3003
f 3000/3000 3001/3001 3020/3020
f 3016/3016 3010/3010 3021/3021
f 3022/3022 3003/3003 3023/3023
f 3022/3022 3019/3019 3003/3003
f 3021/3021 3010/3010 3015/3015
f 3024/3024 3018/3018 2923/2923
f 3025/3025 3021/3021 3015/3015
f 3021/3021 3026/3026 3016/3016
f 3026/3026 3001/3001 3016/3016
f 2881/2881 2841/2841 2481/2481
f 2732/2732 3018/3018 3024/3024
f 3027/3027 3026/3026 3021/3021
f 2732/2732 3024/3024 3017/3017
f 3028/3028 2841/2841 2881/2881
f 3029/3029 3027/3027 3021/3021
f 2735/2735 2729/2729 3017/3017
f 3000/3000 3020/3020 3005/3005
f 2740/2740 2735/2735 3030/3030
f 2971/2971 2998/2998 2996/2996
f 2735/2735 3017/3017 3030/3030
f 3031/3031 2841/2841 3032/3032
f 2828/2828 2791/2791 2763/2763
f 2952/2952 2841/2841 3031/3031
f 2959/2959 2952/2952 3031/3031
f 2960/2960 2959/2959 3031/3031
f 3024/3024 2923/2923 2938/2938
f 3033/3033 2960/2960 3031/3031
f 3028/3028 3032/3032 2841/2841
f 3034/3034 3017/3017 3024/3024
f 2961/2961 3034/3034 3024/3024
f 3035/3035 3033/3033 3031/3031
f 3032/3032 3035/3035 3031/3031
f 3034/3034 3036/3036 3017/3017
f 3037/3037 2931/2931 2883/2883
f 2967/2967 2969/2969 3004/3004
f 3038/3038 2967/2967 3004/3004
f 3030/3030 3017/3017 3036/3036
f 3004/3004 3039/3039 3038/3038
f 3040/3040 3036/3036 3034/3034
f 3041/3041 2883/2883 2882/2882
f 3004/3004 3005/3005 3039/3039
f 3042/3042 3037/3037 2883/2883
f 3037/3037 3042/3042 3043/3043
f 3041/3041 3042/3042 2883/2883
f 2938/2938 2961/2961 3024/3024
f 3044/3044 3042/3042 3041/3041
f 3045/3045 2913/2913 3037/3037
f 2967/2967 3038/3038 2978/2978
f 3046/3046 3032/3032 3028/3028
f 3028/3028 2881/2881 3046/3046
f 2981/2981 2978/2978 3038/3038
f 3043/3043 3045/3045 3037/3037
f 3047/3047 3032/3032 3046/3046
f 3032/3032 3047/3047 3035/3035
f 2740/2740 3048/3048 2595/2595
f 3049/3049 3043/3043 3042/3042
f 3026/3026 3020/3020 3001/3001
f 2991/2991 2919/2919 2987/2987
f 2991/2991 2987/2987 3050/3050
f 3048/3048 2578/2578 2595/2595
f 3048/3048 2600/2600 2578/2578
f 2960/2960 3051/3051 2979/2979
f 3048/3048 3052/3052 2600/2600
f 3053/3053 3005/3005 3020/3020
f 3054/3054 3053/8270 3020/8265
f 3043/3043 3055/3055 3045/3045
f 3050/3050 2987/2987 3056/3056
f 2979/8264 3056/3056 2987/2987
f 3057/3057 3048/3048 2740/2740
f 3049/3049 3058/3058 3043/3043
f 3056/3056 2979/8264 3051/8268
f 3059/3059 3054/3054 3020/8265
f 3057/3057 3052/3052 3048/3048
f 3051/3051 2960/2960 3033/3033
f 3059/3059 3020/8265 3060/3060
f 3035/3035 3051/3051 3033/3033
f 3026/3026 3027/3027 3060/3060
f 3060/3060 3020/8265 3026/3026
f 3060/3060 3027/3027 3061/3061
f 2740/2740 3030/3030 3057/3057
f 3061/3061 3027/3027 3029/3029
f 3051/8268 3050/3050 3056/3056
f 3062/3062 3050/3050 3051/8268
f 3061/3061 3059/3059 3060/3060
f 2744/2744 2600/8258 3052/8269
f 3062/3062 3063/3063 3050/3050
f 3064/3064 3059/3059 3061/3061
f 3051/3051 3065/3065 3062/8272
f 3066/3066 3064/3064 3061/3061
f 3063/3063 2991/2991 3050/3050
f 3067/3067 3052/8269 3057/8271
f 2750/2750 2744/2744 3052/8269
f 3053/3053 3068/3068 3005/3005
f 3053/8270 3069/3069 3068/8273
f 3068/3068 3039/3039 3005/3005
f 3035/3035 3065/3065 3051/3051
f 3052/8269 3067/3067 2750/2750
f 3068/3068 2981/2981 3039/3039
f 3070/3070 2981/2981 3068/3068
f 2750/2750 3067/3067 3071/3071
f 3072/3072 3069/3069 3053/8270
f 3069/3069 3070/8274 3068/8273
f 3065/3065 3035/3035 3062/8272
f 3073/3073 3062/8272 3035/3035
f 3074/3074 3070/8274 3069/3069
f 3047/3047 3073/3073 3035/3035
f 2981/2981 3038/3038 3039/3039
f 3075/3075 3073/3073 3047/3047
f 3076/3076 3057/3057 3030/3030
f 3077/3077 3062/8272 3073/3073
f 3076/3076 3030/3030 3036/3036
f 3075/3075 3077/3077 3073/3073
f 3070/3070 3078/3078 2981/2981
f 3023/3023 3063/3063 3062/3062
f 3023/3023 3003/3003 2991/2991
f 3023/3023 2991/2991 3063/3063
f 2981/2981 3078/3078 2982/2982
f 3076/3076 3036/3036 3079/3079
f 3077/3077 3023/8267 3062/8272
f 3078/8276 3080/3080 3081/3081
f 3082/3082 3023/8267 3077/3077
f 3074/3074 3083/3083 3070/8274
f 3023/8267 3082/3082 3022/8266
f 3083/3083 3078/8276 3070/8274
f 3084/3084 2840/2840 2909/2909
f 3076/8275 3085/3085 3086/3086
f 3087/3087 3083/3083 3074/3074
f 3067/3067 3057/8271 3076/8275
f 3078/8276 3083/3083 3080/3080
f 3088/3088 3089/3089 3087/3087
f 3086/3086 3067/3067 3076/8275
f 3089/3089 3080/3080 3083/3083
f 3090/3090 2765/2765 2803/2803
f 3089/3089 3083/3083 3087/3087
f 3072/3072 3053/8270 3054/3054
f 3086/3086 3071/3071 3067/3067
f 3054/3054 3059/3059 3072/3072
f 3059/3059 3091/3091 3072/3072
f 3072/3072 3074/3074 3069/3069
f 3091/3091 3074/3074 3072/3072
f 3091/3091 3092/3092 3074/3074
f 3092/3092 3091/3091 3064/3064
f 2902/2902 2931/2931 3037/3037
f 3071/3071 3086/3086 3093/3093
f 2765/2765 3090/3090 2873/2873
f 3064/3064 3091/3091 3059/3059
f 2913/2913 2902/2902 3037/3037
f 3094/3094 3092/3092 3064/3064
f 3093/3093 3086/3086 3095/3095
f 3086/3086 3085/3085 3095/3095
f 2913/2913 3045/3045 2909/2909
f 3096/3096 3092/3092 3094/3094
f 2824/2824 2873/2873 3090/3090
f 3092/3092 3087/3087 3074/3074
f 3092/3092 3088/3088 3087/3087
f 3097/3097 3071/3071 3093/3093
f 3092/3092 3096/3096 3088/3088
f 3095/3095 3098/3098 3093/3093
f 3088/3088 3099/3099 3089/3089
f 3093/3093 3098/3098 3097/3097
f 2824/2824 3090/3090 2803/2803
f 3100/3100 3036/3036 3040/3040
f 3101/3101 3096/3096 3094/3094
f 3079/3079 3036/3036 3100/3100
f 2962/2962 3102/3102 2961/2961
f 3101/3101 3088/3088 3096/3096
f 3084/3084 2909/2909 3103/3103
f 3102/3102 3034/3034 2961/2961
f 3034/3034 3102/3102 3040/3040
f 2909/2909 3045/3045 3103/3103
f 3104/3104 3088/3088 3101/3101
f 3102/3102 2962/2962 3105/3105
f 3040/3040 3102/3102 3100/3100
f 3106/3106 3107/3107 3108/3108
f 3108/3108 3107/3107 2972/2972
f 3100/3100 3109/3109 3079/3079
f 3110/3110 2824/2824 3111/3111
f 3109/3109 3100/3100 3112/3112
f 3102/3102 3105/3105 3100/3100
f 3113/3113 2974/2974 2972/2972
f 3058/3058 3055/3055 3043/3043
f 2975/2975 3105/3105 2962/2962
f 3114/3114 3105/3105 2975/2975
f 3107/3107 3113/3113 2972/2972
f 3105/3105 3114/3114 3100/3100
f 3112/3112 3100/3100 3114/3114
f 2873/2873 3115/3115 2881/2881
f 3055/3055 3103/3103 3045/3045
f 3110/3110 3115/3115 2873/2873
f 3110/3110 2873/2873 2824/2824
f 3079/3079 3085/8278 3076/3076
f 3108/3108 2972/2972 3116/3116
f 3103/3103 3055/3055 3117/3117
f 2995/2995 3103/3103 3117/3117
f 2995/2995 2968/2968 3103/3103
f 3095/3095 3085/3085 3118/3118
f 3119/3119 3095/3095 3118/3118
f 2968/2968 2974/2974 3103/3103
f 3118/8279 3085/8278 3079/3079
f 3118/8279 3079/3079 3109/3109
f 3109/3109 3112/3112 3118/8279
f 2978/2978 3120/3120 2972/2972
f 3084/3084 3103/3103 2974/2974
f 3084/3084 2974/2974 3121/3121
f 3120/3120 3116/3116 2972/2972
f 2974/2974 3113/3113 3121/3121
f 3095/3095 3119/3119 3098/3098
f 3122/3122 3118/8279 3112/3112
f 3122/8280 3123/3123 3118/3118
f 3124/3124 3118/3118 3123/3123
f 3122/8280 3125/3125 3123/3123
f 3119/3119 3118/3118 3124/3124
f 3119/3119 3124/3124 3125/3125
f 3126/3126 3119/3119 3125/3125
f 3124/3124 3123/3123 3125/3125
f 2824/2824 2947/2947 3111/3111
f 3127/3127 3098/3098 3119/3119
f 1955/1955 1928/1928 3106/3106
f 3108/3108 3116/3116 3106/3106
f 3127/3127 3119/3119 3128/3128
f 3119/3119 3126/3126 3128/3128
f 3116/3116 3129/3129 3106/3106
f 3130/3130 3127/3127 3128/3128
f 2882/2882 3044/3044 3041/3041
f 3131/3131 3044/3044 2882/2882
f 2988/2988 3132/3132 2882/2882
f 3133/3133 3130/3130 3134/3134
f 1928/1928 1955/1955 1949/1949
f 3132/3132 3131/3131 2882/2882
f 3135/3135 3133/3133 3134/3134
f 3135/3135 3134/3134 3136/3136
f 3129/3129 1955/1955 3106/3106
f 3137/3137 3131/3131 3132/3132
f 3042/3042 3044/3044 3049/3049
f 2983/2983 3120/3120 2978/2978
f 3138/3138 3110/3110 3139/3139
f 3111/3111 3139/3139 3110/3110
f 3140/3140 3141/3141 3049/3049
f 3111/3111 3142/3142 3139/3139
f 3143/3143 3140/3140 3044/3044
f 3144/3144 3120/3120 2983/2983
f 3144/3144 3145/3145 3120/3120
f 3143/3143 3044/3044 3131/3131
f 3140/3140 3049/3049 3044/3044
f 3120/3120 3145/3145 3116/3116
f 3002/3002 2832/2832 3146/3146
f 3147/3147 3140/3140 3143/3143
f 3148/3148 3132/3132 2988/2988
f 3116/3116 3145/3145 3149/3149
f 2951/2951 3009/3009 3150/3150
f 3151/3151 3014/3014 2951/2951
f 2951/2951 3150/3150 3151/3151
f 3152/3152 3132/3132 3148/3148
f 3146/3146 3009/3009 3002/3002
f 3009/3009 3146/3146 3153/3153
f 3144/3144 3154/3154 3145/3145
f 3137/3137 3132/3132 3152/3152
f 3144/3144 3155/3155 3154/3154
f 2998/2998 3148/3148 2988/2988
f 3009/3009 3153/3153 3150/3150
f 3154/3154 3156/3156 3145/3145
f 3046/3046 2881/2881 3115/3115
f 3157/3157 3148/3148 2998/2998
f 3158/3158 3154/3154 3155/3155
f 3159/3159 3160/3160 3158/8281
f 3115/3115 3161/3161 3046/3046
f 3162/3162 3151/3151 3150/3150
f 2832/2832 2869/2869 3146/3146
f 3160/8282 3156/3156 3154/3154
f 3160/8282 3154/3154 3158/3158
f 3163/3163 3148/3148 3157/3157
f 3161/3161 3047/3047 3046/3046
f 3137/3137 3143/3143 3131/3131
f 3164/3164 3146/3146 2869/2869
f 3165/3165 3129/3129 3149/3149
f 3115/3115 3110/3110 3138/3138
f 3149/3149 3166/3166 3165/3165
f 3146/3146 3164/3164 3153/3153
f 3167/3167 3147/3147 3143/3143
f 3167/3167 3143/3143 3137/3137
f 3153/3153 3168/3168 3150/3150
f 3169/3169 3153/3153 3164/3164
f 1969/1969 1953/1953 1955/1955
f 3168/3168 3153/3153 3169/3169
f 3170/3170 3167/3167 3137/3137
f 1969/1969 3171/3171 1971/1971
f 3150/3150 3168/3168 3162/3162
f 3172/3172 3151/3151 3162/3162
f 3152/3152 3170/3170 3137/3137
f 1969/1969 1955/1955 3165/3165
f 1955/1955 3129/3129 3165/3165
f 3165/3165 3171/3171 1969/1969
f 3166/3166 3171/3171 3165/3165
f 3162/3162 3168/3168 3169/3169
f 3115/3115 3138/3138 3161/3161
f 3171/3171 3166/3166 3173/3173
f 3172/3172 3162/3162 3174/3174
f 3174/3174 3162/3162 3169/3169
f 1971/1971 3171/3171 3173/3173
f 1979/1979 1971/1971 3173/3173
f 3141/3141 3058/3058 3049/3049
f 3058/3058 3117/3117 3055/3055
f 3166/3166 3175/3175 3173/3173
f 3176/3176 1979/1979 3173/3173
f 3176/3176 1991/1991 1979/1979
f 3177/3177 3058/3058 3141/3141
f 3161/3161 3178/3178 3047/3047
f 3117/3117 3058/3058 3177/3177
f 2973/2973 3014/3014 3179/3179
f 3180/3180 3177/3177 3141/3141
f 3116/3116 3149/3149 3129/3129
f 3178/3178 3181/3181 3047/3047
f 3156/3156 3182/3182 3149/3149
f 3183/3183 3011/3011 3019/3019
f 3151/3151 3172/3172 3014/3014
f 3156/3156 3149/3149 3145/3145
f 3014/3014 3172/3172 3179/3179
f 3166/3166 3149/3149 3182/3182
f 3184/3184 3019/3019 3022/3022
f 3140/3140 3147/3147 3141/3141
f 2973/2973 3179/3179 2980/2980
f 3185/3185 3182/3182 3156/3156
f 3184/3184 3183/3183 3019/3019
f 3147/3147 3180/3180 3141/3141
f 3175/3175 3166/3166 3182/3182
f 3185/3185 3175/3175 3182/3182
f 2985/2985 3180/3180 3147/3147
f 3147/3147 3186/3186 2985/2985
f 3187/3187 3178/3178 3161/3161
f 3188/3188 3175/3175 3185/3185
f 3185/3185 3156/3156 3160/8282
f 3160/3160 3159/3159 3185/8284
f 3187/3187 3181/3181 3178/3178
f 3189/3189 3190/3190 3181/3181
f 3191/3191 3185/8284 3159/3159
f 3187/3187 3189/3189 3181/3181
f 3192/3192 3191/3191 3159/3159
f 3179/3179 3193/3193 3194/3194
f 3179/3179 3194/3194 2980/2980
f 3195/3195 3194/3194 3193/3193
f 3159/3159 3196/3196 3192/3192
f 3187/3187 3161/3161 3197/3197
f 2231/8236 3185/8284 3191/3191
f 3192/3192 3198/3198 3191/3191
f 3191/3191 3198/3198 2231/8236
f 3192/3192 3199/3199 3198/3198
f 3176/3176 3173/3173 3175/3175
f 3176/3176 3175/3175 3188/3188
f 3200/3200 3179/3179 3172/3172
f 3201/3201 3176/3176 3188/3188
f 3177/3177 2994/2994 3117/3117
f 3201/3201 1991/1991 3176/3176
f 2994/2994 2995/2995 3117/3117
f 3202/3202 3190/3190 3203/3203
f 2008/2008 1991/1991 3201/3201
f 3204/3204 3205/3205 3206/3206
f 3188/3188 3185/3185 3201/3201
f 3185/3185 2231/2231 3201/3201
f 2231/2231 2008/2008 3201/3201
f 3203/3203 3190/3190 3189/3189
f 2008/2008 1993/1993 1991/1991
f 3200/3200 3207/3207 3179/3179
f 2231/2231 2009/2009 2008/2008
f 3204/3204 3208/3208 3205/3205
f 3193/3193 3179/3179 3207/3207
f 3203/3203 3209/3209 3204/3204
f 2985/2985 3177/3177 3180/3180
f 2982/2982 3144/3144 2983/2983
f 2982/2982 3155/3155 3144/3144
f 3210/3210 3207/3207 3200/3200
f 3081/8277 2982/2982 3078/3078
f 3081/8277 3155/3155 2982/2982
f 3193/3193 3207/3207 3210/3210
f 3177/3177 2985/2985 2984/2984
f 2984/2984 2994/2994 3177/3177
f 3075/3075 3047/3047 3181/3181
f 1797/1797 3193/3193 3210/3210
f 3158/3158 3155/3155 3081/8277
f 3080/3080 3211/3211 3081/3081
f 3158/8281 3081/3081 3211/3211
f 3158/8281 3211/3211 3159/3159
f 3167/3167 3186/3186 3147/3147
f 3080/3080 3212/3212 3211/3211
f 3190/3190 3075/3075 3181/3181
f 3202/3202 3075/3075 3190/3190
f 3213/3213 3080/3080 3089/3089
f 3212/3212 3080/3080 3213/3213
f 3206/3206 3022/8266 3082/3082
f 3186/3186 3167/3167 3214/3214
f 2886/2886 2869/2869 2860/2860
f 3077/3077 3075/3075 3082/3082
f 3075/3075 3202/3202 3082/3082
f 3215/3215 3167/3167 3170/3170
f 3169/3169 3164/3164 3216/3216
f 3202/3202 3206/3206 3082/3082
f 3211/3211 3196/3196 3159/3159
f 3206/3206 3184/8283 3022/8266
f 3205/3205 3184/8283 3206/3206
f 3196/3196 3211/3211 3217/3217
f 3215/3215 3214/3214 3167/3167
f 3164/3164 2869/2869 3218/3218
f 3218/3218 3216/3216 3164/3164
f 3215/3215 3170/3170 3219/3219
f 3203/3203 3204/3204 3202/3202
f 3218/3218 2869/2869 2886/2886
f 3220/3220 3217/3217 3221/3221
f 3196/3196 3217/3217 3220/3220
f 3204/3204 3206/3206 3202/3202
f 3222/3222 3211/3211 3212/3212
f 3006/3006 2985/2985 3186/3186
f 3169/3169 3223/3223 3174/3174
f 3222/3222 3217/3217 3211/3211
f 3169/3169 3216/3216 3223/3223
f 3008/3008 3006/3006 3186/3186
f 3222/3222 3221/3221 3217/3217
f 3008/3008 3186/3186 3214/3214
f 3224/3224 3223/3223 3216/3216
f 3225/3225 3221/3221 3222/3222
f 3174/3174 3223/3223 3224/3224
f 3099/3099 3213/3213 3089/3089
f 3174/3174 3224/3224 3226/3226
f 3227/3227 3008/3008 3214/3214
f 3215/3215 3227/3227 3214/3214
f 3227/3227 3215/3215 3012/3012
f 3104/3104 3099/3099 3088/3088
f 3227/3227 3012/3012 3008/3008
f 3012/3012 3007/3007 3008/3008
f 3104/3104 1833/1833 3099/3099
f 3161/3161 3138/3138 3197/3197
f 3228/3228 3197/3197 3138/3138
f 1927/1927 3218/3218 2886/2886
f 3218/3218 1927/1927 1926/1926
f 3218/3218 1926/1926 1933/1933
f 2968/2968 2995/2995 2969/2969
f 1926/1926 1934/1934 1933/1933
f 1933/1933 3216/3216 3218/3218
f 3213/3213 3099/3099 3212/3212
f 1933/1933 3229/3229 3216/3216
f 3216/3216 3229/3229 3224/3224
f 3229/3229 1933/1933 3230/3230
f 1946/1946 3229/3229 3230/3230
f 3229/3229 1946/1946 3224/3224
f 2909/2909 2840/2840 2828/2828
f 3231/3231 3226/3226 3224/3224
f 3212/3212 3099/3099 3222/3222
f 1946/1946 3231/3231 3224/3224
f 3138/3138 3139/3139 3228/3228
f 1932/1932 3230/3230 1933/1933
f 1932/1932 1946/1946 3230/3230
f 1833/1833 3222/3222 3099/3099
f 3172/3172 3174/3174 3200/3200
f 3200/3200 3174/3174 3226/3226
f 1833/1833 3225/3225 3222/3222
f 3220/3220 3192/3192 3196/3196
f 3200/3200 3226/3226 3232/3232
f 3200/3200 3232/3232 3210/3210
f 3220/3220 3199/3199 3192/3192
f 3233/3233 3199/3199 3220/3220
f 1797/1797 3210/3210 1810/1810
f 3234/3234 3187/3187 3197/3197
f 3234/3234 3189/3189 3187/3187
f 3121/3121 2842/2842 2840/2840
f 3210/3210 3232/3232 1810/1810
f 3235/3235 3232/3232 3226/3226
f 3232/3232 3235/3235 1810/1810
f 1797/1797 1810/1810 1798/1798
f 3221/3221 3225/3225 3220/3220
f 3236/3236 3234/3234 3197/3197
f 3197/3197 3237/3237 3236/3236
f 3226/3226 3238/3238 3235/3235
f 3233/3233 3220/3220 3225/3225
f 3233/3233 3225/3225 2310/2310
f 2840/2840 3084/3084 3121/3121
f 1848/1848 1811/1811 1810/1810
f 1810/1810 3235/3235 1848/1848
f 3234/3234 3239/3239 3189/3189
f 3239/3239 3203/3203 3189/3189
f 3203/3203 3239/3239 3209/3209
f 2247/2247 3233/3233 2310/2310
f 3240/3240 3209/3209 3239/3239
f 3236/3236 3241/3241 3234/3234
f 3242/3242 3226/3226 3231/3231
f 3241/3241 3239/3239 3234/3234
f 3242/3242 3238/3238 3226/3226
f 2310/2310 3225/3225 2045/2045
f 3243/3243 3239/3239 3241/3241
f 3239/3239 3243/3243 3240/3240
f 3240/3240 3244/3244 3209/3209
f 1946/1946 3242/3242 3231/3231
f 3242/3242 1946/1946 1964/1964
f 2045/2045 2049/2049 2310/2310
f 1947/1947 1964/1964 1946/1946
f 1964/1964 3238/3238 3242/3242
f 3237/3237 3197/3197 3228/3228
f 3245/3245 3236/3236 3237/3237
f 3238/3238 1972/1972 3235/3235
f 1964/1964 1972/1972 3238/3238
f 3246/3246 3237/3237 3228/3228
f 3235/3235 1972/1972 1860/1860
f 3235/3235 1860/1860 1848/1848
f 1833/1833 1832/1832 3225/3225
f 3194/3194 2975/2975 2980/2980
f 2975/2975 3194/3194 3114/3114
f 3194/3194 3195/3195 3114/3114
f 3245/3245 3241/3241 3236/3236
f 1842/1842 2045/2045 1832/1832
f 3247/3247 3241/3241 3245/3245
f 3247/3247 3243/3243 3241/3241
f 3225/3225 1832/1832 2045/2045
f 3247/3247 3248/3248 3243/3243
f 3249/3249 3112/3112 3114/3114
f 3112/3112 3249/3249 3122/3122
f 3250/3250 3122/3122 3249/3249
f 2237/2237 2232/8237 2231/8236
f 2248/2248 2237/2237 2231/8236
f 3195/3195 3249/3249 3114/3114
f 3195/3195 3251/3251 3249/3249
f 3252/3252 2231/8236 3198/3198
f 3252/3252 2248/2248 2231/8236
f 3198/3198 3199/3199 3252/3252
f 3250/8287 3253/3253 3122/8280
f 3251/3251 3250/3250 3249/3249
f 3121/3121 2874/2874 2842/2842
f 2247/2247 3252/3252 3199/3199
f 2248/2248 3252/3252 2247/2247
f 3199/3199 3233/3233 2247/2247
f 3253/3253 3125/3125 3122/8280
f 3254/3254 3013/3013 3012/3012
f 3255/3255 3013/3013 3254/3254
f 3012/3012 3256/3256 3254/3254
f 3255/3255 3015/3015 3013/3013
f 3015/3015 3255/3255 3025/3025
f 3257/3257 3254/3254 3258/3258
f 3195/3195 3193/3193 3259/3259
f 1799/1799 3251/3251 3195/3195
f 3254/3254 3257/3257 3255/3255
f 1799/1799 3195/3195 3259/3259
f 3258/3258 3260/3260 3257/3257
f 3193/3193 1797/1797 3259/3259
f 3261/3261 3021/3021 3025/3025
f 3261/3261 3262/3262 3021/3021
f 3259/3259 1797/1797 1799/1799
f 3262/3262 3029/3029 3021/3021
f 3262/3262 3263/3263 3029/3029
f 3121/3121 3107/3107 2874/2874
f 3251/3251 1799/1799 1825/8226
f 3255/3255 3261/3261 3025/3025
f 1825/8226 3250/3250 3251/3251
f 3261/3261 3264/3264 3262/3262
f 3121/3121 3113/3113 3107/3107
f 3264/3264 3261/3261 3255/3255
f 3264/3264 3265/3265 3262/3262
f 1825/8226 1799/1799 1828/8227
f 3066/3066 3061/3061 3029/3029
f 3066/3066 3029/3029 3263/3263
f 1827/1827 3250/8287 1825/1825
f 3066/3066 3263/3263 3266/3266
f 1827/1827 1826/1826 1831/1831
f 3265/3265 3263/3263 3262/3262
f 3125/3125 3267/3267 3126/3126
f 3268/3268 3266/3266 3263/3263
f 3125/3125 3253/3253 3267/3267
f 3267/3267 3253/3253 1827/1827
f 3269/3269 3267/3267 1827/1827
f 3267/3267 3128/3128 3126/3126
f 3258/3258 3270/3270 3260/3260
f 3270/3270 3257/3257 3260/3260
f 3271/3271 3128/3128 3267/3267
f 3272/3272 3264/3264 3257/3257
f 3272/3272 3257/3257 3270/3270
f 3255/3255 3257/3257 3264/3264
f 3130/3130 3128/3128 3271/3271
f 3134/3134 3130/3130 3271/3271
f 3271/3271 3267/3267 3269/3269
f 3269/3269 3273/3273 3271/3271
f 3134/3134 3271/3271 3273/3273
f 3274/3274 3263/3263 3265/3265
f 3250/8287 1827/1827 3253/3253
f 3274/3274 3268/3268 3263/3263
f 3274/3274 3275/3275 3268/3268
f 3264/3264 3272/3272 3265/3265
f 1831/1831 3269/3269 1827/1827
f 3276/3276 3265/3265 3272/3272
f 3276/3276 3274/3274 3265/3265
f 3277/3277 3278/3278 3274/3274
f 3269/3269 1883/1883 3273/3273
f 3268/3268 3275/3275 3266/3266
f 2874/2874 3107/3107 3106/3106
f 3275/3275 3278/3278 3279/3279
f 3274/3274 3278/3278 3275/3275
f 1831/1831 1877/1877 3269/3269
f 1883/1883 3269/3269 1877/1877
f 1877/1877 1831/1831 1829/1829
f 1787/1787 3273/3273 1883/1883
f 3279/3279 3278/3278 3280/3280
f 3134/3134 3273/3273 3281/3281
f 3136/3136 3134/3134 3281/3281
f 3282/3282 3136/3136 3283/3283
f 3283/3283 3136/3136 3281/3281
f 3280/3280 3278/3278 1863/1863
f 1928/1928 2874/2874 3106/3106
f 3284/3284 3280/3280 1792/1792
f 1788/1788 1787/1787 1883/1883
f 3066/3066 3266/3266 3064/3064
f 2965/2965 2955/2955 2725/2725
f 3094/3094 3064/3064 3266/3266
f 3281/3281 3273/3273 1786/1786
f 1787/1787 1786/1786 3273/3273
f 3285/3285 3094/3094 3266/3266
f 1790/1790 3281/3281 1786/1786
f 3275/3275 3285/3285 3266/3266
f 3283/3283 3281/3281 1790/1790
f 3285/3285 3275/3275 3279/3279
f 3285/3285 3101/3101 3094/3094
f 2727/2727 2746/2746 2725/2725
f 3101/3101 1791/1791 3104/3104
f 2965/2965 2725/2725 2746/2746
f 1791/1791 3285/3285 3279/3279
f 1791/1791 3101/3101 3285/3285
f 1793/1793 3104/3104 1791/1791
f 2964/2964 3286/3286 3287/3287
f 3286/3286 2964/2964 2965/2965
f 3287/3287 2971/2971 2964/2964
f 3288/3288 1791/1791 3279/3279
f 3279/3279 3280/3280 3288/3288
f 1791/1791 3288/3288 1792/1792
f 3284/3284 3288/3288 3280/3280
f 3288/3288 3284/3284 1792/1792
f 3289/3289 3270/3270 3290/3290
f 3291/3291 3287/3287 3286/3286
f 3289/3289 3272/3272 3270/3270
f 3292/3292 3293/3293 3289/3289
f 3290/3290 3292/3292 3289/3289
f 3293/3293 3292/3292 3294/3294
f 2661/2661 3294/3294 3292/3292
f 3295/3295 2746/2746 2745/2745
f 3289/3289 3276/3276 3272/3272
f 3293/3293 3276/3276 3289/3289
f 3277/3277 3274/3274 3296/3296
f 3296/3296 3274/3274 3276/3276
f 3295/3295 2965/2965 2746/2746
f 3296/3296 3276/3276 3293/3293
f 3293/3293 3277/3277 3296/3296
f 3292/3292 3290/3290 3297/3297
f 2751/2751 3295/3295 2745/2745
f 2659/2659 3292/3292 3297/3297
f 2659/2659 2661/2661 3292/3292
f 3295/3295 2751/2751 3298/3298
f 2965/2965 3295/3295 3286/3286
f 3299/3299 3286/3286 3295/3295
f 3300/3300 3299/3299 3295/3295
f 3299/3299 3291/3291 3286/3286
f 3278/3278 3277/3277 1863/1863
f 3301/3301 1863/1863 3277/3277
f 3302/3302 3299/3299 3300/3300
f 3301/3301 3293/3293 3294/3294
f 3277/3277 3293/3293 3301/3301
f 3295/3295 3298/3298 3300/3300
f 3280/3280 1863/1863 1792/1792
f 3303/3303 3302/3302 3300/3300
f 3303/3303 3300/3300 3304/3304
f 3305/3305 3306/3306 2998/2998
f 2998/2998 3306/3306 3157/3157
f 2971/2971 3287/3287 2998/2998
f 3287/3287 3305/3305 2998/2998
f 3294/3294 2661/2661 2662/2662
f 3287/3287 3291/3291 3305/3305
f 2664/2664 2666/2666 2662/2662
f 3301/3301 3294/3294 2662/2662
f 2662/2662 3307/3307 3301/3301
f 3308/3308 3306/3306 3305/3305
f 3301/3301 1866/1866 1863/1863
f 3307/3307 1866/1866 3301/3301
f 2666/2666 3307/3307 2662/2662
f 3305/3305 3291/3291 3299/3299
f 3307/3307 2666/2666 1866/1866
f 1875/1875 1866/1866 2666/2666
f 3302/3302 3309/3309 3299/3299
f 3299/3299 3309/3309 3305/3305
f 3310/3310 3309/3309 3302/3302
f 1782/1782 1833/1833 3104/3104
f 3104/3104 1793/1793 1782/1782
f 3309/3309 3308/3308 3305/3305
f 3309/3309 3311/3311 3308/3308
f 3308/3308 3311/3311 3312/3312
f 3313/3313 3308/3308 3312/3312
f 1782/1782 1781/1781 1833/1833
f 2764/2764 2751/2751 2743/2743
f 3298/3298 2751/2751 3314/3314
f 2764/2764 3314/3314 2751/2751
f 2764/2764 3315/3315 3314/3314
f 3316/3316 3315/3315 2764/2764
f 3298/3298 3314/3314 3300/3300
f 3304/3304 3300/3300 3314/3314
f 3304/3304 3315/3315 3317/3317
f 3304/3304 3317/3317 3303/3303
f 3315/3315 3304/3304 3314/3314
f 3316/3316 3318/3318 3315/3315
f 3319/3319 3317/3317 3315/3315
f 3319/3319 3315/3315 3318/3318
f 1968/1968 3316/3316 2764/2764
f 2757/2757 1968/1968 2764/2764
f 2397/2397 3316/3316 1968/1968
f 3318/3318 3320/3320 3319/3319
f 3318/3318 3316/3316 2397/2397
f 2396/2396 3318/3318 2397/2397
f 3302/3302 3303/3303 3310/3310
f 3310/3310 3303/3303 3321/3321
f 3317/3317 3321/3321 3303/3303
f 3322/3322 3321/3321 3320/3320
f 3319/3319 3320/3320 3317/3317
f 3320/3320 3321/3321 3317/3317
f 3311/3311 3309/3309 3310/3310
f 3322/3322 3311/3311 3310/3310
f 3322/3322 3312/3312 3311/3311
f 3310/3310 3321/3321 3322/3322
f 3323/3323 3312/3312 3322/3322
f 3324/3324 3322/3322 3320/3320
f 3318/3318 2404/2404 3320/3320
f 3318/3318 2396/2396 2404/2404
f 2404/2404 3324/3324 3320/3320
f 3325/3325 3322/3322 3324/3324
f 3322/3322 3325/3325 3323/3323
f 3326/3326 3323/3323 3325/3325
f 2404/2404 3325/3325 3324/3324
f 2403/2403 3325/3325 2404/2404
f 2403/2403 2421/2421 3325/3325
f 3163/3163 3152/3152 3148/3148
f 3327/3327 3163/3163 3157/3157
f 3306/3306 3313/3313 3157/3157
f 3157/3157 3313/3313 3327/3327
f 3328/3328 3219/3219 3152/3152
f 3328/3328 3152/3152 3163/3163
f 3163/3163 3327/3327 3328/3328
f 3329/3329 3327/3327 3330/3330
f 3327/3327 3329/3329 3328/3328
f 3331/3331 3329/3329 3330/3330
f 3331/3331 3332/3332 3329/3329
f 3333/3333 3332/3332 3331/3331
f 3308/3308 3313/3313 3306/3306
f 3334/3334 3327/3327 3313/3313
f 3335/3335 3334/3334 3313/3313
f 3330/3330 3327/3327 3334/3334
f 3331/3331 3330/3330 3334/3334
f 3170/3170 3152/3152 3219/3219
f 3328/3328 3336/3336 3219/3219
f 3012/3012 3215/3215 3337/3337
f 3337/3337 3256/3256 3012/3012
f 3219/3219 3337/3337 3215/3215
f 3219/3219 3336/3336 3337/3337
f 3256/3256 3337/3337 3336/3336
f 3258/3258 3256/3256 3336/3336
f 3256/3256 3258/3258 3254/3254
f 3332/3332 3328/3328 3329/3329
f 3332/3332 3336/3336 3328/3328
f 3338/3338 3336/3336 3332/3332
f 3338/3338 3258/3258 3336/3336
f 3338/3338 3270/3270 3258/3258
f 3339/3339 3332/3332 3333/3333
f 3335/3335 3313/3313 3312/3312
f 3340/3340 3331/3331 3334/3334
f 3340/3340 3335/3335 3341/3341
f 3334/3334 3335/3335 3340/3340
f 3312/3312 3341/3341 3335/3335
f 3342/3342 3312/3312 3323/3323
f 3341/3341 3333/3333 3340/3340
f 3333/3333 3331/3331 3340/3340
f 3333/3333 3341/3341 3339/3339
f 3312/3312 3342/3342 3341/3341
f 3323/3323 3326/3326 3342/3342
f 2421/2421 3326/3326 3325/3325
f 2421/2421 3342/3342 3326/3326
f 2517/2517 3342/3342 2421/2421
f 3341/3341 3342/3342 3343/3343
f 3343/3343 3342/3342 2526/2526
f 3343/3343 2526/2526 3344/3344
f 2526/2526 3342/3342 2517/2517
f 3339/3339 3338/3338 3332/3332
f 3339/3339 3345/3345 3338/3338
f 3338/3338 3345/3345 3290/3290
f 3290/3290 3270/3270 3338/3338
f 3290/3290 3345/3345 3297/3297
f 3339/3339 3346/3346 3345/3345
f 3297/3297 3345/3345 3347/3347
f 3345/3345 3346/3346 3347/3347
f 3297/3297 3347/3347 2659/2659
f 2564/2564 2659/2659 3347/3347
f 3343/3343 3339/3339 3341/3341
f 3343/3343 3344/3344 3339/3339
f 3348/3348 3339/3339 3344/3344
f 2553/2553 3348/3348 3344/3344
f 3339/3339 3348/3348 3346/3346
f 2553/2553 3344/3344 2526/2526
f 2525/2525 2553/2553 2526/2526
f 2553/2553 3346/3346 3348/3348
f 2553/2553 3347/3347 3346/3346
f 2559/2559 3347/3347 2553/2553
f 2564/2564 3347/3347 2559/2559
f 3349/3349 3136/3136 3282/3282
f 3350/3350 3282/3282 3283/3283
f 3350/3350 3283/3283 3351/3351
f 3352/3352 3350/3350 3351/3351
f 3353/3353 3352/3352 3351/3351
f 3350/3350 3352/3352 3354/3354
f 3351/3351 3283/3283 1790/1790
f 1790/1790 1789/1789 3351/3351
f 1789/1789 1786/1786 3355/3355
f 3351/3351 3356/3356 3353/3353
f 3357/3357 3356/3356 1789/1789
f 3356/3356 3351/3351 1789/1789
f 3358/3358 3354/3354 3352/3352
f 3358/3358 3352/3352 3353/3353
f 3359/3359 3358/3358 3360/3360
f 3358/3358 3353/3353 3356/3356
f 3360/3360 3358/3358 3356/3356
f 3356/3356 3361/3361 3360/3360
f 1897/1897 3362/3362 1893/1893
f 3363/3363 3362/3362 3364/3364
f 3355/3355 1786/1786 1893/1893
f 3355/3355 1893/1893 3365/3365
f 3362/3362 3365/3365 1893/1893
f 3357/3357 1789/1789 3355/3355
f 3357/3357 3355/3355 3365/3365
f 3366/3366 3365/3365 3362/3362
f 3363/3363 3366/3366 3362/3362
f 3364/3364 3362/3362 1897/1897
f 3364/3364 1897/1897 1917/1917
f 1917/1917 1897/1897 1907/1907
f 1917/1917 3367/3367 3364/3364
f 2081/2081 3367/3367 1917/1917
f 3367/3367 3363/3363 3364/3364
f 2088/2088 3367/3367 2081/2081
f 3365/3365 3366/3366 3368/3368
f 3357/3357 3365/3365 3368/3368
f 3363/3363 3368/3368 3366/3366
f 3363/3363 3369/3369 3368/3368
f 3357/3357 3370/3370 3356/3356
f 3370/3370 3357/3357 3368/3368
f 3361/3361 3356/3356 3370/3370
f 3368/3368 3369/3369 3370/3370
f 3371/3371 3363/3363 3367/3367
f 2092/2092 3371/3371 3367/3367
f 2092/2092 3367/3367 2088/2088
f 2092/2092 2088/2088 2086/2086
f 3372/3372 2092/2092 2093/2093
f 2098/2098 3372/3372 2093/2093
f 3369/3369 3363/3363 3371/3371
f 3369/3369 3371/3371 2092/2092
f 3372/3372 3369/3369 2092/2092
f 3373/3373 3359/3359 3360/3360
f 3360/3360 3361/3361 3373/3373
f 3374/3374 3373/3373 3361/3361
f 3373/3373 3374/3374 3375/3375
f 3374/3374 3376/3376 3375/3375
f 3377/3377 3376/3376 3374/3374
f 3378/3378 3361/3361 3370/3370
f 3374/3374 3361/3361 3378/3378
f 3372/3372 2098/2098 3379/3379
f 2098/2098 2165/2165 3379/3379
f 3378/3378 3379/3379 2165/2165
f 2176/2176 3378/3378 2165/2165
f 3370/3370 3369/3369 3372/3372
f 3372/3372 3379/3379 3370/3370
f 3378/3378 3370/3370 3379/3379
f 3374/3374 3378/3378 3377/3377
f 3377/3377 3378/3378 2488/2488
f 2488/2488 3378/3378 2176/2176
f 3380/3380 3377/3377 2488/2488
f 2505/2505 3380/3380 2488/2488
f 3381/3381 3380/3380 2505/2505
f 3382/3382 3383/3383 3381/3381
f 2572/2572 3381/3381 2505/2505
f 2572/2572 3382/3382 3381/3381
f 2572/2572 2592/2592 3382/3382
f 2592/2592 2937/2937 3382/3382
f 2584/2584 2592/2592 2572/2572
f 819/819 616/616 3384/3384
f 616/616 3385/3385 3384/3384
f 3385/3385 819/819 3384/3384
f 2643/2643 819/819 3385/3385
f 1785/1785 2643/2643 3385/3385
f 649/649 3385/3385 616/616
f 649/649 1815/1815 3385/3385
f 1815/1815 1785/1785 3385/3385
f 2657/2657 1784/1784 2698/2698
f 2690/2690 2657/2657 2698/2698
f 1912/1912 1911/1911 2700/2700
f 1912/1912 2700/2700 2698/2698
f 1784/1784 1912/1912 2698/2698
f 1784/1784 1936/1936 1912/1912
f 1801/1801 1936/1936 1784/1784
f 1784/1784 1796/1796 1801/1801
f 2657/2657 2643/2643 1785/1785
f 1784/1784 2657/2657 1785/1785
f 2234/2234 2257/2257 2261/2261
f 2896/2896 2901/2901 2891/2891
f 3386/3386 3387/3387 3388/3388
f 3389/3389 3390/3390 3388/3388
f 777/777 3391/3391 1639/1639
f 1639/1639 3391/3391 1649/1649
f 2366/2366 3391/3391 777/777
f 3390/3390 3392/3392 3393/3393
f 3390/3390 3393/3393 3394/3394
f 3395/3395 3391/3391 2366/2366
f 3396/3396 3397/3397 3398/3398
f 3399/3399 3386/3386 3388/3388
f 3400/3400 3401/3401 3391/8288
f 3402/3402 3390/3390 3394/3394
f 3403/3403 3404/3404 3405/3405
f 3406/3406 3407/3407 3408/3408
f 3400/3400 3391/8288 3409/3409
f 3410/3410 1649/8225 3391/8288
f 3411/3411 3390/3390 3402/3402
f 3399/3399 3407/3407 3412/3412
f 3412/3412 3407/3407 3406/3406
f 1649/8225 3410/3410 1651/1651
f 3401/3401 3410/3410 3391/8288
f 3387/3387 3389/3389 3388/3388
f 3413/3413 3410/3410 3401/3401
f 3399/3399 3388/3388 3407/3407
f 3403/3403 3397/3397 3404/3404
f 1651/1651 3410/3410 3413/3413
f 3398/3398 3397/3397 3403/3403
f 3414/3414 1651/1651 3413/3413
f 3401/3401 3400/3400 3413/3413
f 3398/3398 3403/3403 3415/3415
f 3413/3413 3400/3400 3414/3414
f 2375/2375 3395/3395 2366/2366
f 3416/3416 3417/3417 3396/3396
f 3388/3388 3390/3390 3411/3411
f 3395/3395 2375/2375 3409/8289
f 3391/3391 3395/3395 3409/8289
f 3418/3418 3386/3386 3399/3399
f 3407/3407 3388/3388 3411/3411
f 3416/3416 3396/3396 3419/3419
f 2375/2375 3420/3420 3409/8289
f 3419/3419 3396/3396 3415/3415
f 3420/8290 3421/3421 3409/3409
f 3408/3408 3407/3407 3411/3411
f 3422/3422 3414/3414 3400/3400
f 3400/3400 3409/3409 3421/3421
f 2377/2377 3420/3420 2375/2375
f 3423/3423 3424/3424 3425/3425
f 3426/3426 3427/3427 3406/3406
f 3428/3428 3406/3406 3427/3427
f 1697/1697 1651/1651 3429/3429
f 3414/3414 3429/3429 1651/1651
f 3430/3430 3427/3427 3431/3431
f 3428/3428 3427/3427 3430/3430
f 3411/3411 3402/3402 3424/3424
f 3411/3411 3424/3424 3423/3423
f 3396/3396 3398/3398 3415/3415
f 3423/3423 3425/3425 3432/3432
f 3433/3433 3429/3429 3434/3434
f 3435/3435 3430/3430 3431/3431
f 3422/3422 3400/3400 3421/3421
f 3436/3436 3437/3437 3438/3438
f 3436/3436 3438/3438 3439/3439
f 3438/3438 3437/3437 3440/3440
f 3422/3422 3441/3441 3414/3414
f 3442/3442 3430/3430 3443/3443
f 3441/3441 3422/3422 3444/3444
f 3442/3442 3443/3443 3445/3445
f 3432/3432 3425/3425 3436/3436
f 3439/3439 3432/3432 3436/3436
f 3434/3434 3429/3429 3441/3441
f 3414/3414 3441/3441 3429/3429
f 3445/3445 3443/3443 3446/3446
f 3445/3445 3446/3446 3447/3447
f 3448/3448 3441/3441 3444/3444
f 3434/3434 3441/3441 3448/3448
f 3449/3449 3450/3450 3451/3451
f 3452/3452 3423/3423 3432/3432
f 3426/3426 3452/3452 3432/3432
f 3452/3452 3408/3408 3423/3423
f 3406/3406 3452/3452 3426/3426
f 1655/1655 1651/1651 1697/1697
f 3426/3426 3432/3432 3453/3453
f 1697/1697 1699/1699 1694/1694
f 3432/3432 3439/3439 3453/3453
f 3454/3454 3412/3412 3406/3406
f 3454/3454 3406/3406 3428/3428
f 3453/3453 3438/3438 3431/3431
f 3428/3428 3430/3430 3454/3454
f 3455/3455 3451/3451 3456/3456
f 3449/3449 3451/3451 3455/3455
f 3455/3455 3457/3457 3449/3449
f 3453/3453 3439/3439 3438/3438
f 1697/1697 3429/3429 3433/3433
f 3427/3427 3453/3453 3431/3431
f 1699/1699 1697/1697 3458/3458
f 3433/3433 3458/3458 1697/1697
f 3427/3427 3426/3426 3453/3453
f 3455/3455 3456/3456 3459/3459
f 3460/3460 3399/3399 3412/3412
f 3461/3461 3460/3460 3412/3412
f 1709/1709 1700/1700 3462/3462
f 3463/3463 3449/3449 3457/3457
f 3408/3408 3411/3411 3423/3423
f 3464/3464 3454/3454 3442/3442
f 3461/3461 3454/3454 3464/3464
f 3406/3406 3408/3408 3452/3452
f 1700/1700 1699/1699 3462/3462
f 3461/3461 3412/3412 3454/3454
f 3454/3454 3430/3430 3442/3442
f 3465/3465 3457/3457 3455/3455
f 3466/3466 3467/3467 3468/3468
f 3469/3469 3470/3470 3471/3471
f 3472/3472 3455/3455 3459/3459
f 3447/3447 3464/3464 3442/3442
f 3465/3465 3455/3455 3472/3472
f 3470/3470 3469/3469 3467/3467
f 3466/3466 3470/3470 3467/3467
f 3447/3447 3442/3442 3445/3445
f 3473/3473 3468/3468 3375/3375
f 3463/3463 3457/3457 3474/3474
f 3474/3474 3457/3457 3465/3465
f 3473/3473 3466/3466 3468/3468
f 3458/3458 3475/3475 1699/1699
f 3470/3470 3466/3466 3473/3473
f 3470/3470 3473/3473 3376/3376
f 3458/3458 3433/3433 3476/3476
f 3477/3477 3474/3474 3465/3465
f 3462/3462 1699/1699 3475/3475
f 3473/3473 3375/3375 3376/3376
f 3478/3478 3462/3462 3475/3475
f 3474/3474 3477/3477 3479/3479
f 3460/3460 3418/3418 3399/3399
f 3450/3450 3405/3405 3480/3480
f 3403/3403 3405/3405 3450/3450
f 3481/3481 3421/3421 3482/3482
f 3482/3482 3421/3421 3420/8290
f 3483/3483 3470/3470 3440/3440
f 3403/3403 3450/3450 3449/3449
f 2467/2467 3484/3484 2377/2377
f 3484/3484 3420/3420 2377/2377
f 3463/3463 3403/3403 3449/3449
f 3420/8290 3484/8291 3482/3482
f 3440/3440 3470/3470 3376/3376
f 3415/3415 3403/3403 3463/3463
f 3485/3485 3418/3418 3486/3486
f 3487/3487 3481/3481 3482/3482
f 3488/3488 3485/3485 3486/3486
f 3487/3487 3482/3482 3484/8291
f 3444/3444 3422/3422 3421/3421
f 3444/3444 3421/3421 3481/3481
f 3444/3444 3481/3481 3448/3448
f 3489/3489 3434/3434 3448/3448
f 3479/3479 3415/3415 3463/3463
f 3481/3481 3487/3487 3448/3448
f 3486/3486 3418/3418 3460/3460
f 3440/3440 3376/3376 3490/3490
f 3486/3486 3460/3460 3491/3491
f 3490/3490 3376/3376 3377/3377
f 3380/3380 3490/3490 3377/3377
f 3492/3492 3493/3493 2467/2467
f 2467/2467 3493/3493 3484/3484
f 3463/3463 3474/3474 3479/3479
f 3493/8292 3494/3494 3484/8291
f 3495/3495 3447/3447 3496/3496
f 3487/3487 3484/8291 3494/3494
f 3496/3496 3497/3497 3495/3495
f 3498/3498 3440/3440 3490/3490
f 3499/3499 3419/3419 3500/3500
f 3500/3500 3419/3419 3415/3415
f 2467/2467 2480/2480 3492/3492
f 3493/3493 3492/3492 3501/3501
f 3501/3501 3492/3492 2480/2480
f 3494/3494 3493/8292 3501/8293
f 3502/3502 3461/3461 3464/3464
f 3494/3494 3501/8293 3503/3503
f 3499/3499 3416/3416 3419/3419
f 3433/3433 3434/3434 3476/3476
f 3491/3491 3460/3460 3461/3461
f 3489/3489 3476/3476 3434/3434
f 3461/3461 3502/3502 3504/3504
f 3489/3489 3448/3448 3487/3487
f 3487/3487 3505/3505 3489/3489
f 3502/3502 3464/3464 3447/3447
f 3505/3505 3476/3476 3489/3489
f 3502/3502 3447/3447 3506/3506
f 3504/3504 3502/3502 3506/3506
f 3494/3494 3507/3507 3487/3487
f 3447/3447 3495/3495 3506/3506
f 3498/3498 3435/3435 3440/3440
f 3505/3505 3487/3487 3507/3507
f 3491/3491 3461/3461 3504/3504
f 3508/3508 3476/3476 3505/3505
f 3509/3509 3505/3505 3507/3507
f 3509/3509 3508/3508 3505/3505
f 3438/3438 3440/3440 3435/3435
f 3491/3491 3510/3510 3511/3511
f 3509/3509 3507/3507 3512/3512
f 3476/3476 3475/3475 3458/3458
f 3497/3497 3506/3506 3495/3495
f 3475/3475 3476/3476 3513/3513
f 3510/3510 3504/3504 3506/3506
f 3504/3504 3510/3510 3491/3491
f 3499/3499 3500/3500 3514/3514
f 3515/3515 3501/3501 2480/2480
f 3490/3490 3380/3380 3498/3498
f 3503/3503 3501/8293 3515/8294
f 3510/3510 3506/3506 3497/3497
f 3503/3503 3515/8294 2536/8250
f 2536/2536 3515/3515 2480/2480
f 3494/3494 3503/3503 3516/3516
f 3435/3435 3431/3431 3438/3438
f 3430/3430 3435/3435 3517/3517
f 3503/3503 2536/8250 3516/3516
f 3517/3517 3435/3435 3518/3518
f 3519/3519 3516/3516 2536/8250
f 3520/3520 3500/3500 3415/3415
f 3514/3514 3500/3500 3520/3520
f 3494/3494 3516/3516 3521/3521
f 3521/3521 3516/3516 3519/3519
f 3522/3522 3494/3494 3521/3521
f 3523/3523 3524/3524 3518/3518
f 3522/3522 3507/3507 3494/3494
f 3507/3507 3522/3522 3512/3512
f 3435/3435 3498/3498 3518/3518
f 3479/3479 3477/3477 3525/3525
f 3446/3446 3430/3430 3517/3517
f 3519/3519 2536/8250 2558/2558
f 3443/3443 3430/3430 3446/3446
f 3498/3498 3523/3523 3518/3518
f 3526/3526 3479/3479 3527/3527
f 3525/3525 3527/3527 3479/3479
f 3526/3526 3527/3527 3528/3528
f 3529/3529 3446/3446 3517/3517
f 3446/3446 3529/3529 3530/3530
f 3531/3531 3529/3529 3517/3517
f 3520/3520 3415/3415 3479/3479
f 3519/3519 2558/2558 3532/3532
f 3529/3529 3531/3531 3530/3530
f 3533/3533 3534/3534 3535/3535
f 3381/3381 3536/3536 3380/3380
f 3462/3462 3537/3537 1709/1709
f 3380/3380 3536/3536 3498/3498
f 3536/3536 3523/3523 3498/3498
f 3524/3524 3517/3517 3518/3518
f 3531/3531 3517/3517 3533/3533
f 3537/3537 3462/3462 3478/3478
f 3517/3517 3524/3524 3533/3533
f 3533/3533 3524/3524 3534/3534
f 3536/3536 3381/3381 3383/3383
f 3538/3538 1074/1074 3537/3537
f 3530/3530 3531/3531 3533/3533
f 1067/1067 1709/1709 3537/3537
f 1074/1074 1067/1067 3537/3537
f 3533/3533 3535/3535 3530/3530
f 3539/3539 1064/1064 1074/1074
f 3530/3530 3535/3535 3540/3540
f 1064/1064 3539/3539 1075/1075
f 3541/3541 3540/3540 3535/3535
f 3523/3523 3536/3536 3542/3542
f 3539/3539 1074/1074 3538/3538
f 3542/3542 3536/3536 3383/3383
f 3543/3543 3542/3542 3383/3383
f 3544/3544 3523/3523 3542/3542
f 3545/3545 3478/3478 3475/3475
f 3543/3543 3383/3383 3382/3382
f 3382/3382 2937/2937 3543/3543
f 3546/3546 3542/3542 3543/3543
f 3543/3543 3547/3547 3546/3546
f 3520/3520 3479/3479 3526/3526
f 2936/2936 3543/3543 2937/2937
f 3548/3548 3478/3478 3545/3545
f 3524/3524 3523/3523 3544/3544
f 3549/3549 3537/3537 3478/3478
f 3538/3538 3537/3537 3549/3549
f 3534/3534 3524/3524 3544/3544
f 3548/3548 3549/3549 3478/3478
f 3544/3544 3535/3535 3534/3534
f 3550/3550 3546/3546 3551/3551
f 3542/3542 3546/3546 3544/3544
f 3535/3535 3544/3544 3546/3546
f 3550/3550 3535/3535 3546/3546
f 2940/2940 3543/3543 2936/2936
f 2940/2940 3547/3547 3543/3543
f 2940/2940 2936/2936 2908/2908
f 3551/3551 3546/3546 3547/3547
f 3547/3547 2940/2940 3552/3552
f 3539/3539 3538/3538 3553/3553
f 3554/3554 3555/3555 3556/3556
f 3557/3557 3539/3539 3553/3553
f 1075/1075 3539/3539 3557/3557
f 1369/1369 3555/3555 3554/3554
f 1134/1134 1075/1075 3557/3557
f 3558/3558 3535/3535 3550/3550
f 3553/3553 3538/3538 3549/3549
f 3559/3559 3549/3549 3548/3548
f 3553/3553 3549/3549 3559/3559
f 3541/3541 3535/3535 3558/3558
f 3558/3558 3550/3550 3560/3560
f 3561/3561 3559/3559 3548/3548
f 3550/3550 3562/3562 3560/3560
f 1521/1521 1468/1468 1369/1369
f 3547/3547 3562/3562 3551/3551
f 3550/3550 3551/3551 3562/3562
f 3562/3562 3547/3547 3552/3552
f 1521/1521 1369/1369 3554/3554
f 3553/3553 3563/3563 3557/3557
f 2940/2940 2914/2914 3552/3552
f 3563/3563 3553/3553 3559/3559
f 3552/3552 2914/2914 2922/2922
f 3562/3562 3552/3552 2922/2922
f 3564/3564 3520/3520 3526/3526
f 3560/3560 3562/3562 3565/3565
f 3566/3566 3562/3562 2922/2922
f 3567/3567 3508/3508 3509/3509
f 2922/2922 2921/2921 3566/3566
f 3568/3568 3569/3569 3570/3570
f 3571/3571 3446/3446 3530/3530
f 3571/3571 3496/3496 3446/3446
f 3496/3496 3447/3447 3446/3446
f 3545/3545 3475/3475 3513/3513
f 3572/3572 3545/3545 3513/3513
f 3540/3540 3573/3573 3530/3530
f 3556/3556 3555/3555 3574/3574
f 3573/3573 3571/3571 3530/3530
f 3513/3513 3476/3476 3508/3508
f 3572/3572 3513/3513 3508/3508
f 3575/3575 3496/3496 3571/3571
f 3548/3548 3545/3545 3572/3572
f 3548/3548 3572/3572 3576/3576
f 3556/3556 3574/3574 3577/3577
f 3572/3572 3508/3508 3567/3567
f 3572/3572 3567/3567 3576/3576
f 3577/3577 3574/3574 3578/3578
f 3577/3577 3578/3578 3579/3579
f 3580/3580 3581/3581 3570/3570
f 3582/3582 3540/3540 3541/3541
f 3583/3583 3573/3573 3540/3540
f 3584/3584 3548/3548 3576/3576
f 3583/3583 3540/3540 3582/3582
f 3497/3497 3496/3496 3575/3575
f 3561/3561 3548/3548 3584/3584
f 3583/3583 3575/3575 3571/3571
f 3583/3583 3571/3571 3573/3573
f 3554/3554 3556/3556 3585/3585
f 3584/3584 3576/3576 3586/3586
f 3585/3585 3556/3556 3577/3577
f 3587/3587 3497/3497 3575/3575
f 3586/3586 3588/3588 3584/3584
f 3589/3589 3576/3576 3567/3567
f 3583/3583 3582/3582 3590/3590
f 3577/3577 3579/3579 3591/3591
f 3586/3586 3576/3576 3589/3589
f 3592/3592 3590/3590 3582/3582
f 3593/3593 3590/3590 3592/3592
f 3593/3593 3594/3594 3590/3590
f 3595/3595 3589/3589 3567/3567
f 3595/3595 3596/3596 3589/3589
f 3587/3587 3575/3575 3583/3583
f 1105/1105 1075/1075 1134/1134
f 3597/3597 1134/1134 3557/3557
f 1134/1134 1127/1127 1105/1105
f 3598/3598 3587/3587 3583/3583
f 3599/3599 3583/3583 3590/3590
f 3597/3597 3557/3557 3563/3563
f 3599/3599 3590/3590 3594/3594
f 3599/3599 3598/3598 3583/3583
f 3563/3563 3600/3600 3597/3597
f 3601/3601 1134/1134 3597/3597
f 3510/3510 3497/3497 3587/3587
f 1144/1144 1134/1134 3601/3601
f 3541/3541 3602/3602 3582/3582
f 3601/3601 3597/3597 3603/3603
f 3541/3541 3560/3560 3602/3602
f 3541/3541 3558/3558 3560/3560
f 3604/3604 3561/3561 3588/3588
f 3554/3554 3585/3585 1521/1521
f 3600/3600 3563/3563 3559/3559
f 3604/3604 3559/3559 3561/3561
f 3604/3604 3600/3600 3559/3559
f 3569/3569 1214/1214 1197/1197
f 3560/3560 3605/3605 3602/3602
f 3606/3606 1214/1214 3569/3569
f 3603/3603 3597/3597 3600/3600
f 3606/3606 3569/3569 3568/3568
f 3607/3607 3600/3600 3604/3604
f 3582/3582 3602/3602 3592/3592
f 3608/3608 3607/3607 3604/3604
f 3565/3565 3562/3562 3566/3566
f 3560/3560 3565/3565 3605/3605
f 3565/3565 3566/3566 2921/2921
f 3609/3609 3565/3565 2921/2921
f 1144/1144 3601/3601 3603/3603
f 1144/1144 3603/3603 1146/1146
f 1520/1520 1521/1521 3610/3610
f 3605/3605 3565/3565 3611/3611
f 3611/3611 3565/3565 3609/3609
f 1146/1146 3603/3603 3612/3612
f 3613/3613 1146/1146 3612/3612
f 3614/3614 3602/3602 3605/3605
f 3593/3593 3602/3602 3614/3614
f 3607/3607 3603/3603 3600/3600
f 3614/3614 3605/3605 3615/3615
f 3612/3612 3603/3603 3607/3607
f 1521/1521 3585/3585 3610/3610
f 1332/1332 1214/1214 3606/3606
f 3602/3602 3593/3593 3592/3592
f 3616/3616 3594/3594 3593/3593
f 3616/3616 3593/3593 3614/3614
f 3594/3594 3616/3616 3614/3614
f 1368/1368 1332/1332 3606/3606
f 3615/3615 3605/3605 3611/3611
f 3588/3588 3561/3561 3584/3584
f 3615/3615 3611/3611 3617/3617
f 3604/3604 3588/3588 3618/3618
f 3617/3617 3611/3611 2997/2997
f 3619/3619 3588/3588 3586/3586
f 3614/3614 3615/3615 3617/3617
f 3620/3620 3614/3614 3617/3617
f 3620/3620 3617/3617 3621/3621
f 3588/3588 3622/3622 3618/3618
f 3622/3622 3588/3588 3619/3619
f 3623/3623 3621/3621 3617/3617
f 3608/3608 3604/3604 3618/3618
f 3606/3606 3568/3568 3624/3624
f 3586/3586 3589/3589 3596/3596
f 3619/3619 3586/3586 3596/3596
f 3625/3625 3488/3488 3486/3486
f 3585/3585 3577/3577 3626/3626
f 3491/3491 3627/3627 3486/3486
f 3608/3608 3618/3618 3628/3628
f 3568/3568 3570/3570 3581/3581
f 3628/3628 3618/3618 3629/3629
f 3568/3568 3581/3581 3624/3624
f 3619/3619 3596/3596 3630/3630
f 3631/3631 3622/3622 3619/3619
f 3629/3629 3618/3618 3631/3631
f 3631/3631 3618/3618 3622/3622
f 3631/3631 3619/3619 3630/3630
f 3627/3627 3625/3625 3486/3486
f 3585/3585 3626/3626 3632/3632
f 1368/1368 3606/3606 3555/3555
f 3633/3633 3625/3625 3627/3627
f 3512/3512 3522/3522 3634/3634
f 3635/3635 3509/3509 3512/3512
f 3567/3567 3509/3509 3635/3635
f 3511/3511 3627/3627 3491/3491
f 3521/3521 3519/3519 3634/3634
f 3606/3606 3624/3624 3555/3555
f 3636/3636 3511/3511 3510/3510
f 3634/3634 3519/3519 3532/3532
f 3522/3522 3521/3521 3634/3634
f 3637/3637 3638/3638 3591/3591
f 3639/3639 3512/3512 3634/3634
f 3591/3591 3638/3638 3640/3640
f 3512/3512 3641/3641 3635/3635
f 3641/3641 3512/3512 3639/3639
f 3641/3641 3595/3595 3635/3635
f 1369/1369 1368/1368 3555/3555
f 3642/3642 3387/3387 3638/3638
f 3643/3643 3639/3639 3644/3644
f 3511/3511 3636/3636 3645/3645
f 3643/3643 3641/3641 3639/3639
f 3387/3387 3386/3386 3638/3638
f 3635/3635 3595/3595 3567/3567
f 3485/3485 3638/3638 3386/3386
f 3532/3532 2558/2558 2585/2585
f 3532/3532 2585/2585 3646/3646
f 3485/3485 3640/3640 3638/3638
f 3646/3646 2585/2585 2741/2741
f 3625/3625 3647/3647 3648/3648
f 3647/3647 3625/3625 3633/3633
f 3532/3532 3646/3646 3649/3649
f 3639/3639 3634/3634 3532/3532
f 2741/2741 3649/3649 3646/3646
f 3649/3649 2741/2741 2749/2749
f 3578/3578 3624/3624 3581/3581
f 3650/3650 3578/3578 3581/3581
f 3640/3640 3485/3485 3651/3651
f 3644/3644 3639/3639 3532/3532
f 3485/3485 3386/3386 3418/3418
f 3652/3652 3648/3648 3647/3647
f 3643/3643 3644/3644 3653/3653
f 3654/3654 3633/3633 3627/3627
f 3511/3511 3654/3654 3627/3627
f 3655/3655 3653/3653 3644/3644
f 3644/3644 3532/3532 3649/3649
f 3574/3574 3624/3624 3578/3578
f 3656/3656 3640/3640 3651/3651
f 3657/3657 3644/3644 3649/3649
f 3658/3658 3633/3633 3654/3654
f 3555/3555 3624/3624 3574/3574
f 2749/2749 3659/3659 3649/3649
f 3657/3657 3649/3649 3659/3659
f 3511/3511 3645/3645 3654/3654
f 3655/3655 3657/3657 3660/3660
f 3660/3660 3657/3657 3661/3661
f 3655/3655 3644/3644 3657/3657
f 3488/3488 3651/3651 3485/3485
f 3658/3658 3647/3647 3633/3633
f 3579/3579 3637/3637 3591/3591
f 3641/3641 3643/3643 3662/3662
f 3658/3658 3654/3654 3663/3663
f 3641/3641 3662/3662 3664/3664
f 3664/3664 3662/3662 3665/3665
f 3666/3666 3647/3647 3658/3658
f 3480/3480 3665/3665 3662/3662
f 3666/3666 3658/3658 3663/3663
f 3645/3645 3663/3663 3654/3654
f 3580/3580 3499/3499 3514/3514
f 3663/3663 3645/3645 3667/3667
f 3668/3668 3577/3577 3591/3591
f 3664/3664 3595/3595 3641/3641
f 3596/3596 3595/3595 3664/3664
f 3669/3669 3587/3587 3598/3598
f 3630/3630 3596/3596 3664/3664
f 3577/3577 3668/3668 3626/3626
f 3670/3670 3514/3514 3520/3520
f 3671/3671 3598/3598 3599/3599
f 3404/3404 3630/3630 3664/3664
f 3594/3594 3672/3672 3599/3599
f 3591/3591 3640/3640 3668/3668
f 3673/3673 3599/3599 3672/3672
f 3631/3631 3630/3630 3417/3417
f 3674/3674 3669/3669 3598/3598
f 3674/3674 3598/3598 3671/3671
f 3656/3656 3668/3668 3640/3640
f 3599/3599 3675/3675 3671/3671
f 3675/3675 3599/3599 3673/3673
f 3404/3404 3664/3664 3665/3665
f 3676/3676 3674/3674 3677/3677
f 3671/3671 3677/3677 3674/3674
f 3404/3404 3665/3665 3405/3405
f 3405/3405 3665/3665 3480/3480
f 3678/3678 3671/3671 3675/3675
f 3671/3671 3678/3678 3677/3677
f 3679/3679 3677/3677 3678/3678
f 3680/3680 3676/3676 3677/3677
f 3681/3681 3680/3680 3682/3682
f 3680/3680 3677/3677 3679/3679
f 3682/3682 3680/3680 3679/3679
f 3682/3682 3679/3679 3678/3678
f 3683/3683 3626/3626 3668/3668
f 3684/3684 3653/3653 3655/3655
f 3685/3685 3682/3682 3686/3686
f 3662/3662 3643/3643 3480/3480
f 3480/3480 3643/3643 3687/3687
f 3669/3669 3510/3510 3587/3587
f 3684/3684 3687/3687 3643/3643
f 3636/3636 3510/3510 3669/3669
f 3684/3684 3643/3643 3653/3653
f 3688/3688 3580/3580 3514/3514
f 3684/3684 3655/3655 3660/3660
f 3636/3636 3669/3669 3645/3645
f 3689/3689 3645/3645 3669/3669
f 3688/3688 3514/3514 3670/3670
f 3676/3676 3689/3689 3669/3669
f 3690/3690 3684/3684 3660/3660
f 3674/3674 3676/3676 3669/3669
f 3681/3681 3676/3676 3680/3680
f 3691/3691 1630/1630 1520/1520
f 3451/3451 3687/3687 3684/3684
f 3480/3480 3687/3687 3451/3451
f 3672/3672 3594/3594 3614/3614
f 3450/3450 3480/3480 3451/3451
f 3672/3672 3614/3614 3621/3621
f 3621/3621 3614/3614 3620/3620
f 3673/3673 3672/3672 3692/3692
f 3670/3670 3520/3520 3693/3693
f 3690/3690 3451/3451 3684/3684
f 3692/3692 3672/3672 3621/3621
f 3456/3456 3451/3451 3690/3690
f 3692/3692 3621/3621 3694/3694
f 3456/3456 3690/3690 3695/3695
f 3696/3696 3617/3617 3697/3697
f 3696/3696 3623/3623 3617/3617
f 3694/3694 3623/3623 3696/3696
f 3621/3621 3623/3623 3694/3694
f 3659/3659 2749/2749 2750/2750
f 3693/3693 3520/3520 3564/3564
f 3661/3661 3657/3657 3659/3659
f 3661/3661 3659/3659 2750/2750
f 3610/3610 3691/3691 1520/1520
f 3071/3071 3097/3097 2750/2750
f 3698/3698 3675/3675 3673/3673
f 3698/3698 3678/3678 3675/3675
f 3661/3661 2750/2750 3097/3097
f 3698/3698 3673/3673 3692/3692
f 3692/3692 3699/3699 3698/3698
f 3661/3661 3097/3097 3700/3700
f 3686/3686 3678/3678 3698/3698
f 3686/3686 3682/3682 3678/3678
f 3686/3686 3698/3698 3701/3701
f 3702/3702 3610/3610 3585/3585
f 3699/3699 3701/3701 3698/3698
f 3701/3701 3699/3699 3703/3703
f 3694/3694 3696/3696 3704/3704
f 3704/3704 3705/3705 3694/3694
f 3660/3660 3661/3661 3700/3700
f 3706/3706 3660/3660 3700/3700
f 3707/3707 3705/3705 3704/3704
f 3699/3699 3692/3692 3694/3694
f 3705/3705 3699/3699 3694/3694
f 3708/3708 3670/3670 3693/3693
f 3709/3709 3610/3610 3702/3702
f 3710/3710 3660/3660 3706/3706
f 3703/3703 3699/3699 3705/3705
f 1645/1645 1630/1630 3691/3691
f 3710/3710 3690/3690 3660/3660
f 1681/1681 1645/1645 3691/3691
f 3708/3708 3688/3688 3670/3670
f 3681/3681 3682/3682 3685/3685
f 3685/3685 3686/3686 3711/3711
f 3700/3700 3097/3097 3098/3098
f 3702/3702 3585/3585 3632/3632
f 3700/3700 3098/3098 3127/3127
f 3712/3712 3700/3700 3127/3127
f 3713/3713 3689/3689 3676/3676
f 3564/3564 3714/3714 3693/3693
f 3645/3645 3689/3689 3713/3713
f 3700/3700 3712/3712 3706/3706
f 3715/3715 3706/3706 3712/3712
f 3683/3683 3632/3632 3626/3626
f 3645/3645 3713/3713 3667/3667
f 3708/3708 3693/3693 3714/3714
f 3715/3715 3712/3712 3716/3716
f 3717/3717 3710/3710 3706/3706
f 3715/3715 3717/3717 3706/3706
f 3713/3713 3676/3676 3681/3681
f 3713/3713 3681/3681 3685/3685
f 3690/3690 3710/3710 3717/3717
f 3581/3581 3580/3580 3650/3650
f 3713/3713 3685/3685 3718/3718
f 3695/3695 3690/3690 3717/3717
f 3711/3711 3718/3718 3685/3685
f 3695/3695 3717/3717 3719/3719
f 3688/3688 3650/3650 3580/3580
f 3667/3667 3713/3713 3720/3720
f 3717/3717 3715/3715 3721/3721
f 3722/3722 3721/3721 3715/3715
f 3713/3713 3718/3718 3723/3723
f 3720/3720 3713/3713 3723/3723
f 3724/3724 3702/3702 3632/3632
f 3650/3650 3688/3688 3642/3642
f 3711/3711 3725/3725 3718/3718
f 3725/3725 3723/3723 3718/3718
f 3683/3683 3724/3724 3632/3632
f 3133/3133 3712/3712 3127/3127
f 3133/3133 3127/3127 3130/3130
f 3726/3726 3720/3720 3723/3723
f 3716/3716 3712/3712 3133/3133
f 3709/3709 3691/3691 3610/3610
f 3727/3727 3723/3723 3725/3725
f 3701/3701 3711/3711 3686/3686
f 3708/3708 3642/3642 3688/3688
f 3722/3722 3715/3715 3716/3716
f 3711/3711 3701/3701 3728/3728
f 3729/3729 3691/3691 3730/3730
f 3711/3711 3728/3728 3725/3725
f 3730/3730 3691/3691 3709/3709
f 3722/3722 3716/3716 3135/3135
f 3135/3135 3716/3716 3133/3133
f 3703/3703 3705/3705 3731/3731
f 3707/3707 3731/3731 3705/3705
f 3732/3732 3722/3722 3135/3135
f 3732/3732 3135/3135 3733/3733
f 3135/3135 3136/3136 3733/3733
f 3703/3703 3731/3731 3701/3701
f 3734/3734 3701/3701 3731/3731
f 3734/3734 3728/3728 3701/3701
f 1138/1138 1146/1146 3613/3613
f 1681/1681 3691/3691 3729/3729
f 3728/3728 3735/3735 3725/3725
f 3613/3613 3736/3736 1138/1138
f 3642/3642 3637/3637 3650/3650
f 3612/3612 3736/3736 3613/3613
f 1688/1688 1681/1681 3729/3729
f 1692/1692 1688/1688 3729/3729
f 3736/3736 3612/3612 3737/3737
f 3737/3737 3607/3607 3608/3608
f 3737/3737 3612/3612 3607/3607
f 3738/3738 3735/3735 3728/3728
f 3637/3637 3642/3642 3638/3638
f 3739/3739 3737/3737 3608/3608
f 3728/3728 3734/3734 3738/3738
f 3731/3731 3740/3740 3734/3734
f 3736/3736 3737/3737 3741/3741
f 3741/3741 3737/3737 3739/3739
f 3738/3738 3734/3734 3740/3740
f 3702/3702 3724/3724 3709/3709
f 3740/3740 3742/3742 3738/3738
f 3740/3740 3743/3743 3742/3742
f 3727/3727 3725/3725 3735/3735
f 3744/3744 3736/3736 3741/3741
f 2924/2924 3609/3609 2921/2921
f 3609/3609 2924/2924 2997/2997
f 3611/3611 3609/3609 2997/2997
f 3744/3744 3741/3741 3745/3745
f 3744/3744 3745/3745 3746/3746
f 3387/3387 3708/3708 3389/3389
f 3389/3389 3708/3708 3714/3714
f 3617/3617 2997/2997 3697/3697
f 3628/3628 3739/3739 3608/3608
f 3709/3709 3724/3724 3747/3747
f 3697/3697 2997/2997 3011/3011
f 3748/3748 3739/3739 3628/3628
f 3748/3748 3628/3628 3629/3629
f 3741/3741 3739/3739 3748/3748
f 3748/3748 3629/3629 3749/3749
f 3629/3629 3631/3631 3750/3750
f 3724/3724 3751/3751 3752/3752
f 3697/3697 3011/3011 3183/3183
f 3696/3696 3697/3697 3183/3183
f 3753/3753 3747/3747 3724/3724
f 3754/3754 3747/3747 3753/3753
f 3753/3753 3724/3724 3752/3752
f 3755/3755 3696/3696 3183/3183
f 3750/3750 3631/3631 3417/3417
f 3416/3416 3750/3750 3417/3417
f 3749/3749 3629/3629 3750/3750
f 3704/3704 3696/3696 3755/3755
f 3741/3741 3748/3748 3756/3756
f 3707/3707 3704/3704 3755/3755
f 3748/3748 3749/3749 3756/3756
f 3707/3707 3755/3755 3183/3183
f 3757/3757 3707/3707 3183/3183
f 3745/3745 3741/3741 3756/3756
f 3758/3758 3745/3745 3756/3756
f 3183/3183 3759/3759 3757/3757
f 3642/3642 3708/3708 3387/3387
f 3760/3760 3756/3756 3749/3749
f 3758/3758 3756/3756 3760/3760
f 3183/3183 3184/3184 3205/8285
f 3205/8285 3759/3759 3183/3183
f 3488/3488 3648/3648 3761/3761
f 3625/3625 3648/3648 3488/3488
f 3749/3749 3750/3750 3762/3762
f 3208/8286 3759/3759 3205/8285
f 3637/3637 3578/3578 3650/3650
f 3209/3209 3208/3208 3204/3204
f 3750/3750 3416/3416 3762/3762
f 3579/3579 3578/3578 3637/3637
f 3456/3456 3695/3695 3459/3459
f 3762/3762 3760/3760 3749/3749
f 3763/3763 3707/3707 3757/3757
f 3757/3757 3759/3759 3764/3764
f 3499/3499 3762/3762 3416/3416
f 3719/3719 3459/3459 3695/3695
f 3731/3731 3707/3707 3763/3763
f 3765/3765 3746/3746 3745/3745
f 3766/3766 3731/3731 3763/3763
f 3745/3745 3758/3758 3765/3765
f 3763/3763 3757/3757 3764/3764
f 3767/3767 3668/3668 3656/3656
f 3683/3683 3668/3668 3767/3767
f 3208/8286 3764/3764 3759/3759
f 3768/3768 3764/3764 3208/8286
f 3769/3769 3459/3459 3719/3719
f 3244/3244 3208/3208 3209/3209
f 3244/3244 3768/8295 3208/3208
f 3767/3767 3656/3656 3770/3770
f 3472/3472 3459/3459 3769/3769
f 3763/3763 3764/3764 3771/3771
f 3768/3768 3771/3771 3764/3764
f 3772/3772 3244/3244 3240/3240
f 3768/8295 3244/3244 3772/3772
f 3773/3773 3766/3766 3763/3763
f 3769/3769 3721/3721 3774/3774
f 3767/3767 3775/3775 3683/3683
f 3773/3773 3763/3763 3771/3771
f 3776/3776 3769/3769 3774/3774
f 3731/3731 3766/3766 3740/3740
f 3769/3769 3719/3719 3717/3717
f 3769/3769 3717/3717 3721/3721
f 3760/3760 3762/3762 3499/3499
f 3743/3743 3740/3740 3766/3766
f 3766/3766 3773/3773 3743/3743
f 3499/3499 3758/3758 3760/3760
f 3771/8296 3768/8295 3772/3772
f 3777/3777 3771/8296 3772/3772
f 3765/3765 3758/3758 3569/3569
f 3248/3248 3240/3240 3243/3243
f 3240/3240 3248/3248 3772/3772
f 3248/3248 3777/3777 3772/3772
f 3570/3570 3758/3758 3499/3499
f 3525/3525 3477/3477 3465/3465
f 3570/3570 3569/3569 3758/3758
f 3778/3778 3465/3465 3472/3472
f 3778/3778 3472/3472 3779/3779
f 3656/3656 3651/3651 3770/3770
f 3769/3769 3776/3776 3780/3780
f 3499/3499 3580/3580 3570/3570
f 1138/1138 3736/3736 1137/1137
f 3472/3472 3769/3769 3779/3779
f 1157/1157 1137/1137 3736/3736
f 1157/1157 3736/3736 3744/3744
f 3651/3651 3488/3488 3770/3770
f 3769/3769 3780/3780 3779/3779
f 1157/1157 3744/3744 3746/3746
f 3774/3774 3721/3721 3722/3722
f 3722/3722 3732/3732 3774/3774
f 3761/3761 3781/3781 3770/3770
f 1197/1197 1157/1157 3746/3746
f 3761/3761 3770/3770 3488/3488
f 1197/1197 3746/3746 3765/3765
f 3776/3776 3774/3774 3732/3732
f 3683/3683 3751/3751 3724/3724
f 3751/3751 3683/3683 3775/3775
f 3782/3782 3776/3776 3732/3732
f 3783/3783 3751/3751 3775/3775
f 3784/3784 3783/3783 3775/3775
f 3785/3785 3767/3767 3770/3770
f 3775/3775 3767/3767 3785/3785
f 3349/3349 3733/3733 3136/3136
f 3785/3785 3770/3770 3781/3781
f 3784/3784 3775/3775 3785/3785
f 3349/3349 3732/3732 3733/3733
f 3785/3785 3786/3786 3784/3784
f 3349/3349 3787/3787 3732/3732
f 3788/3788 3783/3783 3784/3784
f 3789/3789 3788/3788 3784/3784
f 1197/1197 3765/3765 3569/3569
f 3751/3751 3783/3783 3788/3788
f 3752/3752 3751/3751 3788/3788
f 3790/3790 3752/3752 3788/3788
f 3789/3789 3790/3790 3788/3788
f 3780/3780 3776/3776 3782/3782
f 3791/3791 3780/3780 3782/3782
f 3397/3397 3630/3630 3404/3404
f 3417/3417 3630/3630 3397/3397
f 3396/3396 3417/3417 3397/3397
f 3789/3789 3784/3784 3786/3786
f 3782/3782 3732/3732 3787/3787
f 3792/3792 3789/3789 3793/3793
f 3794/3794 3782/3782 3787/3787
f 3795/3795 3781/3781 3761/3761
f 3781/3781 3795/3795 3786/3786
f 3782/3782 3794/3794 3791/3791
f 3785/3785 3781/3781 3786/3786
f 3794/3794 3796/3796 3797/3797
f 3794/3794 3787/3787 3796/3796
f 3778/3778 3525/3525 3465/3465
f 3798/3798 3761/3761 3648/3648
f 3789/3789 3786/3786 3793/3793
f 3528/3528 3527/3527 3525/3525
f 3786/3786 3795/3795 3793/3793
f 3528/3528 3525/3525 3778/3778
f 3793/3793 3795/3795 3798/3798
f 3798/3798 3795/3795 3761/3761
f 3799/3799 3528/3528 3778/3778
f 3778/3778 3800/3800 3799/3799
f 3798/3798 3801/3801 3793/3793
f 3779/3779 3802/3802 3800/3800
f 3800/3800 3778/3778 3779/3779
f 3802/3802 3779/3779 3803/3803
f 3804/3804 3528/3528 3799/3799
f 3805/3805 3804/3804 3799/3799
f 3805/3805 3799/3799 3806/3806
f 3807/3807 3804/3804 3805/3805
f 3807/3807 3805/3805 3806/3806
f 3808/3808 3799/3799 3800/3800
f 3806/3806 3799/3799 3808/3808
f 3808/3808 3800/3800 3802/3802
f 3808/3808 3802/3802 3809/3809
f 3808/3808 3809/3809 3810/3810
f 3526/3526 3528/3528 3804/3804
f 3811/3811 3791/3791 3803/3803
f 3812/3812 3803/3803 3791/3791
f 3812/3812 3813/3813 3803/3803
f 3779/3779 3780/3780 3811/3811
f 3780/3780 3791/3791 3811/3811
f 3803/3803 3779/3779 3811/3811
f 3812/3812 3791/3791 3794/3794
f 3812/3812 3794/3794 3797/3797
f 3797/3797 3814/3814 3812/3812
f 3797/3797 3796/3796 3815/3815
f 3816/3816 3797/3797 3815/3815
f 3816/3816 3814/3814 3797/3797
f 3809/3809 3802/3802 3803/3803
f 3803/3803 3813/3813 3809/3809
f 3817/3817 3809/3809 3813/3813
f 3816/3816 3812/3812 3814/3814
f 3813/3813 3812/3812 3816/3816
f 3813/3813 3816/3816 3818/3818
f 3817/3817 3813/3813 3818/3818
f 3282/3282 3787/3787 3349/3349
f 3282/3282 3350/3350 3787/3787
f 3787/3787 3350/3350 3354/3354
f 3819/3819 3787/3787 3354/3354
f 3354/3354 3358/3358 3359/3359
f 3796/3796 3787/3787 3819/3819
f 3819/3819 3354/3354 3359/3359
f 3815/3815 3796/3796 3819/3819
f 3815/3815 3819/3819 3359/3359
f 3373/3373 3815/3815 3359/3359
f 3375/3375 3815/3815 3373/3373
f 3815/3815 3375/3375 3816/3816
f 3468/3468 3816/3816 3375/3375
f 3468/3468 3467/3467 3816/3816
f 3818/3818 3816/3816 3467/3467
f 3807/3807 3820/3820 3821/3821
f 3806/3806 3808/3808 3810/3810
f 3820/3820 3807/3807 3806/3806
f 3820/3820 3806/3806 3822/3822
f 3821/3821 3820/3820 3823/3823
f 3822/3822 3806/3806 3810/3810
f 3823/3823 3820/3820 3822/3822
f 3393/3393 3824/3824 3823/3823
f 3394/3394 3823/3823 3822/3822
f 3393/3393 3823/3823 3394/3394
f 3564/3564 3526/3526 3804/3804
f 3807/3807 3564/3564 3804/3804
f 3714/3714 3564/3564 3807/3807
f 3714/3714 3807/3807 3821/3821
f 3714/3714 3392/3392 3389/3389
f 3392/3392 3714/3714 3821/3821
f 3824/3824 3392/3392 3821/3821
f 3824/3824 3821/3821 3823/3823
f 3393/3393 3392/3392 3824/3824
f 3809/3809 3817/3817 3810/3810
f 3825/3825 3810/3810 3817/3817
f 3822/3822 3810/3810 3825/3825
f 3825/3825 3817/3817 3826/3826
f 3469/3469 3818/3818 3467/3467
f 3469/3469 3483/3483 3818/3818
f 3483/3483 3469/3469 3471/3471
f 3483/3483 3471/3471 3470/3470
f 3483/3483 3817/3817 3818/3818
f 3483/3483 3826/3826 3817/3817
f 3826/3826 3827/3827 3825/3825
f 3825/3825 3425/3425 3822/3822
f 3425/3425 3424/3424 3822/3822
f 3394/3394 3822/3822 3424/3424
f 3825/3825 3827/3827 3425/3425
f 3440/3440 3437/3437 3483/3483
f 3828/3828 3826/3826 3483/3483
f 3828/3828 3827/3827 3826/3826
f 3437/3437 3828/3828 3483/3483
f 3425/3425 3827/3827 3436/3436
f 3827/3827 3828/3828 3436/3436
f 3828/3828 3437/3437 3436/3436
f 3424/3424 3402/3402 3394/3394
f 3389/3389 3392/3392 3390/3390
f 3829/3829 3830/3830 3831/3831
f 812/812 814/814 3832/3832
f 3833/3833 3831/3831 3830/3830
f 812/812 3834/3834 817/817
f 3835/3835 3836/3836 3837/3837
f 3834/3834 812/812 3832/3832
f 3838/3838 3839/3839 3840/3840
f 3839/3839 3841/3841 3842/3842
f 3837/3837 3836/3836 3843/3843
f 3844/3844 817/817 3834/3834
f 3845/3845 3839/3839 3846/3846
f 3846/3846 3839/3839 3838/3838
f 3847/3847 3834/3834 3832/3832
f 3848/3848 3838/3838 3833/3833
f 3848/3848 3846/3846 3838/3838
f 453/453 816/816 3844/3844
f 3841/3841 3849/3849 3850/3850
f 3844/3844 816/816 817/817
f 3843/3843 3851/3851 3852/3852
f 3852/3852 3851/3851 3853/3853
f 3854/3854 3855/3855 3841/3841
f 3856/3856 3843/3843 3836/3836
f 3851/3851 3843/3843 3856/3856
f 3841/3841 3855/3855 3849/3849
f 3849/3849 3857/3857 3858/3858
f 3859/3859 3860/3860 3861/3861
f 3844/3844 3862/3862 453/453
f 3857/3857 3849/3849 3855/3855
f 3861/3861 3863/3863 3859/3859
f 3864/3864 3857/3857 3855/3855
f 3847/3847 3865/3865 3844/3844
f 3860/3860 3866/3866 3867/3867
f 3844/3844 3834/3834 3847/3847
f 3868/3868 3869/3869 3870/3870
f 3871/3871 3855/3855 3854/3854
f 3852/3852 3867/3867 3843/3843
f 3872/3872 3854/3854 3873/3873
f 3861/3861 3860/3860 3867/3867
f 3872/3872 3871/3871 3854/3854
f 3868/3868 3874/3874 3869/3869
f 3845/3845 3841/3841 3839/3839
f 3841/3841 3845/3845 3854/3854
f 3867/3867 3852/3852 3861/3861
f 3852/3852 3875/3875 3861/3861
f 3862/3862 3844/3844 3865/3865
f 3876/3876 3852/3852 3853/3853
f 3875/3875 3852/3852 3876/3876
f 3877/3877 3854/3854 3845/3845
f 3878/3878 3875/3875 3876/3876
f 3863/3863 3861/3861 3875/3875
f 3863/3863 3875/3875 3878/3878
f 3879/3879 3868/3868 3870/3870
f 539/539 3880/3880 538/538
f 3881/3881 3882/3882 3836/3836
f 3880/3880 864/864 538/538
f 3883/3883 3836/3836 3882/3882
f 3856/3856 3836/3836 3884/3884
f 3885/3885 3874/3874 3868/3868
f 3886/3886 3862/3862 3865/3865
f 3887/3887 3851/3851 3856/3856
f 3886/3886 3865/3865 3888/3888
f 3856/3856 3884/3884 3887/3887
f 3889/3889 3862/3862 3886/3886
f 3890/3890 3885/3885 3868/3868
f 3891/3891 3889/3889 3886/3886
f 3892/3892 864/864 3880/3880
f 3884/3884 3836/3836 3883/3883
f 3883/3883 3893/3893 3884/3884
f 3892/3892 3880/3880 3894/3894
f 3893/3893 3883/3883 3895/3895
f 3896/3896 3886/3886 3897/3897
f 3896/3896 3898/3898 3886/3886
f 3899/3899 3900/3900 3870/3870
f 3901/3901 3887/3887 3884/3884
f 3884/3884 3893/3893 3901/3901
f 885/885 846/846 864/864
f 3862/3862 446/446 453/453
f 3862/3862 465/465 446/446
f 3902/3902 885/885 864/864
f 3903/3903 3876/3876 3853/3853
f 3904/3904 3903/3903 3853/3853
f 3903/3903 3878/3878 3876/3876
f 3905/3905 3906/3906 3907/3907
f 3908/3908 3905/3905 3907/3907
f 3909/3909 873/873 885/885
f 3851/3851 3887/3887 3853/3853
f 3904/3904 3853/3853 3887/3887
f 3910/3910 3911/3911 3906/3906
f 3905/3905 3910/3910 3906/3906
f 3909/3909 928/928 873/873
f 3912/3912 3910/3910 3905/3905
f 3912/3912 3913/3913 3910/3910
f 885/885 3902/3902 3909/3909
f 3908/3908 3912/3912 3905/3905
f 3914/3914 3915/3915 3863/3863
f 3863/3863 3878/3878 3914/3914
f 3912/3912 3916/3916 3913/3913
f 3917/3917 3916/3916 3912/3912
f 3911/3911 3910/3910 3913/3913
f 3914/3914 3878/3878 3903/3903
f 3918/3918 3829/3829 3913/3913
f 3902/3902 864/864 3892/3892
f 3892/3892 3919/3919 3902/3902
f 3829/3829 3918/3918 3830/3830
f 3901/3901 3904/3904 3887/3887
f 3920/3920 3904/3904 3901/3901
f 3917/3917 3921/3921 3916/3916
f 3904/3904 3920/3920 3922/3922
f 3921/3921 3913/3913 3916/3916
f 3909/3909 3902/3902 3919/3919
f 3918/3918 3921/3921 3923/3923
f 3921/3921 3918/3918 3913/3913
f 3922/3922 3903/3903 3904/3904
f 3924/3924 3903/3903 3922/3922
f 3925/3925 3923/3923 3921/3921
f 3914/3914 3903/3903 3924/3924
f 3926/3926 3921/3921 3917/3917
f 3927/3927 3926/3926 3917/3917
f 3926/3926 3925/3925 3921/3921
f 3928/3928 3914/3914 3924/3924
f 3929/3929 3928/3928 3924/3924
f 3919/3919 3892/3892 3894/3894
f 3930/3930 3925/3925 3926/3926
f 3863/3863 3931/3931 3859/3859
f 465/465 3862/3862 3932/3932
f 3933/3933 3934/3934 3919/3919
f 3935/3935 3934/3934 3933/3933
f 3923/3923 3830/3830 3918/3918
f 3923/3923 3936/3936 3830/3830
f 3833/3833 3830/3830 3936/3936
f 3936/3936 3937/3937 3833/3833
f 3932/3932 3862/3862 3938/3938
f 3939/3939 3919/3919 3934/3934
f 3925/3925 3936/3936 3923/3923
f 3925/3925 3940/3940 3936/3936
f 3937/3937 3936/3936 3940/3940
f 3941/3941 3942/3942 3931/3931
f 3939/3939 3909/3909 3919/3919
f 3940/3940 3943/3943 3937/3937
f 3833/3833 3937/3937 3848/3848
f 3863/3863 3915/3915 3941/3941
f 3941/3941 3931/3931 3863/3863
f 3944/3944 3848/3848 3937/3937
f 3945/3945 485/485 448/448
f 3848/3848 3946/3946 3846/3846
f 3848/3848 3944/3944 3947/3947
f 3948/3948 3848/3848 3947/3947
f 3947/3947 3949/3949 3948/3948
f 3944/3944 3937/3937 3943/3943
f 3950/3950 491/491 485/485
f 3943/3943 3940/3940 3951/3951
f 3951/3951 3940/3940 3925/3925
f 3952/3952 3945/3945 3953/3953
f 3952/3952 485/485 3945/3945
f 3954/3954 485/485 3952/3952
f 3955/3955 3925/3925 3930/3930
f 3956/3956 3957/3957 3939/3939
f 3956/3956 3939/3939 3934/3934
f 3942/3942 3958/3958 3931/3931
f 3954/3954 3950/3950 485/485
f 3958/3958 3942/3942 3959/3959
f 3955/3955 3951/3951 3925/3925
f 3960/3960 3951/3951 3955/3955
f 3961/3961 3948/3948 3949/3949
f 3894/3894 3880/3880 3962/3962
f 3954/3954 3963/3963 3964/3964
f 3944/3944 3943/3943 3951/3951
f 3962/3962 3965/3965 3894/3894
f 3966/3966 3950/3950 3964/3964
f 3964/3964 3950/3950 3954/3954
f 3951/3951 3947/3947 3944/3944
f 3951/3951 3949/3949 3947/3947
f 3961/3961 3949/3949 3951/3951
f 3945/3945 448/448 465/465
f 3919/3919 3894/3894 3933/3933
f 465/465 3953/3953 3945/3945
f 3953/3953 465/465 3932/3932
f 3951/3951 3960/3960 3967/3967
f 3933/3933 3965/3965 3968/3968
f 3969/3969 3942/3942 3941/3941
f 3894/3894 3965/3965 3933/3933
f 3942/3942 3969/3969 3970/3970
f 3967/3967 3961/3961 3951/3951
f 3971/3971 3933/3933 3968/3968
f 3946/3946 3845/3845 3846/3846
f 3970/3970 3959/3959 3942/3942
f 3959/3959 3970/3970 3972/3972
f 3877/3877 3845/3845 3946/3946
f 3953/3953 3963/3963 3952/3952
f 3948/3948 3946/3946 3848/3848
f 3973/3973 3935/3935 3933/3933
f 3974/3974 3877/3877 3946/3946
f 3963/3963 3954/3954 3952/3952
f 3974/3974 3946/3946 3948/3948
f 3969/3969 3941/3941 3915/3915
f 3975/3975 3974/3974 3948/3948
f 3877/3877 3974/3974 3976/3976
f 3975/3975 3976/3976 3974/3974
f 3873/3873 3854/3854 3877/3877
f 3977/3977 3978/3978 3862/3862
f 3889/3889 3977/3977 3862/3862
f 3978/3978 3977/3977 3979/3979
f 3979/3979 3977/3977 3889/3889
f 3980/3980 3877/3877 3976/3976
f 3873/3873 3980/3980 3872/3872
f 3873/3873 3877/3877 3980/3980
f 3862/3862 3978/3978 3938/3938
f 3981/3981 3938/3938 3978/3978
f 3982/3982 3975/3975 3948/3948
f 3982/3982 3948/3948 3961/3961
f 3915/3915 3914/3914 3928/3928
f 3932/3932 3938/3938 3953/3953
f 3983/3983 3981/3981 3978/3978
f 3975/3975 3982/3982 3984/3984
f 3985/3985 3982/3982 3961/3961
f 3984/3984 3982/3982 3985/3985
f 3983/3983 3978/3978 3979/3979
f 3928/3928 3969/3969 3915/3915
f 928/928 3986/3986 939/939
f 3987/3987 3889/3889 3891/3891
f 3987/3987 3979/3979 3889/3889
f 3986/3986 928/928 3909/3909
f 3980/3980 3984/3984 3988/3988
f 3980/3980 3976/3976 3975/3975
f 3984/3984 3980/3980 3975/3975
f 3987/3987 3983/3983 3979/3979
f 3988/3988 3989/3989 3980/3980
f 3989/3989 3872/3872 3980/3980
f 3990/3990 3989/3989 3988/3988
f 3970/3970 3969/3969 3991/3991
f 3984/3984 3990/3990 3988/3988
f 3992/3992 3981/3981 3983/3983
f 3993/3993 3960/3960 3955/3955
f 3994/3994 938/938 939/939
f 3983/3983 3987/3987 3992/3992
f 3992/3992 3987/3987 3995/3995
f 3996/3996 3993/3993 3955/3955
f 3997/3997 3993/3993 3996/3996
f 3998/3998 3960/3960 3993/3993
f 3960/3960 3998/3998 3999/3999
f 3986/3986 3994/3994 939/939
f 4000/4000 3991/3991 3969/3969
f 4001/4001 3991/3991 4000/4000
f 4002/4002 3966/3966 3964/3964
f 4003/4003 3970/3970 3991/3991
f 4004/4004 3961/3961 3967/3967
f 4005/4005 3963/3963 3953/3953
f 3999/3999 3967/3967 3960/3960
f 4005/4005 3953/3953 3938/3938
f 3967/3967 3999/3999 4006/4006
f 4001/4001 4003/4003 3991/3991
f 4007/4007 938/938 3994/3994
f 4006/4006 4004/4004 3967/3967
f 4005/4005 3938/3938 3981/3981
f 3920/3920 3901/3901 3893/3893
f 3997/3997 3998/3998 3993/3993
f 3999/3999 3998/3998 3997/3997
f 4008/4008 3999/3999 3997/3997
f 3920/3920 4009/4009 4010/4010
f 3893/3893 4009/4009 3920/3920
f 4011/4011 4010/4010 4009/4009
f 3939/3939 3986/3986 3909/3909
f 3939/3939 3957/3957 3986/3986
f 4012/4012 4011/4011 4009/4009
f 3920/3920 4010/4010 3922/3922
f 4008/4008 4006/4006 3999/3999
f 4002/4002 3963/3963 4005/4005
f 3924/3924 3922/3922 4013/4013
f 4002/4002 3964/3964 3963/3963
f 3992/3992 4005/4005 3981/3981
f 4014/4014 4006/4006 4008/4008
f 4011/4011 4013/4013 3922/3922
f 4011/4011 3922/3922 4010/4010
f 4015/4015 4013/4013 4011/4011
f 3984/3984 3985/3985 4016/4016
f 4013/4013 3929/3929 3924/3924
f 3985/3985 3961/3961 4004/4004
f 4017/4017 4005/4005 3992/3992
f 3995/3995 4017/4017 3992/3992
f 4015/4015 3929/3929 4013/4013
f 4015/4015 3928/3928 3929/3929
f 4004/4004 4016/4016 3985/3985
f 4017/4017 4002/4002 4005/4005
f 4018/4018 4015/4015 4011/4011
f 4018/4018 4011/4011 4012/4012
f 4019/4019 4015/4015 4018/4018
f 3986/3986 3957/3957 4020/4020
f 3984/3984 4021/4021 3990/3990
f 4022/4022 3928/3928 4015/4015
f 4022/4022 4023/4023 3928/3928
f 3984/3984 4016/4016 4024/4024
f 4022/4022 4015/4015 4019/4019
f 4019/4019 4018/4018 4025/4025
f 4024/4024 4021/4021 3984/3984
f 4018/4018 4026/4026 4025/4025
f 4014/4014 4004/4004 4006/4006
f 4027/4027 4004/4004 4014/4014
f 4028/4028 4007/4007 3994/3994
f 4016/4016 4004/4004 4027/4027
f 4029/4029 4019/4019 4025/4025
f 4030/4030 4031/4031 4027/4027
f 4032/4032 4019/4019 4029/4029
f 4033/4033 4030/4030 4014/4014
f 4027/4027 4014/4014 4030/4030
f 4034/4034 4032/4032 4029/4029
f 4031/4031 4030/4030 4033/4033
f 4020/4020 3994/3994 3986/3986
f 4035/4035 4024/4024 4031/4031
f 4027/4027 4024/4024 4016/4016
f 4031/4031 4024/4024 4027/4027
f 591/591 575/575 491/491
f 4036/4036 4035/4035 4031/4031
f 4031/4031 4037/4037 4036/4036
f 4028/4028 3994/3994 4020/4020
f 3969/3969 3928/3928 4000/4000
f 591/591 491/491 4038/4038
f 3935/3935 3956/3956 3934/3934
f 4039/4039 3956/3956 3935/3935
f 4040/4040 3928/3928 4023/4023
f 4041/4041 491/491 3950/3950
f 4042/4042 4033/4033 4014/4014
f 4043/4043 4014/4014 4008/4008
f 4042/4042 4014/4014 4043/4043
f 3950/3950 4044/4044 4041/4041
f 4023/4023 4022/4022 4019/4019
f 4045/4045 4040/4040 4023/4023
f 4046/4046 3957/3957 3956/3956
f 4040/4040 4000/4000 3928/3928
f 4042/4042 4047/4047 4033/4033
f 4046/4046 3956/3956 4048/4048
f 4049/4049 4046/4046 4048/4048
f 4050/4050 4000/4000 4040/4040
f 4037/4037 4031/4031 4033/4033
f 4051/4051 3968/3968 4052/4052
f 4051/4051 3971/3971 3968/3968
f 4041/4041 4038/4038 491/491
f 4053/4053 4001/4001 4000/4000
f 3971/3971 3973/3973 3933/3933
f 4051/4051 4052/4052 4054/4054
f 4047/4047 4037/4037 4033/4033
f 4055/4055 4038/4038 4041/4041
f 3973/3973 3971/3971 4051/4051
f 4053/4053 4056/4056 4001/4001
f 3835/3835 4037/4037 4047/4047
f 4056/4056 4053/4053 4057/4057
f 4039/4039 3935/3935 3973/3973
f 4058/4058 4039/4039 3973/3973
f 4059/4059 4060/4060 4061/4061
f 539/539 591/591 4038/4038
f 4060/4060 4047/4047 4042/4042
f 4058/4058 3973/3973 4051/4051
f 539/539 537/537 591/591
f 4058/4058 4051/4051 4062/4062
f 4063/4063 4062/4062 4051/4051
f 3836/3836 3835/3835 3881/3881
f 3881/3881 3835/3835 4047/4047
f 4063/4063 4051/4051 4064/4064
f 3858/3858 4063/4063 4064/4064
f 4059/4059 4047/4047 4060/4060
f 4059/4059 3881/3881 4047/4047
f 4065/4065 4062/4062 4063/4063
f 4066/4066 4053/4053 4000/4000
f 4067/4067 4066/4066 4000/4000
f 4067/4067 4000/4000 4050/4050
f 4068/4068 4039/4039 4058/4058
f 4066/4066 4069/4069 4053/4053
f 4070/4070 4053/4053 4069/4069
f 4058/4058 4062/4062 4068/4068
f 4071/4071 4070/4070 4069/4069
f 4068/4068 4062/4062 4072/4072
f 4019/4019 4032/4032 4023/4023
f 4045/4045 4023/4023 4032/4032
f 4073/4073 4040/4040 4045/4045
f 3882/3882 3881/3881 4059/4059
f 4048/4048 4039/4039 4068/4068
f 3962/3962 539/539 4038/4038
f 4048/4048 3956/3956 4039/4039
f 4032/4032 4073/4073 4045/4045
f 4073/4073 4032/4032 4074/4074
f 4073/4073 4050/4050 4040/4040
f 3872/3872 4075/4075 3871/3871
f 4073/4073 4076/4076 4050/4050
f 4072/4072 4048/4048 4068/4068
f 4076/4076 4067/4067 4050/4050
f 4077/4077 4075/4075 3872/3872
f 3880/3880 539/539 3962/3962
f 4078/4078 4077/4077 3989/3989
f 4079/4079 4076/4076 4073/4073
f 4080/4080 4032/4032 4034/4034
f 4080/4080 4074/4074 4032/4032
f 4065/4065 4063/4063 3858/3858
f 3966/3966 4044/4044 3950/3950
f 3864/3864 3858/3858 3857/3857
f 4081/4081 4041/4041 4044/4044
f 4065/4065 3858/3858 3864/3864
f 4082/4082 4041/4041 4081/4081
f 4078/4078 4075/4075 4077/4077
f 4075/4075 4065/4065 3864/3864
f 4078/4078 4083/4083 4075/4075
f 4084/4084 4085/4085 4076/4076
f 4083/4083 4086/4086 4075/4075
f 4087/4087 4062/4062 4065/4065
f 4062/4062 4087/4087 4072/4072
f 3966/3966 4081/4081 4044/4044
f 4074/4074 4079/4079 4073/4073
f 4088/4088 4078/4078 3989/3989
f 4076/4076 4079/4079 4089/4089
f 4082/4082 4081/4081 3966/3966
f 4089/4089 4079/4079 4074/4074
f 4090/4090 4089/4089 4074/4074
f 4074/4074 4091/4091 4090/4090
f 4074/4074 4092/4092 4091/4091
f 4089/4089 4084/4084 4076/4076
f 4083/4083 4078/4078 4088/4088
f 4093/4093 4083/4083 4088/4088
f 4041/4041 4094/4094 4055/4055
f 3871/3871 3864/3864 3855/3855
f 4075/4075 3864/3864 3871/3871
f 4085/4085 4066/4066 4067/4067
f 4076/4076 4085/4085 4067/4067
f 4082/4082 4094/4094 4041/4041
f 4069/4069 4066/4066 4084/4084
f 4095/4095 4083/4083 4093/4093
f 4084/4084 4066/4066 4085/4085
f 4096/4096 4095/4095 4093/4093
f 4071/4071 4069/4069 4084/4084
f 3989/3989 4077/4077 3872/3872
f 4097/4097 4087/4087 4065/4065
f 4071/4071 4098/4098 4070/4070
f 4002/4002 4099/4099 3966/3966
f 4099/4099 4082/4082 3966/3966
f 4075/4075 4097/4097 4065/4065
f 4100/4100 4071/4071 4084/4084
f 4101/4101 4088/4088 3989/3989
f 4002/4002 4017/4017 4099/4099
f 4100/4100 4102/4102 4071/4071
f 4102/4102 4098/4098 4071/4071
f 4072/4072 4087/4087 4103/4103
f 4101/4101 3989/3989 3990/3990
f 4048/4048 4072/4072 4103/4103
f 3990/3990 4021/4021 4101/4101
f 4104/4104 4094/4094 4082/4082
f 4105/4105 4084/4084 4089/4089
f 4082/4082 4099/4099 4104/4104
f 4088/4088 4101/4101 4093/4093
f 4105/4105 4100/4100 4084/4084
f 4103/4103 4087/4087 4097/4097
f 4049/4049 4048/4048 4103/4103
f 4106/4106 4102/4102 4100/4100
f 4097/4097 4049/4049 4103/4103
f 3899/3899 4049/4049 4097/4097
f 4107/4107 4106/4106 4100/4100
f 4108/4108 4074/4074 4080/4080
f 4108/4108 4092/4092 4074/4074
f 4055/4055 3962/3962 4038/4038
f 4108/4108 4091/4091 4092/4092
f 3899/3899 4097/4097 4086/4086
f 4108/4108 4109/4109 4090/4090
f 4075/4075 4086/4086 4097/4097
f 3962/3962 4055/4055 4104/4104
f 4110/4110 3962/3962 4104/4104
f 4111/4111 4089/4089 4090/4090
f 4090/4090 4091/4091 4108/4108
f 4104/4104 4055/4055 4094/4094
f 4111/4111 4090/4090 4109/4109
f 4112/4112 4086/4086 4083/4083
f 4113/4113 3899/3899 4086/4086
f 4109/4109 4114/4114 4111/4111
f 4115/4115 4114/4114 4109/4109
f 4086/4086 4112/4112 4113/4113
f 3957/3957 4046/4046 4116/4116
f 4107/4107 4100/4100 4105/4105
f 4116/4116 4020/4020 3957/3957
f 4083/4083 4095/4095 4117/4117
f 4117/4117 4112/4112 4083/4083
f 4107/4107 4105/4105 4118/4118
f 4119/4119 3962/3962 4110/4110
f 4111/4111 4105/4105 4089/4089
f 4119/4119 3965/3965 3962/3962
f 4118/4118 4105/4105 4111/4111
f 4114/4114 4118/4118 4111/4111
f 4120/4120 3899/3899 4113/4113
f 4118/4118 4121/4121 4107/4107
f 4121/4121 4106/4106 4107/4107
f 4122/4122 4113/4113 4112/4112
f 4049/4049 4116/4116 4046/4046
f 4123/4123 4121/4121 4118/4118
f 4093/4093 4101/4101 4021/4021
f 3869/3869 4020/4020 4116/4116
f 3968/3968 3965/3965 4119/4119
f 4124/4124 4114/4114 4115/4115
f 4125/4125 4114/4114 4124/4124
f 4052/4052 4119/4119 4110/4110
f 4125/4125 4126/4126 4114/4114
f 4052/4052 4110/4110 4054/4054
f 3968/3968 4119/4119 4052/4052
f 3870/3870 3869/3869 4116/4116
f 4118/4118 4126/4126 4123/4123
f 4126/4126 4118/4118 4114/4114
f 3886/3886 3898/3898 3891/3891
f 4020/4020 3869/3869 4028/4028
f 3891/3891 4127/4127 3987/3987
f 4128/4128 4123/4123 4126/4126
f 4129/4129 4123/4123 4128/4128
f 4130/4130 4127/4127 3891/3891
f 4115/4115 4131/4131 4124/4124
f 4021/4021 4096/4096 4093/4093
f 4132/4132 4096/4096 4021/4021
f 4130/4130 3891/3891 3898/3898
f 4128/4128 4125/4125 4133/4133
f 4134/4134 3898/3898 4135/4135
f 4134/4134 4130/4130 3898/3898
f 4124/4124 4133/4133 4125/4125
f 4125/4125 4128/4128 4126/4126
f 4136/4136 4028/4028 3869/3869
f 4128/4128 4137/4137 4129/4129
f 4127/4127 3995/3995 3987/3987
f 4138/4138 4024/4024 4035/4035
f 4138/4138 4139/4139 4024/4024
f 4137/4137 4128/4128 4133/4133
f 4133/4133 4140/4140 4137/4137
f 4140/4140 4141/4141 4137/4137
f 4142/4142 4129/4129 4137/4137
f 4024/4024 4139/4139 4021/4021
f 4143/4143 4021/4021 4139/4139
f 4144/4144 4142/4142 4137/4137
f 4141/4141 4144/4144 4137/4137
f 4145/4145 4127/4127 4130/4130
f 4146/4146 4139/4139 4138/4138
f 4143/4143 4139/4139 4146/4146
f 4037/4037 4035/4035 4036/4036
f 4021/4021 4143/4143 4132/4132
f 3874/3874 4136/4136 3869/3869
f 4130/4130 4134/4134 4147/4147
f 4134/4134 4148/4148 4147/4147
f 3899/3899 3870/3870 4049/4049
f 3870/3870 4116/4116 4049/4049
f 4147/4147 4149/4149 4130/4130
f 4145/4145 4130/4130 4149/4149
f 4150/4150 4132/4132 4143/4143
f 4117/4117 4095/4095 4096/4096
f 4117/4117 4096/4096 4151/4151
f 4117/4117 4122/4122 4112/4112
f 4147/4147 4152/4152 4149/4149
f 4153/4153 4122/4122 4117/4117
f 4153/4153 4117/4117 4151/4151
f 4132/4132 4151/4151 4096/4096
f 4149/4149 4154/4154 4145/4145
f 4155/4155 4153/4153 4151/4151
f 4156/4156 4113/4113 4122/4122
f 4157/4157 4017/4017 3995/3995
f 4122/4122 4153/4153 4155/4155
f 4156/4156 4122/4122 4155/4155
f 4156/4156 4158/4158 4113/4113
f 4159/4159 4155/4155 4151/4151
f 4155/4155 3859/3859 4156/4156
f 4160/4160 4017/4017 4157/4157
f 4127/4127 4145/4145 4157/4157
f 4157/4157 3995/3995 4127/4127
f 3859/3859 4158/4158 4156/4156
f 3859/3859 4155/4155 4159/4159
f 3859/3859 4159/4159 3860/3860
f 4161/4161 4157/4157 4145/4145
f 4161/4161 4145/4145 4154/4154
f 3866/3866 4151/4151 4132/4132
f 3866/3866 4132/4132 4150/4150
f 4159/4159 4151/4151 3866/3866
f 3867/3867 3866/3866 4150/4150
f 3860/3860 4159/4159 3866/3866
f 4162/4162 4157/4157 4161/4161
f 4162/4162 4160/4160 4157/4157
f 3890/3890 3868/3868 3879/3879
f 4163/4163 3890/3890 3879/3879
f 4164/4164 4154/4154 4149/4149
f 4165/4165 4164/4164 4149/4149
f 4165/4165 4149/4149 4152/4152
f 4164/4164 4165/4165 4166/4166
f 4167/4167 3885/3885 3890/3890
f 4168/4168 4166/4166 4165/4165
f 4168/4168 4169/4169 4166/4166
f 4167/4167 3890/3890 4163/4163
f 4170/4170 4154/4154 4166/4166
f 4154/4154 4164/4164 4166/4166
f 4163/4163 3879/3879 4171/4171
f 4170/4170 4161/4161 4154/4154
f 4172/4172 4161/4161 4170/4170
f 4169/4169 4170/4170 4166/4166
f 4170/4170 4173/4173 4174/4174
f 4172/4172 4170/4170 4174/4174
f 4169/4169 4173/4173 4170/4170
f 4175/4175 4162/4162 4161/4161
f 4176/4176 4163/4163 4171/4171
f 4163/4163 4176/4176 4167/4167
f 4175/4175 4161/4161 4172/4172
f 4177/4177 4175/4175 4172/4172
f 4177/4177 4178/4178 4175/4175
f 3911/3911 4174/4174 4173/4173
f 4169/4169 3911/3911 4173/4173
f 3907/3907 4169/4169 4168/4168
f 3906/3906 4169/4169 3907/3907
f 3906/3906 3911/3911 4169/4169
f 4120/4120 3900/3900 3899/3899
f 3911/3911 4172/4172 4174/4174
f 4177/4177 4172/4172 3911/3911
f 3829/3829 4177/4177 3911/3911
f 3879/3879 3870/3870 3900/3900
f 3829/3829 3911/3911 3913/3913
f 4120/4120 3879/3879 3900/3900
f 4099/4099 4179/4179 4104/4104
f 4110/4110 4104/4104 4179/4179
f 4171/4171 3879/3879 4120/4120
f 4179/4179 4017/4017 4160/4160
f 4179/4179 4099/4099 4017/4017
f 4171/4171 4120/4120 4180/4180
f 4120/4120 4113/4113 4158/4158
f 4181/4181 4160/4160 4162/4162
f 4181/4181 4179/4179 4160/4160
f 3850/3850 4179/4179 4181/4181
f 4180/4180 4120/4120 4158/4158
f 4181/4181 3841/3841 3850/3850
f 3850/3850 4110/4110 4179/4179
f 4054/4054 4110/4110 3850/3850
f 3931/3931 4158/4158 3859/3859
f 4180/4180 4158/4158 3931/3931
f 3958/3958 4180/4180 3931/3931
f 4064/4064 4054/4054 3850/3850
f 4180/4180 3958/3958 4171/4171
f 3849/3849 4064/4064 3850/3850
f 4064/4064 4051/4051 4054/4054
f 4064/4064 3849/3849 3858/3858
f 4176/4176 4171/4171 3958/3958
f 3842/3842 4181/4181 4162/4162
f 4162/4162 4175/4175 4178/4178
f 3839/3839 3842/3842 4162/4162
f 3840/3840 4162/4162 4178/4178
f 4162/4162 3840/3840 3839/3839
f 3841/3841 4181/4181 3842/3842
f 4176/4176 3958/3958 4182/4182
f 3958/3958 3959/3959 4182/4182
f 4138/4138 4035/4035 4037/4037
f 3831/3831 3840/3840 4178/4178
f 3835/3835 3837/3837 4138/4138
f 4138/4138 3837/3837 4146/4146
f 3838/3838 3840/3840 3831/3831
f 4037/4037 3835/3835 4138/4138
f 3833/3833 3838/3838 3831/3831
f 3831/3831 4178/4178 4177/4177
f 3829/3829 3831/3831 4177/4177
f 3843/3843 4146/4146 3837/3837
f 4143/4143 3867/3867 4150/4150
f 3843/3843 3867/3867 4143/4143
f 3843/3843 4143/4143 4146/4146
f 3832/3832 814/814 818/818
f 4183/4183 4184/4184 4185/4185
f 4186/4186 4187/4187 4188/4188
f 4189/4189 818/818 1268/1268
f 4190/4190 4184/4184 4183/4183
f 4191/4191 4192/4192 4193/4193
f 4194/4194 3832/3832 818/818
f 4193/4193 4192/4192 4195/4195
f 4196/4196 4195/4195 4192/4192
f 4189/4189 4194/4194 818/818
f 4197/4197 3997/3997 4188/4188
f 1268/1268 4198/4198 4189/4189
f 4183/4183 4185/4185 4199/4199
f 4191/4191 4200/4200 4192/4192
f 4201/4201 4183/4183 4199/4199
f 4188/4188 4187/4187 4197/4197
f 4192/4192 4200/4200 4202/4202
f 4192/4192 4202/4202 4196/4196
f 4203/4203 4204/4204 4184/4184
f 4190/4190 4203/4203 4184/4184
f 1268/1268 1274/1274 4205/4205
f 4205/4205 1274/1274 4206/4206
f 4202/4202 4200/4200 4207/4207
f 4198/4198 1268/1268 4205/4205
f 3996/3996 4188/4188 3997/3997
f 4208/4208 4207/4207 4200/4200
f 4209/4209 4203/4203 4190/4190
f 4210/4210 4202/4202 4207/4207
f 4211/4211 4203/4203 4212/4212
f 4213/4213 4211/4211 4212/4212
f 3847/3847 3832/3832 4194/4194
f 3997/3997 4197/4197 4008/4008
f 4209/4209 4190/4190 4183/4183
f 4214/4214 4196/4196 4202/4202
f 4214/4214 4215/4215 4196/4196
f 4216/4216 4194/4194 4189/4189
f 4216/4216 4189/4189 4198/4198
f 4212/4212 4203/4203 4209/4209
f 4216/4216 4217/4217 4194/4194
f 4218/4218 4212/8297 4219/4219
f 4220/4220 4215/4215 4214/4214
f 4214/4214 4221/4221 4220/4220
f 4222/4222 4219/4219 4212/8297
f 4223/4223 4219/4219 4222/4222
f 4217/4217 3847/3847 4194/4194
f 3865/3865 3847/3847 4217/4217
f 4224/4224 4008/4008 4197/4197
f 4183/4183 4225/4225 4209/4209
f 4225/4225 4183/4183 4201/4201
f 4225/4225 4201/4201 4226/4226
f 4227/4227 4228/4228 4229/4229
f 4229/4229 4230/4230 4227/4227
f 4231/4231 4208/4208 4227/4227
f 4231/4231 4207/4207 4208/4208
f 4212/4212 4209/4209 4222/8299
f 4209/4209 4225/4225 4222/8299
f 4231/4231 4210/4210 4207/4207
f 4210/4210 4231/4231 4232/4232
f 4232/4232 4231/4231 4233/4233
f 4227/4227 4230/4230 4231/4231
f 4234/4234 4235/4235 4236/4236
f 4237/4237 4230/4230 4229/4229
f 4238/4238 4231/4231 4230/4230
f 4238/4238 4230/4230 4237/4237
f 4239/4239 1274/1274 1279/1279
f 4240/4240 4241/4241 4235/4235
f 4206/4206 1274/1274 4239/4239
f 4223/4223 4222/4222 4242/4242
f 4235/4235 4234/4234 4240/4240
f 4242/8300 4222/8299 4225/4225
f 4233/4233 4231/4231 4238/4238
f 4205/4205 4206/4206 4243/4243
f 4241/4241 4244/4244 4245/4245
f 4246/4246 4206/4206 4239/4239
f 4243/4243 4206/4206 4246/4246
f 4247/4247 4233/4233 4238/4238
f 4241/4241 4245/4245 4235/4235
f 4248/4248 4223/4223 4242/4242
f 4243/4243 4246/4246 4249/4249
f 4250/4250 4221/4221 4214/4214
f 4210/4210 4214/4214 4202/4202
f 4250/4250 4214/4214 4210/4210
f 4244/4244 4251/4251 4252/4252
f 4239/4239 1298/1298 4246/4246
f 4232/4232 4250/4250 4210/4210
f 4251/4251 4244/4244 4241/4241
f 4253/4253 4254/4254 4255/4255
f 4256/4256 4221/4221 4250/4250
f 4257/4257 4254/4254 4253/4253
f 4258/4258 4259/4259 4221/4221
f 4256/4256 4258/4258 4221/4221
f 1298/1298 4239/4239 1279/1279
f 4250/4250 4232/4232 4260/4260
f 4240/4240 4251/4251 4241/4241
f 4260/4260 4232/4232 4233/4233
f 4260/4260 4256/4256 4250/4250
f 4257/4257 4253/4253 4261/4261
f 4260/4260 4233/4233 4262/4262
f 4263/4263 4252/4252 4251/4251
f 4264/4264 4198/4198 4243/4243
f 4265/4265 4266/4266 4261/8302
f 4263/4263 4251/4251 4240/4240
f 4265/4265 4261/8302 4213/8298
f 4261/8302 4267/4267 4257/8301
f 4268/4268 4240/4240 4234/4234
f 4247/4247 4269/4269 4270/4270
f 4268/4268 4271/4271 4240/4240
f 4233/4233 4247/4247 4270/4270
f 4266/4266 4267/4267 4261/8302
f 4249/4249 4264/4264 4243/4243
f 4272/4272 4264/4264 4249/4249
f 4198/4198 4205/4205 4243/4243
f 4273/4273 4240/4240 4271/4271
f 4274/4274 4267/4267 4266/4266
f 4274/4274 4266/4266 4275/4275
f 4275/4275 4266/4266 4276/4276
f 4233/4233 4270/4270 4262/4262
f 4265/4265 4276/4276 4266/4266
f 4273/4273 4263/4263 4240/4240
f 4276/4276 4277/4277 4275/4275
f 4275/4275 4277/4277 4278/4278
f 4278/4278 4277/4277 4279/4279
f 4249/4249 4246/4246 4280/4280
f 4281/4281 4271/4271 4268/4268
f 4268/4268 4282/4282 4281/4281
f 4253/4253 4213/4213 4261/4261
f 4253/4253 4211/4211 4213/4213
f 4283/4283 4284/4284 4285/4285
f 4281/4281 4273/4273 4271/4271
f 4286/4286 4287/4287 4273/4273
f 4284/4284 4283/4283 4288/4288
f 4281/4281 4286/4286 4273/4273
f 4276/4276 4265/4265 4277/4277
f 4289/4289 4290/4290 4291/4291
f 4289/4289 4292/4292 4290/4290
f 4234/4234 4236/4236 4293/4293
f 4294/4294 4284/4284 4295/4295
f 4289/4289 4296/4296 4292/4292
f 4295/4295 4284/4284 4297/4297
f 4298/4298 4289/4289 4291/4291
f 4212/8297 4218/4218 4213/8298
f 4218/4218 4265/4265 4213/8298
f 4268/4268 4234/4234 4299/4299
f 4300/4300 4301/4301 4302/4302
f 4285/4285 4301/4301 4300/4300
f 4216/4216 4198/4198 4303/4303
f 4300/4300 4283/4283 4285/4285
f 4304/4304 4268/4268 4299/4299
f 4305/4305 3865/3865 4217/4217
f 4265/4265 4218/4218 4277/4277
f 4285/4285 4284/4284 4294/4294
f 4301/4301 4285/4285 4294/4294
f 4282/4282 4268/4268 4304/4304
f 4217/4217 4292/4292 4305/4305
f 4217/4217 4216/4216 4303/4303
f 4292/4292 4217/4217 4303/4303
f 4306/4306 4277/4277 4307/4307
f 4290/4290 4303/4303 4308/4308
f 3888/3888 3865/3865 4305/4305
f 4279/4279 4277/4277 4306/4306
f 4309/4309 4310/4310 4311/4311
f 4308/4308 4303/4303 4198/4198
f 4294/4294 4312/4312 4301/4301
f 4308/4308 4198/4198 4313/4313
f 4313/4313 4198/4198 4264/4264
f 4314/4314 4310/4310 4252/4252
f 4314/4314 4252/4252 4263/4263
f 4237/4237 4312/4312 4315/4315
f 4316/4316 4314/4314 4263/4263
f 4310/4310 4314/4314 4311/4311
f 4317/4317 4312/4312 4294/4294
f 4311/4311 4314/4314 4316/4316
f 4305/4305 4292/4292 4318/4318
f 4292/4292 4319/4319 4318/4318
f 4296/4296 4319/4319 4292/4292
f 4319/4319 3888/3888 4318/4318
f 4320/4320 4279/4279 4321/4321
f 4290/4290 4292/4292 4303/4303
f 4321/4321 4279/4279 4306/4306
f 4317/4317 4294/4294 4322/4322
f 4305/4305 4318/4318 3888/3888
f 4310/4310 4197/4197 4187/4187
f 4322/4322 4294/4294 4295/4295
f 4322/4322 4295/4295 4323/4323
f 4275/4275 4324/4324 4274/4274
f 4324/4324 4275/4275 4278/4278
f 4309/4309 4197/4197 4310/4310
f 4319/4319 4296/4296 4325/4325
f 4325/4325 3888/3888 4319/4319
f 4326/4326 4327/4327 4288/4288
f 4274/4274 4324/4324 4328/4328
f 4324/4324 4278/4278 4329/4329
f 4297/4297 4288/4288 4327/4327
f 3897/3897 3888/3888 4325/4325
f 4290/4290 4308/4308 4291/4291
f 4329/4329 4278/4278 4279/4279
f 4330/4330 4297/4297 4327/4327
f 4331/4331 4197/4197 4309/4309
f 4324/4324 4332/4332 4328/4328
f 4332/4332 4324/4324 4329/4329
f 4284/4284 4288/4288 4297/4297
f 4333/4333 4308/4308 4313/4313
f 4291/4291 4308/4308 4333/4333
f 4287/4287 4316/4316 4263/4263
f 4327/4327 4326/4326 4334/4334
f 4287/4287 4263/4263 4273/4273
f 4333/4333 4335/4335 4291/4291
f 4320/4320 4329/4329 4279/4279
f 4327/4327 4334/4334 4336/4336
f 4336/4336 4334/4334 4337/4337
f 3897/3897 3886/3886 3888/3888
f 4287/4287 4311/4311 4316/4316
f 4338/4338 4311/4311 4287/4287
f 4337/4337 4339/4339 4336/4336
f 4336/4336 4340/4340 4327/4327
f 4330/4330 4327/4327 4340/4340
f 4340/4340 4336/4336 4339/4339
f 4313/4313 4264/4264 4272/4272
f 4307/4307 4277/4277 4218/4218
f 4341/4341 4338/4338 4287/4287
f 4297/4297 4342/4342 4323/4323
f 4307/4307 4218/4218 4219/4219
f 4297/4297 4323/4323 4295/4295
f 4297/4297 4330/4330 4342/4342
f 4223/4223 4343/4343 4219/4219
f 4307/4307 4219/4219 4343/4343
f 4331/4331 4309/4309 4344/4344
f 4330/4330 4345/4345 4342/4342
f 4344/4344 4346/4346 4331/4331
f 4342/4342 4345/4345 4347/4347
f 4272/4272 4249/4249 4348/4348
f 4338/4338 4309/4309 4311/4311
f 4349/4349 4350/4350 4343/4343
f 4338/4338 4344/4344 4309/4309
f 4351/4351 4352/4352 4339/4339
f 4306/4306 4307/4307 4350/4350
f 4330/4330 4340/4340 4345/4345
f 4353/4353 4313/4313 4272/4272
f 4345/4345 4340/4340 4339/4339
f 4354/4354 4338/4338 4341/4341
f 4338/4338 4354/4354 4344/4344
f 4352/4352 4345/4345 4339/4339
f 4355/4355 4345/4345 4352/4352
f 4343/4343 4350/4350 4307/4307
f 4347/4347 4345/4345 4355/4355
f 4354/4354 4346/4346 4344/4344
f 4333/4333 4353/4353 4335/4335
f 4353/4353 4333/4333 4313/4313
f 4343/4343 4223/4223 4248/4248
f 4315/4315 4312/4312 4317/4317
f 4356/4356 4286/4286 4357/4357
f 4315/4315 4358/4358 4237/4237
f 4359/4359 4272/4272 4360/4360
f 4361/4361 4343/4343 4248/4248
f 4343/4343 4361/4361 4349/4349
f 4362/4362 4353/4353 4272/4272
f 4362/4362 4272/4272 4359/4359
f 4238/4238 4237/4237 4358/4358
f 4315/4315 4317/4317 4358/4358
f 4363/4363 4304/4304 4299/4299
f 4362/4362 4359/4359 4360/4360
f 4364/4364 4358/4358 4317/4317
f 1298/1298 1292/1292 1302/1302
f 4365/4365 4317/4317 4322/4322
f 4363/4363 4282/4282 4304/4304
f 4366/4366 4282/4282 4363/4363
f 4323/4323 4367/4367 4322/4322
f 4365/4365 4322/4322 4367/4367
f 4368/4368 4246/4246 1298/1298
f 4320/4320 4332/4332 4329/4329
f 4369/4369 4365/4365 4367/4367
f 4370/4370 4366/4366 4371/4371
f 4372/4372 4332/4332 4320/4320
f 4366/4366 4373/4373 4282/4282
f 1298/1298 1302/1302 4374/4374
f 4369/4369 4317/4317 4365/4365
f 4364/4364 4317/4317 4369/4369
f 4368/4368 1298/1298 4374/4374
f 4364/4364 4238/4238 4358/4358
f 4238/4238 4364/4364 4269/4269
f 4375/4375 4376/4376 4332/4332
f 1302/1302 1698/1698 1723/1723
f 4286/4286 4281/4281 4282/4282
f 4372/4372 4375/4375 4332/4332
f 4364/4364 4377/4377 4269/4269
f 4357/4357 4286/4286 4282/4282
f 4377/4377 4364/4364 4378/4378
f 4373/4373 4357/4357 4282/4282
f 1302/1302 1723/1723 4374/4374
f 4280/4280 4246/4246 4368/4368
f 4379/4379 4356/4356 4357/4357
f 4378/4378 4364/4364 4369/4369
f 4368/4368 4380/4380 4280/4280
f 4380/4380 4368/4368 4381/4381
f 4366/4366 4370/4370 4373/4373
f 4368/4368 4374/4374 4381/4381
f 4382/4382 4378/4378 4369/4369
f 4337/4337 4375/4375 4372/4372
f 4383/4383 4373/4373 4370/4370
f 4384/4384 4280/4280 4380/4380
f 4385/4385 4382/4382 4369/4369
f 4386/4386 4372/4372 4320/4320
f 4337/4337 4372/4372 4386/4386
f 4342/4342 4347/4347 4323/4323
f 4387/4387 4323/4323 4347/4347
f 4374/4374 4388/4388 4381/4381
f 4367/4367 4323/4323 4387/4387
f 4367/4367 4387/4387 4389/4389
f 4390/4390 4387/4387 4355/4355
f 4391/4391 4320/4320 4321/4321
f 4388/4388 4384/4384 4380/4380
f 4387/4387 4347/4347 4355/4355
f 4386/4386 4320/4320 4391/4391
f 4380/4380 4381/4381 4388/4388
f 4390/4390 4355/4355 4352/4352
f 4388/4388 4374/4374 4392/4392
f 4393/4393 4394/4394 4383/4383
f 4393/4393 4383/4383 4370/4370
f 4388/4388 4392/4392 4395/4395
f 4383/4383 4357/4357 4373/4373
f 4379/4379 4357/4357 4383/4383
f 4391/4391 4396/4396 4386/4386
f 4396/4396 4391/4391 4397/4397
f 4398/4398 4374/4374 1723/1723
f 4390/4390 4352/4352 4399/4399
f 4398/4398 1723/1723 4400/4400
f 4401/4401 4390/4390 4399/4399
f 4392/4392 4374/4374 4398/4398
f 4379/4379 4402/4402 4356/4356
f 4321/4321 4306/4306 4350/4350
f 4390/4390 4401/4401 4403/4403
f 4404/4404 4379/4379 4394/4394
f 4394/4394 4379/4379 4383/4383
f 4405/4405 4350/4350 4406/4406
f 4407/4407 4402/4402 4379/4379
f 4407/4407 4379/4379 4404/4404
f 4398/4398 4400/4400 4408/4408
f 4405/4405 4321/4321 4350/4350
f 4369/4369 4367/4367 4389/4389
f 4409/4409 4405/4405 4410/4410
f 4321/4321 4405/4405 4409/4409
f 4356/4356 4287/4287 4286/4286
f 4406/4406 4350/4350 4349/4349
f 4369/4369 4389/4389 4385/4385
f 4385/4385 4389/4389 4411/4411
f 4412/4412 4389/4389 4387/4387
f 4390/4390 4412/4412 4387/4387
f 4412/4412 4390/4390 4413/4413
f 4341/4341 4287/4287 4356/4356
f 4348/4348 4249/4249 4280/4280
f 4414/4414 4349/4349 4361/4361
f 4348/4348 4280/4280 4384/4384
f 4414/4414 4406/4406 4349/4349
f 4411/4411 4389/4389 4412/4412
f 4413/4413 4411/4411 4412/4412
f 4402/4402 4341/4341 4356/4356
f 4411/4411 4413/4413 4415/4415
f 4413/4413 4416/4416 4415/4415
f 4417/4417 4348/4348 4384/4384
f 4348/4348 4417/4417 4418/4418
f 4419/4419 4405/4405 4406/4406
f 4410/4410 4405/4405 4419/4419
f 4403/4403 4413/4413 4390/4390
f 4420/4420 4341/4341 4402/4402
f 4384/4384 4388/4388 4417/4417
f 4417/4417 4388/4388 4395/4395
f 4409/4409 4410/4410 4421/4421
f 4422/4422 4354/4354 4341/4341
f 4397/4397 4409/4409 4423/4423
f 4423/4423 4409/4409 4421/4421
f 4269/4269 4247/4247 4238/4238
f 4423/4423 4421/4421 4424/4424
f 4272/4272 4348/4348 4360/4360
f 4270/4270 4269/4269 4377/4377
f 4418/4418 4360/4360 4348/4348
f 4425/4425 4270/4270 4377/4377
f 4424/4424 4410/4410 4426/4426
f 4427/4427 4354/4354 4422/4422
f 4427/4427 4422/4422 4428/4428
f 4429/4429 4430/4430 4431/4431
f 4362/4362 4360/4360 4432/4432
f 4420/4420 4422/4422 4341/4341
f 4430/4430 4433/4433 4434/4434
f 4424/4424 4421/4421 4410/4410
f 4428/4428 4422/4422 4420/4420
f 4435/4435 4430/4430 4434/4434
f 4360/4360 4418/4418 4436/4436
f 4423/4423 4424/4424 4437/4437
f 4354/4354 4427/4427 4346/4346
f 4432/4432 4360/4360 4436/4436
f 4438/4438 4427/4427 4428/4428
f 4391/4391 4321/4321 4397/4397
f 4409/4409 4397/4397 4321/4321
f 4220/4220 4434/4434 4433/4433
f 4418/4418 4439/4439 4436/4436
f 4440/4440 4435/4435 4434/4434
f 4434/4434 4441/4441 4440/4440
f 4420/4420 4402/4402 4407/4407
f 4439/4439 4418/4418 4417/4417
f 4442/4442 4420/4420 4407/4407
f 4443/4443 4444/4444 4199/4199
f 4445/4445 4420/4420 4442/4442
f 4446/4446 4435/4435 4440/4440
f 4446/4446 4447/4447 4435/4435
f 4448/4448 4199/4199 4444/4444
f 4193/4193 4442/4442 4407/4407
f 4201/4201 4199/4199 4449/4449
f 4445/4445 4442/4442 4193/4193
f 4449/4449 4199/4199 4448/4448
f 4445/4445 4428/4428 4420/4420
f 4392/4392 4450/4450 4395/4395
f 4451/4451 4448/4448 4444/4444
f 4449/4449 4448/4448 4226/4226
f 4417/4417 4395/4395 4452/4452
f 4428/4428 4445/4445 4431/4431
f 4441/4441 4434/4434 4220/4220
f 4226/4226 4448/4448 4451/4451
f 4453/4453 4452/4452 4450/4450
f 4431/4431 4438/4438 4428/4428
f 4450/4450 4452/4452 4395/4395
f 4454/4454 4451/4451 4444/4444
f 4392/4392 4398/4398 4450/4450
f 4455/4455 4440/4440 4441/4441
f 4450/4450 4398/4398 4408/4408
f 4220/4220 4259/4259 4441/4441
f 4456/4456 4226/4226 4451/4451
f 4226/4226 4201/4201 4449/4449
f 4457/4457 4450/4450 4408/4408
f 4259/4259 4458/4458 4441/4441
f 4195/4195 4431/4431 4445/4445
f 4455/4455 4446/4446 4440/4440
f 4459/4459 4225/4225 4226/4226
f 4460/4460 4446/4446 4455/4455
f 4446/4446 4460/4460 4461/4461
f 4456/4456 4459/4459 4226/4226
f 4457/4457 4408/4408 4462/4462
f 4463/4463 4459/8304 4456/8303
f 4242/8300 4225/4225 4459/4459
f 4458/4458 4455/4455 4441/4441
f 4436/4436 4439/4439 4464/4464
f 4439/4439 4417/4417 4452/4452
f 4465/4465 4248/4248 4459/8304
f 4459/8304 4248/4248 4242/4242
f 4361/4361 4248/4248 4465/4465
f 4466/4466 4460/4460 4455/4455
f 4465/4465 4459/8304 4467/4467
f 4467/4467 4459/8304 4463/4463
f 4468/4468 4452/4452 4453/4453
f 4465/4465 4467/4467 4361/4361
f 4466/4466 4455/4455 4458/4458
f 4220/4220 4221/4221 4259/4259
f 4439/4439 4452/4452 4468/4468
f 4258/4258 4458/4458 4259/4259
f 4331/4331 4224/4224 4197/4197
f 4447/4447 4461/4461 4469/4469
f 4446/4446 4461/4461 4447/4447
f 4439/4439 4468/4468 4470/4470
f 4470/4470 4464/4464 4439/4439
f 4471/4471 4469/4469 4461/4461
f 4470/4470 4468/4468 4453/4453
f 4472/4472 4473/4473 4469/4469
f 4474/4474 4451/4451 4475/4475
f 4475/4475 4451/4451 4454/4454
f 4471/4471 4472/4472 4469/4469
f 4474/4474 4475/4475 4476/4476
f 4453/4453 4450/4450 4457/4457
f 4453/4453 4457/4457 4477/4477
f 4331/4331 4478/4478 4224/4224
f 4479/4479 4477/4477 4457/4457
f 4361/4361 4467/4467 4480/4480
f 4480/4480 4414/4414 4361/4361
f 4481/4481 4453/4453 4477/4477
f 4482/4482 4414/4414 4480/4480
f 4414/4414 4482/4482 4483/4483
f 4481/4481 4477/4477 4479/4479
f 4472/4472 4471/4471 4484/4484
f 4456/4456 4451/4451 4474/4474
f 4463/4463 4456/8303 4474/8305
f 4478/4478 4485/4485 4224/4224
f 4486/4486 4289/4289 4298/4298
f 4486/4486 4296/4296 4289/4289
f 4487/4487 4296/4296 4486/4486
f 4488/4488 4484/4484 4489/4489
f 4486/4486 4490/4490 4491/4491
f 4491/4491 4487/4487 4486/4486
f 4474/8305 4492/4492 4463/4463
f 4467/4467 4463/4463 4492/4492
f 4480/4480 4467/4467 4492/4492
f 4490/4490 4493/4493 4491/4491
f 4484/4484 4471/4471 4489/4489
f 4489/4489 4471/4471 4494/4494
f 4489/4489 4495/4495 4488/4488
f 4496/4496 4495/4495 4489/4489
f 4043/4043 4224/4224 4485/4485
f 4043/4043 4008/4008 4224/4224
f 4298/4298 4490/4490 4486/4486
f 4291/4291 4490/4490 4298/4298
f 4490/4490 4291/4291 4497/4497
f 4461/4461 4494/4494 4471/4471
f 4494/4494 4461/4461 4460/4460
f 4497/4497 4291/4291 4335/4335
f 4498/4498 4480/4480 4492/4492
f 4499/4499 4478/4478 4331/4331
f 4482/4482 4480/4480 4498/4498
f 4483/4483 4500/4500 4419/4419
f 4500/4500 4483/4483 4482/4482
f 4499/4499 4331/4331 4346/4346
f 4501/4501 4491/4491 4493/4493
f 4502/4502 4478/4478 4499/4499
f 4501/4501 4503/4503 4491/4491
f 4504/4504 4460/4460 4466/4466
f 4494/4494 4460/4460 4504/4504
f 4505/4505 4490/4490 4506/4506
f 4497/4497 4507/4507 4506/4506
f 4494/4494 4504/4504 4508/4508
f 4508/4508 4509/4509 4494/4494
f 4506/4506 4490/4490 4497/4497
f 4510/4510 4419/4419 4500/4500
f 4501/4501 4493/4493 4505/4505
f 4493/4493 4490/4490 4505/4505
f 4509/4509 4489/4489 4494/4494
f 4497/4497 4335/4335 4507/4507
f 4500/4500 4482/4482 4511/4511
f 4502/4502 4499/4499 4346/4346
f 4509/4509 4496/4496 4489/4489
f 4454/4454 4512/4512 4513/4513
f 4513/4513 4512/4512 4514/4514
f 4515/4515 4506/4506 4516/4516
f 4475/4475 4454/4454 4513/4513
f 4516/4516 4506/4506 4507/4507
f 4517/4517 4501/4501 4505/4505
f 4513/4513 4514/4514 4518/4518
f 4501/4501 4519/4519 4520/4520
f 4521/4521 4043/4043 4485/4485
f 4522/4522 4523/4523 4509/4509
f 4524/4524 4513/4513 4518/4518
f 4475/4475 4513/4513 4524/4524
f 4524/4524 4518/4518 4525/4525
f 4526/4526 4042/4042 4043/4043
f 4521/4521 4526/4526 4043/4043
f 4353/4353 4527/4527 4335/4335
f 4476/4476 4475/4475 4524/4524
f 4528/4528 4521/4521 4485/4485
f 4524/4524 4529/4529 4476/4476
f 4529/4529 4524/4524 4525/4525
f 4504/4504 4466/4466 4530/4530
f 4531/4531 4504/4504 4530/4530
f 4532/4532 4476/8306 4529/8307
f 4530/4530 4466/4466 4458/4458
f 4533/4533 4532/4532 4529/8307
f 4518/4518 4534/4534 4535/4535
f 4526/4526 4521/4521 4528/4528
f 4525/4525 4518/4518 4535/4535
f 4507/4507 4335/4335 4527/4527
f 4536/4536 4525/4525 4535/4535
f 4536/4536 4535/4535 4537/4537
f 4538/4538 4526/4526 4528/4528
f 4537/4537 4535/4535 4539/4539
f 4539/4539 4540/4540 4537/4537
f 4541/4541 4531/4531 4530/4530
f 4525/4525 4536/4536 4529/4529
f 4533/4533 4529/8307 4536/8308
f 4542/4542 4536/4536 4537/4537
f 4536/8308 4542/8309 4533/4533
f 4543/4543 4507/4507 4527/4527
f 4258/4258 4256/4256 4544/4544
f 4540/4540 4545/4545 4537/4537
f 4539/4539 4534/4534 4546/4546
f 4547/4547 4539/4539 4546/4546
f 4458/4458 4258/4258 4548/4548
f 4258/4258 4544/4544 4548/4548
f 4549/4549 4539/4539 4547/4547
f 4540/4540 4539/4539 4549/4549
f 4550/4550 4551/4551 4552/4552
f 4540/4540 4549/4549 4553/4553
f 4545/4545 4540/4540 4553/4553
f 4550/4550 4527/4527 4551/4551
f 4538/4538 4061/4061 4526/4526
f 4061/4061 4042/4042 4526/4526
f 4544/4544 4256/4256 4260/4260
f 4550/4550 4552/4552 4554/4554
f 4260/4260 4262/4262 4544/4544
f 4042/4042 4061/4061 4060/4060
f 4262/4262 4548/4548 4544/4544
f 4542/4542 4537/4537 4545/4545
f 4542/4542 4545/4545 4555/4555
f 4543/4543 4527/4527 4550/4550
f 4555/4555 4545/4545 4556/4556
f 4557/4557 4458/4458 4548/4548
f 4557/4557 4530/4530 4458/4458
f 4553/4553 4556/4556 4545/4545
f 4558/4558 4548/4548 4262/4262
f 4478/4478 4559/4559 4485/4485
f 4560/4560 4558/4558 4262/4262
f 4561/4561 4556/4556 4553/4553
f 4485/4485 4559/4559 4528/4528
f 4296/4296 4487/4487 4503/4503
f 4476/8306 4532/4532 4474/8305
f 4492/4492 4474/8305 4532/4532
f 4559/4559 4478/4478 4502/4502
f 4503/4503 4325/4325 4296/4296
f 4492/4492 4532/4532 4498/4498
f 4325/4325 4503/4503 3897/3897
f 4262/4262 4270/4270 4562/4562
f 4563/4563 3897/3897 4503/4503
f 4563/4563 4564/4564 3897/3897
f 4491/4491 4503/4503 4487/4487
f 4482/4482 4498/4498 4565/4565
f 4532/4532 4533/4533 4498/4498
f 4566/4566 4563/4563 4503/4503
f 4520/4520 4566/4566 4503/4503
f 4498/4498 4533/4533 4567/4567
f 4262/4262 4562/4562 4560/4560
f 4346/4346 4427/4427 4559/4559
f 4565/4565 4498/4498 4567/4567
f 4346/4346 4559/4559 4502/4502
f 4427/4427 4438/4438 4559/4559
f 4542/8309 4567/4567 4533/4533
f 4567/4567 4542/8309 4555/8310
f 4560/4560 4562/4562 4568/4568
f 4569/4569 4530/4530 4557/4557
f 4564/4564 3896/3896 3897/3897
f 4559/4559 4570/4570 4571/4571
f 4565/4565 4567/4567 4556/8311
f 3896/3896 4564/4564 4135/4135
f 4571/4571 4528/4528 4559/4559
f 4571/4571 4538/4538 4528/4528
f 4568/4568 4572/4572 4573/4573
f 4574/4574 4511/4511 4565/4565
f 4574/4574 4565/4565 4561/8312
f 4135/4135 3898/3898 3896/3896
f 4565/4565 4511/4511 4482/4482
f 4575/4575 4560/4560 4568/4568
f 4520/4520 4503/4503 4501/4501
f 4575/4575 4568/4568 4573/4573
f 4576/4576 4563/4563 4566/4566
f 4555/8310 4556/8311 4567/4567
f 4538/4538 4571/4571 4577/4577
f 4571/4571 4578/4578 4577/4577
f 4565/4565 4556/8311 4561/8312
f 4579/4579 4569/4569 4557/4557
f 4519/4519 4580/4580 4520/4520
f 4579/4579 4557/4557 4558/4558
f 4580/4580 4566/4566 4520/4520
f 4580/4580 4576/4576 4566/4566
f 4581/4581 4579/4579 4558/4558
f 4557/4557 4548/4548 4558/4558
f 4581/4581 4558/4558 4560/4560
f 4563/4563 4576/4576 4564/4564
f 4576/4576 4135/4135 4564/4564
f 4582/4582 4576/4576 4580/4580
f 4541/4541 4569/4569 4579/4579
f 4541/4541 4530/4530 4569/4569
f 4483/4483 4406/4406 4414/4414
f 4570/4570 4559/4559 4438/4438
f 4582/4582 4135/4135 4576/4576
f 4583/4583 4135/4135 4582/4582
f 4584/4584 4570/4570 4438/4438
f 4585/4585 4579/4579 4581/4581
f 4419/4419 4406/4406 4483/4483
f 4541/4541 4579/4579 4585/4585
f 4578/4578 4571/4571 4570/4570
f 4426/4426 4410/4410 4419/4419
f 4575/4575 4581/4581 4560/4560
f 4430/4430 4584/4584 4438/4438
f 4430/4430 4438/4438 4431/4431
f 4148/4148 4135/4135 4583/4583
f 4148/4148 4583/4583 4586/4586
f 4510/4510 4426/4426 4419/4419
f 4430/4430 4570/4570 4584/4584
f 4587/4587 4508/4508 4504/4504
f 4435/4435 4570/4570 4430/4430
f 4504/4504 4531/4531 4587/4587
f 4435/4435 4588/4588 4578/4578
f 4527/4527 4353/4353 4362/4362
f 4527/4527 4362/4362 4551/4551
f 4588/4588 4577/4577 4578/4578
f 4522/4522 4589/4589 4523/4523
f 1723/1723 1715/1715 4400/4400
f 4577/4577 4588/4588 4590/4590
f 4506/4506 4515/4515 4505/4505
f 4508/4508 4522/4522 4509/4509
f 4505/4505 4515/4515 4517/4517
f 4447/4447 4590/4590 4588/4588
f 4435/4435 4447/4447 4588/4588
f 4507/4507 4591/4591 4516/4516
f 4522/4522 4508/4508 4587/4587
f 4578/4578 4570/4570 4435/4435
f 4591/4591 4592/4592 4516/4516
f 4593/4593 4522/4522 4587/4587
f 1229/1229 4400/4400 1715/1715
f 4517/4517 4519/4519 4501/4501
f 4594/4594 4519/4519 4517/4517
f 4593/4593 4589/4589 4522/4522
f 4515/4515 4516/4516 4592/4592
f 4515/4515 4595/4595 4517/4517
f 4596/4596 4595/4595 4515/4515
f 4585/4585 4531/4531 4541/4541
f 4597/4597 4531/4531 4585/4585
f 4598/4598 4515/4515 4592/4592
f 4515/4515 4598/4598 4596/4596
f 4599/4599 4400/4400 1229/1229
f 4577/4577 4061/4061 4538/4538
f 4517/4517 4595/4595 4594/4594
f 4597/4597 4587/4587 4531/4531
f 4597/4597 4593/4593 4587/4587
f 4600/4600 4594/4594 4595/4595
f 4601/4601 4596/4596 4598/4598
f 4601/4601 4598/4598 4602/4602
f 4603/4603 4604/4604 4601/4601
f 4408/4408 4400/4400 4599/4599
f 4596/4596 4604/4604 4595/4595
f 4605/4605 4061/4061 4577/4577
f 4061/4061 4605/4605 4606/4606
f 4462/4462 4408/4408 4599/4599
f 4604/4604 4600/4600 4595/4595
f 4607/4607 4589/4589 4593/4593
f 4604/4604 4596/4596 4601/4601
f 4607/4607 4593/4593 4597/4597
f 4134/4134 4135/4135 4148/4148
f 4608/4608 4607/4607 4597/4597
f 4609/4609 4608/4608 4597/4597
f 4610/4610 4607/4607 4608/4608
f 4610/4610 4608/4608 4609/4609
f 4611/4611 4610/4610 4609/4609
f 4606/4606 4059/4059 4061/4061
f 4612/4612 4600/4600 4604/4604
f 4606/4606 3882/3882 4059/4059
f 4613/4613 4589/4589 4607/4607
f 4152/4152 4147/4147 4148/4148
f 4586/4586 4152/4152 4148/4148
f 4614/4614 3882/3882 4606/4606
f 4543/4543 4591/4591 4507/4507
f 4605/4605 4577/4577 4590/4590
f 4615/4615 4592/4592 4591/4591
f 4615/4615 4591/4591 4543/4543
f 4586/4586 4616/4616 4617/4617
f 4618/4618 4617/4617 4616/4616
f 4586/4586 4617/4617 4152/4152
f 4615/4615 4543/4543 4619/4619
f 4619/4619 4543/4543 4620/4620
f 4621/4621 4585/4585 4581/4581
f 4622/4622 4620/4620 4543/4543
f 4585/4585 4621/4621 4597/4597
f 4473/4473 4605/4605 4590/4590
f 4165/4165 4152/4152 4617/4617
f 4597/4597 4621/4621 4609/4609
f 4447/4447 4469/4469 4590/4590
f 4622/4622 4550/4550 4554/4554
f 4469/4469 4473/4473 4590/4590
f 4543/4543 4550/4550 4622/4622
f 4617/4617 4618/4618 4623/4623
f 4616/4616 4624/4624 4618/4618
f 4621/4621 4625/4625 4609/4609
f 4617/4617 4623/4623 4626/4626
f 4626/4626 4165/4165 4617/4617
f 4627/4627 4581/4581 4575/4575
f 4627/4627 4625/4625 4581/4581
f 4621/4621 4581/4581 4625/4625
f 4472/4472 4605/4605 4473/4473
f 4628/4628 4618/4618 4629/4629
f 4618/4618 4628/4628 4623/4623
f 4598/4598 4592/4592 4615/4615
f 4630/4630 4628/4628 4629/4629
f 4631/4631 4598/4598 4615/4615
f 4605/4605 4614/4614 4606/4606
f 4631/4631 4615/4615 4619/4619
f 4625/4625 4627/4627 4632/4632
f 4602/4602 4598/4598 4631/4631
f 4472/4472 4614/4614 4605/4605
f 4168/4168 4165/4165 4626/4626
f 4633/4633 4631/4631 4619/4619
f 3883/3883 3882/3882 4614/4614
f 4634/4634 4626/4626 4623/4623
f 4633/4633 4619/4619 4635/4635
f 4634/4634 4168/4168 4626/4626
f 4484/4484 3883/3883 4614/4614
f 4611/4611 4609/4609 4636/4636
f 4636/4636 4609/4609 4625/4625
f 4637/4637 4623/4623 4628/4628
f 4634/4634 4623/4623 4637/4637
f 4638/4638 4611/4611 4639/4639
f 4634/4634 3907/3907 4168/4168
f 4484/4484 4614/4614 4472/4472
f 4639/4639 4611/4611 4636/4636
f 4635/4635 4619/4619 4620/4620
f 4488/4488 3883/3883 4484/4484
f 4640/4640 4620/4620 4641/4641
f 4635/4635 4620/4620 4640/4640
f 4642/4642 1231/1231 1232/1232
f 4599/4599 1229/1229 1231/1231
f 4643/4643 4644/4644 4645/4645
f 4646/4646 4636/4636 4625/4625
f 4599/4599 1231/1231 4642/4642
f 4580/4580 4519/4519 4647/4647
f 4647/4647 4582/4582 4580/4580
f 4646/4646 4648/4648 4636/4636
f 1232/1232 1233/1233 4642/4642
f 4642/4642 1233/1233 4649/4649
f 4650/4650 4582/4582 4647/4647
f 4650/4650 4647/4647 4651/4651
f 4572/4572 4378/4378 4652/4652
f 4382/4382 4652/4652 4378/4378
f 4653/4653 4654/4654 4655/4655
f 4519/4519 4651/4651 4647/4647
f 4594/4594 4651/4651 4519/4519
f 4645/4645 4655/4655 4654/4654
f 4645/4645 4654/4654 4656/4656
f 4600/4600 4651/4651 4594/4594
f 4651/4651 4600/4600 4657/4657
f 4382/4382 4658/4658 4652/4652
f 4656/4656 4654/4654 4659/4659
f 4658/4658 4382/4382 4660/4660
f 4616/4616 4583/4583 4582/4582
f 4650/4650 4616/4616 4582/4582
f 4586/4586 4583/4583 4616/4616
f 4661/4661 4644/4644 4662/4662
f 4643/4643 4662/4662 4644/4644
f 4599/4599 4642/4642 4663/4663
f 4382/4382 4385/4385 4411/4411
f 4382/4382 4411/4411 4415/4415
f 4416/4416 4413/4413 4403/4403
f 4664/4664 4663/4663 4642/4642
f 4462/4462 4599/4599 4663/4663
f 4403/4403 4665/4665 4416/4416
f 4624/4624 4616/4616 4650/4650
f 4663/4663 4666/4666 4462/4462
f 4667/4667 4650/4650 4651/4651
f 4666/4666 4663/4663 4664/4664
f 4600/4600 4612/4612 4657/4657
f 4668/4668 4382/4382 4415/4415
f 4668/4668 4415/4415 4416/4416
f 4416/4416 4669/4669 4668/4668
f 4656/4656 4643/4643 4645/4645
f 4667/4667 4651/4651 4657/4657
f 4664/4664 4642/4642 4649/4649
f 4612/4612 4670/4670 4657/4657
f 4665/4665 4403/4403 4401/4401
f 4671/4671 4667/4667 4657/4657
f 4666/4666 4664/4664 4672/4672
f 4672/4672 4664/4664 4649/4649
f 4673/4673 4662/4662 4643/4643
f 4629/4629 4624/4624 4650/4650
f 4667/4667 4629/4629 4650/4650
f 4649/4649 1233/1233 1237/1237
f 4649/4649 1237/1237 4674/4674
f 4675/4675 4662/4662 4673/4673
f 4676/4676 4665/4665 4401/4401
f 4629/4629 4618/4618 4624/4624
f 4677/4677 4675/4675 4673/4673
f 4678/4678 4676/4676 4401/4401
f 4660/4660 4382/4382 4668/4668
f 4668/4668 4669/4669 4660/4660
f 4630/4630 4629/4629 4667/4667
f 4416/4416 4665/4665 4669/4669
f 4677/4677 4673/4673 4679/4679
f 4554/4554 4552/4552 4680/4680
f 4660/4660 4669/4669 4681/4681
f 4682/4682 4554/4554 4680/4680
f 4674/4674 1237/1237 4683/4683
f 4682/4682 4680/4680 4684/4684
f 4673/4673 4643/4643 4656/4656
f 4685/4685 4669/4669 4665/4665
f 4673/4673 4656/4656 4686/4686
f 4687/4687 1247/1247 1249/1249
f 4687/4687 1249/1249 4688/4688
f 4681/4681 4669/4669 4685/4685
f 4686/4686 4656/4656 4659/4659
f 4683/4683 1237/1237 1251/1251
f 4689/4689 1247/1247 4687/4687
f 1247/1247 4689/4689 1251/1251
f 4686/4686 4659/4659 4690/4690
f 4689/4689 4687/4687 4691/4691
f 4551/4551 4362/4362 4552/4552
f 4552/4552 4362/4362 4432/4432
f 4691/4691 4687/4687 4688/4688
f 4692/4692 4552/4552 4432/4432
f 4679/4679 4673/4673 4686/4686
f 4693/4693 4685/4685 4665/4665
f 4679/4679 4686/4686 4694/4694
f 4695/4695 4432/4432 4436/4436
f 4694/4694 4686/4686 4690/4690
f 4693/4693 4665/4665 4676/4676
f 4654/4654 4653/4653 4696/4696
f 4695/4695 4436/4436 4464/4464
f 4432/4432 4695/4695 4697/4697
f 4697/4697 4692/4692 4432/4432
f 4698/4698 4697/4697 4695/4695
f 4681/4681 4685/4685 4699/4699
f 4700/4700 4681/4681 4699/4699
f 4701/4701 4674/4674 4702/4702
f 4680/4680 4552/4552 4692/4692
f 4702/4702 4674/4674 4703/4703
f 4704/4704 4659/4659 4654/4654
f 4699/4699 4685/4685 4693/4693
f 4654/4654 4696/4696 4704/4704
f 4680/4680 4692/4692 4698/4698
f 4676/4676 4705/4705 4693/4693
f 4704/4704 4696/4696 4706/4706
f 4684/4684 4680/4680 4707/4707
f 4708/4708 4704/4704 4706/4706
f 4703/4703 4674/4674 4683/4683
f 4683/4683 1251/1251 4703/4703
f 4698/4698 4692/4692 4697/4697
f 1251/1251 4689/4689 4703/4703
f 4680/4680 4698/4698 4707/4707
f 4709/4709 4689/4689 4691/4691
f 4709/4709 4703/4703 4689/4689
f 4706/4706 4696/4696 4710/4710
f 4711/4711 4691/4691 4688/4688
f 4698/4698 4695/4695 4712/4712
f 4709/4709 4691/4691 4711/4711
f 4713/4713 4707/4707 4714/4714
f 4714/4714 4707/4707 4698/4698
f 4699/4699 4693/4693 4715/4715
f 4716/4716 4710/4710 4717/4717
f 4714/4714 4698/4698 4718/4718
f 4719/4719 4703/4703 4709/4709
f 4720/4720 4700/4700 4699/4699
f 4716/4716 4706/4706 4710/4710
f 4709/4709 4711/4711 4721/4721
f 1267/1267 1271/1271 4688/4688
f 4712/4712 4695/4695 4464/4464
f 4688/4688 1249/1249 1267/1267
f 4716/4716 4722/4722 4706/4706
f 4470/4470 4723/4723 4464/4464
f 4724/4724 4722/4722 4716/4716
f 4562/4562 4270/4270 4425/4425
f 4712/4712 4464/4464 4723/4723
f 4704/4704 4690/4690 4659/4659
f 4378/4378 4572/4572 4377/4377
f 4572/4572 4425/4425 4377/4377
f 4725/4725 4688/4688 1271/1271
f 4470/4470 4453/4453 4481/4481
f 4572/4572 4562/4562 4425/4425
f 4572/4572 4568/4568 4562/4562
f 4481/4481 4726/4726 4470/4470
f 4723/4723 4470/4470 4726/4726
f 1271/1271 1261/1261 1275/1275
f 4727/4727 4704/4704 4708/4708
f 1271/1271 1275/1275 4725/4725
f 4726/4726 4481/4481 4728/4728
f 4723/4723 4726/4726 4728/4728
f 4573/4573 4572/4572 4652/4652
f 4723/4723 4729/4729 4730/4730
f 4718/4718 4698/4698 4712/4712
f 4724/4724 4731/4731 4722/4722
f 4732/4732 4712/4712 4723/4723
f 4706/4706 4722/4722 4708/4708
f 4733/4733 4718/4718 4712/4712
f 4733/4733 4712/4712 4732/4732
f 4658/4658 4573/4573 4652/4652
f 4713/4713 4714/4714 4718/4718
f 4711/4711 4688/4688 4725/4725
f 4718/4718 4733/4733 4734/4734
f 4735/4735 4711/4711 4725/4725
f 4736/4736 4573/4573 4658/4658
f 4721/4721 4711/4711 4735/4735
f 4737/4737 4722/4722 4731/4731
f 4708/4708 4722/4722 4737/4737
f 4738/4738 4733/4733 4732/4732
f 4738/4738 4732/4732 4739/4739
f 4738/4738 4734/4734 4733/4733
f 4738/4738 4739/4739 4734/4734
f 4739/4739 4732/4732 4730/4730
f 4704/4704 4740/4740 4690/4690
f 4694/4694 4690/4690 4740/4740
f 4741/4741 4739/4739 4730/4730
f 4723/4723 4730/4730 4732/4732
f 4682/4682 4622/4622 4554/4554
f 4725/4725 4742/4742 4743/4743
f 4704/4704 4727/4727 4740/4740
f 4744/4744 4658/4658 4660/4660
f 4707/4707 4682/4682 4684/4684
f 4735/4735 4725/4725 4743/4743
f 4682/4682 4641/4641 4622/4622
f 4736/4736 4658/4658 4744/4744
f 4677/4677 4679/4679 4745/4745
f 4746/4746 4735/4735 4743/4743
f 4641/4641 4682/4682 4747/4747
f 4682/4682 4707/4707 4748/4748
f 4749/4749 4677/4677 4745/4745
f 4682/4682 4748/4748 4747/4747
f 4681/4681 4744/4744 4660/4660
f 4627/4627 4573/4573 4632/4632
f 4641/4641 4620/4620 4622/4622
f 4573/4573 4627/4627 4575/4575
f 4750/4750 4666/4666 4672/4672
f 4640/4640 4641/4641 4747/4747
f 4632/4632 4573/4573 4736/4736
f 4751/4751 4750/4750 4672/4672
f 4701/4701 4672/4672 4649/4649
f 4752/4752 4679/4679 4694/4694
f 4747/4747 4753/4753 4640/4640
f 4701/4701 4649/4649 4674/4674
f 4754/4754 4747/4747 4748/4748
f 4755/4755 4745/4745 4679/4679
f 4672/4672 4701/4701 4751/4751
f 4754/4754 4748/4748 4756/4756
f 4754/4754 4753/4753 4747/4747
f 4757/4757 4679/4679 4752/4752
f 4751/4751 4701/4701 4758/4758
f 4755/4755 4679/4679 4757/4757
f 4702/4702 4759/4759 4701/4701
f 4749/4749 4745/4745 4755/4755
f 4744/4744 4760/4760 4736/4736
f 4736/4736 4761/4761 4632/4632
f 4702/4702 4703/4703 4719/4719
f 4760/4760 4761/4761 4736/4736
f 4754/4754 4756/4756 4762/4762
f 4759/4759 4758/4758 4701/4701
f 4761/4761 4760/4760 4763/4763
f 4764/4764 4759/4759 4702/4702
f 4764/4764 4702/4702 4719/4719
f 4547/4547 4749/4749 4765/4765
f 4765/4765 4749/4749 4755/4755
f 4748/4748 4707/4707 4713/4713
f 4709/4709 4721/4721 4766/4766
f 4761/4761 4767/4767 4768/4768
f 4768/4768 4632/4632 4761/4761
f 4713/4713 4718/4718 4756/4756
f 4756/4756 4718/4718 4734/4734
f 4748/4748 4713/4713 4756/4756
f 4763/4763 4767/4767 4761/4761
f 4755/4755 4757/4757 4769/4769
f 4770/4770 4751/4751 4758/4758
f 4763/4763 4771/4771 4767/4767
f 4763/4763 4772/4772 4771/4771
f 4758/4758 4759/4759 4773/4773
f 4765/4765 4755/4755 4769/4769
f 4764/4764 4773/4773 4759/4759
f 4741/4741 4734/4734 4739/4739
f 4771/4771 4768/4768 4767/4767
f 4708/4708 4737/4737 4774/4774
f 4762/4762 4734/4734 4775/4775
f 4772/4772 4763/4763 4776/4776
f 4775/4775 4734/4734 4741/4741
f 4777/4777 4758/4758 4773/4773
f 4773/4773 4764/4764 4777/4777
f 4776/4776 4778/4778 4772/4772
f 4762/4762 4756/4756 4734/4734
f 4625/4625 4632/4632 4768/4768
f 4766/4766 4721/4721 4735/4735
f 4625/4625 4768/4768 4646/4646
f 4694/4694 4740/4740 4757/4757
f 4757/4757 4752/4752 4694/4694
f 4760/4760 4744/4744 4681/4681
f 4766/4766 4735/4735 4779/4779
f 4780/4780 4766/4766 4779/4779
f 4457/4457 4462/4462 4781/4781
f 4462/4462 4666/4666 4750/4750
f 4681/4681 4782/4782 4760/4760
f 4779/4779 4735/4735 4783/4783
f 4700/4700 4782/4782 4681/4681
f 4781/4781 4462/4462 4750/4750
f 4727/4727 4757/4757 4740/4740
f 4783/4783 4735/4735 4746/4746
f 4784/4784 4783/4783 4746/4746
f 4783/4783 4785/4785 4779/4779
f 4727/4727 4708/4708 4786/4786
f 4786/4786 4708/4708 4774/4774
f 4763/4763 4760/4760 4782/4782
f 4782/4782 4787/4787 4763/4763
f 4479/4479 4457/4457 4781/4781
f 4479/4479 4781/4781 4788/4788
f 4788/4788 4781/4781 4750/4750
f 4789/4789 4479/4479 4788/4788
f 4700/4700 4720/4720 4787/4787
f 4787/4787 4782/4782 4700/4700
f 4751/4751 4788/4788 4750/4750
f 4790/4790 4787/4787 4720/4720
f 4788/4788 4751/4751 4791/4791
f 4792/4792 4780/4780 4779/4779
f 4776/4776 4763/4763 4787/4787
f 4770/4770 4791/4791 4751/4751
f 4793/4793 4792/4792 4779/4779
f 4785/4785 4793/4793 4779/4779
f 4728/4728 4479/4479 4789/4789
f 4728/4728 4481/4481 4479/4479
f 4794/4794 4776/4776 4787/4787
f 4729/4729 4728/4728 4789/4789
f 4769/4769 4757/4757 4795/4795
f 4699/4699 4715/4715 4720/4720
f 4723/4723 4728/4728 4729/4729
f 4796/4796 4769/4769 4795/4795
f 4793/4793 4785/4785 4797/4797
f 4796/4796 4795/4795 4798/4798
f 4795/4795 4757/4757 4799/4799
f 4799/4799 4800/4800 4795/4795
f 4715/4715 4790/4790 4720/4720
f 4798/4798 4795/4795 4800/4800
f 4801/4801 4719/4719 4802/4802
f 4803/4803 4719/4719 4801/4801
f 4800/4800 4799/4799 4804/4804
f 4805/4805 4719/4719 4709/4709
f 4789/4789 4788/4788 4791/4791
f 4757/4757 4727/4727 4799/4799
f 4806/4806 4790/4790 4715/4715
f 4805/4805 4709/4709 4766/4766
f 4802/4802 4719/4719 4805/4805
f 4791/4791 4770/4770 4807/4807
f 4766/4766 4802/4802 4805/4805
f 4808/4808 4809/4809 4729/4729
f 4607/4607 4610/4610 4810/4810
f 4729/4729 4789/4789 4791/4791
f 4611/4611 4638/4638 4610/4610
f 4799/4799 4727/4727 4811/4811
f 4719/4719 4803/4803 4764/4764
f 4812/4812 4791/4791 4807/4807
f 4729/4729 4791/4791 4808/4808
f 4339/4339 4337/4337 4386/4386
f 4801/4801 4802/4802 4813/4813
f 4386/4386 4814/4814 4339/4339
f 4815/4815 4803/4803 4801/4801
f 4804/4804 4799/4799 4811/4811
f 4809/4809 4741/4741 4730/4730
f 4777/4777 4764/4764 4803/4803
f 4813/4813 4815/4815 4801/4801
f 4730/4730 4729/4729 4809/4809
f 4351/4351 4339/4339 4814/4814
f 4816/4816 4813/4813 4802/4802
f 4816/4816 4802/4802 4766/4766
f 4817/4817 4813/4813 4816/4816
f 4351/4351 4814/4814 4818/4818
f 4818/4818 4814/4814 4819/4819
f 4812/4812 4820/4820 4808/4808
f 4812/4812 4808/4808 4791/4791
f 4399/4399 4351/4351 4818/4818
f 4741/4741 4809/4809 4808/4808
f 4816/4816 4766/4766 4780/4780
f 4821/4821 4822/4822 4717/4717
f 4823/4823 4808/4808 4820/4820
f 4824/4824 4816/4816 4780/4780
f 4399/4399 4818/4818 4825/4825
f 4716/4716 4717/4717 4822/4822
f 4826/4826 4780/4780 4792/4792
f 4827/4827 1337/1337 1335/1335
f 1335/1335 1337/1337 1334/1334
f 4352/4352 4351/4351 4399/4399
f 4724/4724 4716/4716 4822/4822
f 4724/4724 4822/4822 4828/4828
f 4822/4822 4821/4821 4829/4829
f 4812/4812 4807/4807 4830/4830
f 4831/4831 4818/4818 4819/4819
f 4830/4830 4807/4807 4770/4770
f 4832/4832 4822/4822 4829/4829
f 4818/4818 4831/4831 4825/4825
f 4825/4825 4831/4831 4833/4833
f 4827/4827 1335/1335 4834/4834
f 4829/4829 4821/4821 4835/4835
f 4836/4836 4829/4829 4835/4835
f 4820/4820 4812/4812 4823/4823
f 4823/4823 4812/4812 4830/4830
f 4837/4837 4827/4827 4834/4834
f 4830/4830 4770/4770 4838/4838
f 4835/4835 4839/4839 4836/4836
f 4836/4836 4839/4839 4840/4840
f 1275/1275 1333/1333 1337/1337
f 4825/4825 4401/4401 4399/4399
f 4823/4823 4830/4830 4841/4841
f 4401/4401 4825/4825 4842/4842
f 4841/4841 4830/4830 4838/4838
f 4832/4832 4829/4829 4836/4836
f 1275/1275 1337/1337 4827/4827
f 4841/4841 4838/4838 4843/4843
f 4725/4725 1275/1275 4742/4742
f 4832/4832 4836/4836 4844/4844
f 4742/4742 1275/1275 4827/4827
f 4843/4843 4838/4838 4845/4845
f 4846/4846 4842/4842 4825/4825
f 4843/4843 4845/4845 4847/4847
f 4731/4731 4724/4724 4828/4828
f 4848/4848 4825/4825 4833/4833
f 4849/4849 4848/4848 4833/4833
f 4850/4850 4828/4828 4822/4822
f 4851/4851 4742/4742 4852/4852
f 4850/4850 4822/4822 4853/4853
f 4854/4854 4825/4825 4848/4848
f 4851/4851 4743/4743 4742/4742
f 4849/4849 4855/4855 4848/4848
f 4828/4828 4774/4774 4731/4731
f 4737/4737 4731/4731 4774/4774
f 4851/4851 4852/4852 4856/4856
f 4827/4827 4852/4852 4742/4742
f 4842/4842 4846/4846 4678/4678
f 4857/4857 4858/4858 4741/4741
f 4825/4825 4854/4854 4846/4846
f 4852/4852 4827/4827 4837/4837
f 4859/4859 4858/4858 4857/4857
f 4741/4741 4808/4808 4857/4857
f 4837/4837 4856/4856 4852/4852
f 4853/4853 4822/4822 4832/4832
f 4808/4808 4823/4823 4857/4857
f 4854/4854 4848/4848 4860/4860
f 4861/4861 4854/4854 4860/4860
f 4862/4862 4861/4861 4860/4860
f 4863/4863 4762/4762 4775/4775
f 4834/4834 1335/1335 1352/1352
f 4844/4844 4853/4853 4832/4832
f 4863/4863 4775/4775 4741/4741
f 4863/4863 4741/4741 4858/4858
f 4854/4854 4864/4864 4846/4846
f 1352/1352 1351/1351 1354/1354
f 4850/4850 4853/4853 4865/4865
f 4864/4864 4854/4854 4861/4861
f 4853/4853 4844/4844 4865/4865
f 4866/4866 4834/4834 1352/1352
f 4867/4867 4868/4868 4863/4863
f 4869/4869 4866/4866 1352/1352
f 4863/4863 4858/4858 4859/4859
f 4859/4859 4857/4857 4870/4870
f 4861/4861 4871/4871 4864/4864
f 4867/4867 4863/4863 4859/4859
f 4871/4871 4861/4861 4872/4872
f 4873/4873 4836/4836 4840/4840
f 4874/4874 4867/4867 4859/4859
f 1352/1352 1354/1354 4869/4869
f 4873/4873 4875/4875 4876/4876
f 4842/4842 4678/4678 4401/4401
f 4869/4869 1354/1354 4877/4877
f 4844/4844 4836/4836 4873/4873
f 4676/4676 4678/4678 4705/4705
f 4878/4878 4866/4866 4869/4869
f 4846/4846 4864/4864 4678/4678
f 4871/4871 4678/4678 4864/4864
f 4873/4873 4876/4876 4879/4879
f 4841/4841 4857/4857 4823/4823
f 4880/4880 4877/4877 4881/4881
f 4880/4880 4869/4869 4877/4877
f 4705/4705 4678/4678 4871/4871
f 4882/4882 4857/4857 4841/4841
f 4855/4855 4860/4860 4848/4848
f 4837/4837 4834/4834 4883/4883
f 4841/4841 4843/4843 4847/4847
f 4884/4884 4885/4885 4875/4875
f 4883/4883 4834/4834 4866/4866
f 4883/4883 4866/4866 4878/4878
f 4886/4886 4841/4841 4887/4887
f 4862/4862 4860/4860 4855/4855
f 4876/4876 4875/4875 4885/4885
f 4888/4888 4862/4862 4855/4855
f 4876/4876 4885/4885 4889/4889
f 4855/4855 4890/4890 4888/4888
f 4891/4891 4859/4859 4870/4870
f 4892/4892 4883/4883 4893/4893
f 4891/4891 4870/4870 4894/4894
f 4861/4861 4862/4862 4888/4888
f 4844/4844 4873/4873 4895/4895
f 4894/4894 4870/4870 4882/4882
f 4896/4896 4894/4894 4882/4882
f 4896/4896 4882/4882 4897/4897
f 4879/4879 4895/4895 4873/4873
f 4878/4878 4869/4869 4880/4880
f 4882/4882 4870/4870 4857/4857
f 4841/4841 4886/4886 4882/4882
f 4883/4883 4878/4878 4898/4898
f 4893/4893 4883/4883 4898/4898
f 4880/4880 4898/4898 4878/4878
f 4899/4899 4888/4888 4900/4900
f 4897/4897 4882/4882 4886/4886
f 4898/4898 4880/4880 4901/4901
f 4899/4899 4861/4861 4888/4888
f 4897/4897 4886/4886 4902/4902
f 4872/4872 4903/4903 4871/4871
f 4837/4837 4883/4883 4892/4892
f 4903/4903 4904/4904 4871/4871
f 4847/4847 4905/4905 4906/4906
f 4851/4851 4746/4746 4743/4743
f 4887/4887 4841/4841 4847/4847
f 4693/4693 4705/4705 4871/4871
f 4887/4887 4847/4847 4906/4906
f 4876/4876 4889/4889 4879/4879
f 4907/4907 4906/4906 4905/4905
f 4908/4908 4895/4895 4879/4879
f 4909/4909 4746/4746 4851/4851
f 4910/4910 4909/4909 4851/4851
f 4904/4904 4693/4693 4871/4871
f 4906/4906 4907/4907 4911/4911
f 4912/4912 4909/4909 4910/4910
f 4693/4693 4904/4904 4913/4913
f 4785/4785 4783/4783 4784/4784
f 4909/4909 4785/4785 4784/4784
f 4784/4784 4746/4746 4909/4909
f 4914/4914 4908/4908 4879/4879
f 4914/4914 4879/4879 4915/4915
f 4916/4916 4887/4887 4906/4906
f 4910/4910 4851/4851 4856/4856
f 4917/4917 4774/4774 4828/4828
f 4917/4917 4828/4828 4850/4850
f 4902/4902 4886/4886 4887/4887
f 4856/4856 4837/4837 4918/4918
f 4918/4918 4837/4837 4892/4892
f 4902/4902 4887/4887 4919/4919
f 4919/4919 4887/4887 4916/4916
f 4920/4920 4917/4917 4850/4850
f 4921/4921 4910/4910 4856/4856
f 4786/4786 4774/4774 4917/4917
f 4922/4922 4906/4906 4911/4911
f 4856/4856 4918/4918 4921/4921
f 4920/4920 4923/4923 4917/4917
f 4922/4922 4911/4911 4924/4924
f 4906/4906 4922/4922 4916/4916
f 4785/4785 4909/4909 4797/4797
f 4920/4920 4925/4925 4923/4923
f 4924/4924 4926/4926 4922/4922
f 4715/4715 4693/4693 4913/4913
f 4661/4661 4922/4922 4926/4926
f 4920/4920 4850/4850 4865/4865
f 4920/4920 4865/4865 4927/4927
f 4865/4865 4928/4928 4927/4927
f 4929/4929 4930/4930 4931/4931
f 4844/4844 4928/4928 4865/4865
f 4932/4932 4929/4929 4931/4931
f 4933/4933 4797/4797 4909/4909
f 4933/4933 4909/4909 4934/4934
f 4935/4935 4797/4797 4933/4933
f 4932/4932 4936/4936 4937/4937
f 4936/4936 4932/4932 4931/4931
f 4912/4912 4910/4910 4921/4921
f 4938/4938 4931/4931 4939/4939
f 4940/4940 4909/4909 4912/4912
f 4941/4941 4937/4937 4936/4936
f 4942/4942 4936/4936 4943/4943
f 4925/4925 4920/4920 4927/4927
f 4936/4936 4942/4942 4941/4941
f 4940/4940 4912/4912 4944/4944
f 4943/4943 4931/4931 4938/4938
f 4943/4943 4936/4936 4931/4931
f 4945/4945 4940/4940 4944/4944
f 4946/4946 4940/4940 4945/4945
f 4945/4945 4944/4944 4947/4947
f 4934/4934 4909/4909 4940/4940
f 4940/4940 4946/4946 4934/4934
f 4948/4948 4927/4927 4928/4928
f 4949/4949 4934/4934 4946/4946
f 4933/4933 4934/4934 4949/4949
f 4939/4939 4950/4950 4938/4938
f 4939/4939 4951/4951 4950/4950
f 4950/4950 4951/4951 4952/4952
f 4904/4904 4903/4903 4953/4953
f 4951/4951 4954/4954 4955/4955
f 4952/4952 4951/4951 4955/4955
f 4956/4956 4892/4892 4893/4893
f 4948/4948 4957/4957 4925/4925
f 4913/4913 4904/4904 4953/4953
f 4925/4925 4927/4927 4948/4948
f 4958/4958 4612/4612 4604/4604
f 4603/4603 4958/4958 4604/4604
f 4948/4948 4928/4928 4959/4959
f 4893/4893 4898/4898 4960/4960
f 4670/4670 4612/4612 4958/4958
f 4958/4958 4961/4961 4670/4670
f 4893/4893 4960/4960 4962/4962
f 4963/4963 4913/4913 4953/4953
f 4962/4962 4960/4960 4964/4964
f 4960/4960 4965/4965 4964/4964
f 4899/4899 4872/4872 4861/4861
f 4966/4966 4961/4961 4958/4958
f 4892/4892 4956/4956 4918/4918
f 4966/4966 4967/4967 4961/4961
f 4925/4925 4786/4786 4917/4917
f 4872/4872 4899/4899 4903/4903
f 4925/4925 4917/4917 4923/4923
f 4727/4727 4786/4786 4925/4925
f 4925/4925 4811/4811 4727/4727
f 4631/4631 4633/4633 4602/4602
f 4968/4968 4601/4601 4602/4602
f 4968/4968 4603/4603 4601/4601
f 4918/4918 4956/4956 4921/4921
f 4633/4633 4968/4968 4602/4602
f 4962/4962 4956/4956 4893/4893
f 4969/4969 4633/4633 4635/4635
f 4811/4811 4925/4925 4957/4957
f 4970/4970 4633/4633 4969/4969
f 4903/4903 4899/4899 4971/4971
f 4912/4912 4921/4921 4972/4972
f 4973/4973 4968/4968 4633/4633
f 4973/4973 4603/4603 4968/4968
f 4944/4944 4912/4912 4972/4972
f 4972/4972 4921/4921 4974/4974
f 4975/4975 4603/4603 4973/4973
f 4974/4974 4921/4921 4956/4956
f 4956/4956 4962/4962 4974/4974
f 4976/4976 4811/4811 4957/4957
f 4944/4944 4972/4972 4977/4977
f 4977/4977 4947/4947 4944/4944
f 4635/4635 4640/4640 4978/4978
f 4974/4974 4962/4962 4979/4979
f 4979/4979 4972/4972 4974/4974
f 4980/4980 4981/4981 4900/4900
f 4635/4635 4982/4982 4969/4969
f 4977/4977 4972/4972 4979/4979
f 4900/4900 4981/4981 4899/4899
f 4983/4983 4977/4977 4979/4979
f 4982/4982 4635/4635 4978/4978
f 4979/4979 4962/4962 4964/4964
f 4982/4982 4978/4978 4984/4984
f 4973/4973 4633/4633 4970/4970
f 4973/4973 4970/4970 4985/4985
f 4959/4959 4844/4844 4895/4895
f 4928/4928 4844/4844 4959/4959
f 4899/4899 4981/4981 4971/4971
f 4603/4603 4975/4975 4986/4986
f 4987/4987 4964/4964 4965/4965
f 4971/4971 4981/4981 4988/4988
f 4979/4979 4964/4964 4987/4987
f 4975/4975 4973/4973 4985/4985
f 4971/4971 4953/4953 4903/4903
f 4989/4989 4990/4990 4895/4895
f 4991/4991 4975/4975 4985/4985
f 4985/4985 4970/4970 4992/4992
f 4993/4993 4985/4985 4992/4992
f 4991/4991 4985/4985 4993/4993
f 4991/4991 4986/4986 4975/4975
f 4770/4770 4758/4758 4777/4777
f 4994/4994 4986/4986 4991/4991
f 4959/4959 4895/4895 4990/4990
f 4995/4995 4953/4953 4971/4971
f 4959/4959 4990/4990 4996/4996
f 4982/4982 4997/4997 4969/4969
f 4997/4997 4982/4982 4998/4998
f 4770/4770 4777/4777 4838/4838
f 4988/4988 4981/4981 4999/4999
f 4969/4969 4992/4992 4970/4970
f 4992/4992 4969/4969 4997/4997
f 4989/4989 4895/4895 4908/4908
f 4845/4845 4838/4838 4777/4777
f 4908/4908 5000/5000 5001/5001
f 5001/5001 4989/4989 4908/4908
f 5002/5002 4992/4992 4997/4997
f 4908/4908 4914/4914 5000/5000
f 5000/5000 4914/4914 4915/4915
f 4995/4995 4971/4971 4988/4988
f 5003/5003 4997/4997 5004/5004
f 4995/4995 4988/4988 5005/5005
f 4986/4986 4958/4958 4603/4603
f 4958/4958 4986/4986 4966/4966
f 5006/5006 5000/5000 4915/4915
f 5007/5007 4966/4966 4986/4986
f 4935/4935 5008/5008 4792/4792
f 4935/4935 4792/4792 4793/4793
f 5009/5009 5005/5005 4988/4988
f 5001/5001 5000/5000 5006/5006
f 4953/4953 4995/4995 5010/5010
f 4670/4670 4671/4671 4657/4657
f 4777/4777 4815/4815 5011/5011
f 4815/4815 4777/4777 4803/4803
f 5012/5012 5011/5011 4815/4815
f 4999/4999 4980/4980 5013/5013
f 4967/4967 4670/4670 4961/4961
f 5014/5014 4845/4845 4777/4777
f 4981/4981 4980/4980 4999/4999
f 5011/5011 5014/5014 4777/4777
f 5015/5015 4999/4999 5013/5013
f 5016/5016 4671/4671 4670/4670
f 5017/5017 5016/5016 4670/4670
f 5018/5018 4815/4815 4817/4817
f 4817/4817 4815/4815 4813/4813
f 5018/5018 5012/5012 4815/4815
f 4999/4999 5009/5009 4988/4988
f 5018/5018 4817/4817 5019/5019
f 5009/5009 4999/4999 5015/5015
f 4630/4630 4667/4667 5020/5020
f 5021/5021 4817/4817 4816/4816
f 5020/5020 4667/4667 4671/4671
f 4959/4959 5022/5022 4948/4948
f 4495/4495 3895/3895 4488/4488
f 4671/4671 5016/5016 5020/5020
f 5021/5021 4816/4816 4824/4824
f 4817/4817 5021/5021 5019/5019
f 3893/3893 3895/3895 4495/4495
f 3893/3893 4495/4495 5023/5023
f 4630/4630 5020/5020 5024/5024
f 4959/4959 4996/4996 5025/5025
f 4959/4959 5025/5025 5026/5026
f 5023/5023 5027/5027 3893/3893
f 4495/4495 5027/5027 5023/5023
f 5014/5014 5011/5011 4905/4905
f 4967/4967 5017/5017 4670/4670
f 4905/4905 4845/4845 5014/5014
f 4847/4847 4845/4845 4905/4905
f 5025/5025 4996/4996 4990/4990
f 5028/5028 5025/5025 4990/4990
f 5029/5029 5028/5028 4990/4990
f 4967/4967 4966/4966 5007/5007
f 5027/5027 4009/4009 3893/3893
f 5030/5030 5011/5011 5012/5012
f 5031/5031 4967/4967 5007/5007
f 4990/4990 5001/5001 5006/5006
f 4967/4967 5032/5032 5017/5017
f 5006/5006 5029/5029 4990/4990
f 4967/4967 5031/5031 5032/5032
f 5027/5027 4495/4495 5033/5033
f 5034/5034 5017/5017 5032/5032
f 4905/4905 5011/5011 5030/5030
f 5017/5017 5034/5034 5035/5035
f 5033/5033 5036/5036 5027/5027
f 5024/5024 5016/5016 5037/5037
f 4523/4523 4496/4496 4509/4509
f 4523/4523 4495/4495 4496/4496
f 5012/5012 5038/5038 5030/5030
f 5038/5038 5012/5012 5018/5018
f 5024/5024 5020/5020 5016/5016
f 4523/4523 5033/5033 4495/4495
f 5039/5039 5033/5033 4523/4523
f 5040/5040 5024/5024 5037/5037
f 5041/5041 5018/5018 5019/5019
f 5029/5029 5006/5006 5042/5042
f 5035/5035 5040/5040 5037/5037
f 5040/5040 5035/5035 5043/5043
f 5037/5037 5016/5016 5017/5017
f 5036/5036 5033/5033 5039/5039
f 5037/5037 5017/5017 5035/5035
f 5038/5038 5018/5018 5041/5041
f 5029/5029 5042/5042 5044/5044
f 5045/5045 5041/5041 5019/5019
f 5046/5046 5040/5040 5043/5043
f 5047/5047 5019/5019 5021/5021
f 4930/4930 4993/4993 4992/4992
f 5036/5036 4009/4009 5027/5027
f 5048/5048 4991/4991 4993/4993
f 4929/4929 4993/4993 4930/4930
f 5047/5047 5021/5021 4824/4824
f 5049/5049 4993/4993 4929/4929
f 5048/5048 4993/4993 5049/5049
f 4994/4994 4991/4991 5050/5050
f 4012/4012 4009/4009 5036/5036
f 5047/5047 4824/4824 5051/5051
f 5048/5048 5050/5050 4991/4991
f 5049/5049 5052/5052 5048/5048
f 5045/5045 5019/5019 5047/5047
f 5052/5052 5050/5050 5048/5048
f 5053/5053 5050/5050 5052/5052
f 4826/4826 4824/4824 4780/4780
f 4992/4992 5002/5002 4930/4930
f 5054/5054 4396/4396 5055/5055
f 5002/5002 4997/4997 5003/5003
f 5054/5054 5055/5055 5056/5056
f 4931/4931 4930/4930 5002/5002
f 4932/4932 5049/5049 4929/4929
f 4386/4386 4396/4396 5054/5054
f 5002/5002 5003/5003 4939/4939
f 4931/4931 5002/5002 4939/4939
f 5057/5057 4386/4386 5054/5054
f 5031/5031 4986/4986 4994/4994
f 5057/5057 4814/4814 4386/4386
f 5031/5031 5007/5007 4986/4986
f 5058/5058 4523/4523 4589/4589
f 5059/5059 4826/4826 4792/4792
f 5059/5059 4792/4792 5008/5008
f 5060/5060 4826/4826 5059/5059
f 5061/5061 4994/4994 5050/5050
f 5062/5062 5039/5039 4523/4523
f 5061/5061 5050/5050 5053/5053
f 5061/5061 5031/5031 4994/4994
f 5063/5063 5031/5031 5061/5061
f 5051/5051 4824/4824 5064/5064
f 5062/5062 5036/5036 5039/5039
f 5060/5060 5064/5064 4824/4824
f 5060/5060 4824/4824 4826/4826
f 4937/4937 5065/5065 5052/5052
f 4819/4819 5057/5057 4831/4831
f 5066/5066 4831/4831 5057/5057
f 5052/5052 5065/5065 5053/5053
f 4937/4937 5067/5067 5065/5065
f 5036/5036 5062/5062 5068/5068
f 4819/4819 4814/4814 5057/5057
f 5067/5067 4937/4937 5069/5069
f 5068/5068 4012/4012 5036/5036
f 5067/5067 5053/5053 5065/5065
f 5068/5068 4018/4018 4012/4012
f 5070/5070 5053/5053 5067/5067
f 4932/4932 4937/4937 5049/5049
f 5052/5052 5049/5049 4937/4937
f 4937/4937 4941/4941 5069/5069
f 5064/5064 5060/5060 5071/5071
f 5072/5072 5069/5069 4941/4941
f 4437/4437 4397/4397 4423/4423
f 5073/5073 5061/5061 5053/5053
f 5071/5071 5060/5060 5059/5059
f 5073/5073 5063/5063 5061/5061
f 5068/5068 5074/5074 4026/4026
f 5074/5074 5068/5068 5062/5062
f 4424/4424 4426/4426 4437/4437
f 5073/5073 5053/5053 5075/5075
f 5076/5076 5062/5062 4523/4523
f 5053/5053 5070/5070 5075/5075
f 5063/5063 5073/5073 5077/5077
f 5077/5077 5073/5073 5078/5078
f 5075/5075 5078/5078 5073/5073
f 4589/4589 4613/4613 5058/5058
f 5076/5076 4523/4523 5058/5058
f 5079/5079 4437/4437 5080/5080
f 4905/4905 5030/5030 4907/4907
f 5076/5076 5058/5058 4613/4613
f 4907/4907 5030/5030 5038/5038
f 4907/4907 5038/5038 5081/5081
f 5082/5082 5076/5076 4613/4613
f 5041/5041 5081/5081 5038/5038
f 5032/5032 5083/5083 5034/5034
f 4437/4437 5079/5079 5084/5084
f 5079/5079 5085/5085 5084/5084
f 5035/5035 5034/5034 5043/5043
f 5041/5041 4924/4924 5081/5081
f 5045/5045 5086/5086 5041/5041
f 5087/5087 5043/5043 5034/5034
f 5088/5088 5087/5087 5034/5034
f 5087/5087 5046/5046 5043/5043
f 5086/5086 5045/5045 5089/5089
f 4924/4924 5041/5041 5086/5086
f 5090/5090 5046/5046 5087/5087
f 5090/5090 5087/5087 5088/5088
f 4911/4911 4907/4907 5081/5081
f 5082/5082 4613/4613 4810/4810
f 5088/5088 5034/5034 5083/5083
f 4396/4396 4397/4397 5055/5055
f 5062/5062 5076/5076 5074/5074
f 5082/5082 5074/5074 5076/5076
f 5091/5091 5090/5090 5088/5088
f 4437/4437 5084/5084 4397/4397
f 5055/5055 4397/4397 5084/5084
f 5055/5055 5084/5084 5056/5056
f 5083/5083 5092/5092 5088/5088
f 5093/5093 5088/5088 5092/5092
f 5093/5093 5091/5091 5088/5088
f 5047/5047 5051/5051 5089/5089
f 5094/5094 5089/5089 5051/5051
f 5095/5095 5093/5093 5092/5092
f 5047/5047 5089/5089 5045/5045
f 5096/5096 5086/5086 5089/5089
f 5074/5074 5082/5082 5097/5097
f 5095/5095 5098/5098 5093/5093
f 5099/5099 5032/5032 5031/5031
f 5063/5063 5099/5099 5031/5031
f 5083/5083 5032/5032 5099/5099
f 4911/4911 5081/5081 4924/4924
f 4926/4926 4924/4924 5086/5086
f 4648/4648 4639/4639 4636/4636
f 5100/5100 5099/5099 5063/5063
f 5084/5084 5066/5066 5056/5056
f 5100/5100 5083/5083 5099/5099
f 5085/5085 5066/5066 5084/5084
f 5077/5077 5100/5100 5063/5063
f 4926/4926 5086/5086 5096/5096
f 5066/5066 5054/5054 5056/5056
f 4648/4648 4646/4646 5101/5101
f 4644/4644 4926/4926 5096/5096
f 4648/4648 5101/5101 5102/5102
f 4644/4644 5096/5096 4645/4645
f 5092/5092 5083/5083 5100/5100
f 5095/5095 5092/5092 5100/5100
f 5066/5066 5057/5057 5054/5054
f 5103/5103 5095/5095 5100/5100
f 5104/5104 4639/4639 4648/4648
f 4655/4655 5089/5089 5094/5094
f 4655/4655 5094/5094 5105/5105
f 4653/4653 4655/4655 5105/5105
f 4645/4645 5096/5096 5089/5089
f 5104/5104 4648/4648 5106/5106
f 5089/5089 4655/4655 4645/4645
f 4978/4978 4753/4753 4984/4984
f 5102/5102 5106/5106 4648/4648
f 4661/4661 4926/4926 4644/4644
f 5085/5085 5107/5107 5066/5066
f 5094/5094 5051/5051 5108/5108
f 4978/4978 4640/4640 4753/4753
f 5108/5108 5051/5051 5064/5064
f 5108/5108 5064/5064 5109/5109
f 5109/5109 5064/5064 5071/5071
f 5110/5110 5107/5107 5085/5085
f 5111/5111 5108/5108 5109/5109
f 5102/5102 5112/5112 5106/5106
f 4753/4753 4754/4754 5113/5113
f 5114/5114 4833/4833 4831/4831
f 5115/5115 5108/5108 5111/5111
f 5116/5116 4984/4984 4753/4753
f 5117/5117 5112/5112 5102/5102
f 5116/5116 4753/4753 5113/5113
f 5114/5114 5066/5066 5118/5118
f 4998/4998 4982/4982 4984/4984
f 5059/5059 5119/5119 5071/5071
f 4998/4998 4984/4984 5004/5004
f 4026/4026 4018/4018 5068/5068
f 5119/5119 5109/5109 5071/5071
f 5066/5066 5114/5114 4831/4831
f 4984/4984 5120/5120 5004/5004
f 4997/4997 4998/4998 5004/5004
f 4833/4833 5114/5114 5121/5121
f 5122/5122 5004/5004 5120/5120
f 5123/5123 5109/5109 5119/5119
f 5121/5121 5114/5114 5118/5118
f 5094/5094 5108/5108 5105/5105
f 5115/5115 5105/5105 5108/5108
f 4984/4984 5116/5116 5120/5120
f 5111/5111 5105/5105 5115/5115
f 5120/5120 5116/5116 5124/5124
f 5125/5125 5120/5120 5124/5124
f 5126/5126 5120/5120 5125/5125
f 5122/5122 5120/5120 5126/5126
f 5107/5107 5118/5118 5066/5066
f 5074/5074 5097/5097 4026/4026
f 4696/4696 5111/5111 5109/5109
f 4029/4029 4025/4025 4026/4026
f 5105/5105 5111/5111 4696/4696
f 4653/4653 5105/5105 4696/4696
f 4026/4026 5097/5097 4029/4029
f 5127/5127 5113/5113 4754/4754
f 5128/5128 5097/5097 5082/5082
f 5129/5129 5118/5118 5107/5107
f 4762/4762 5127/5127 4754/4754
f 5123/5123 5119/5119 5130/5130
f 4696/4696 5109/5109 5123/5123
f 4833/4833 5121/5121 4849/4849
f 5113/5113 5127/5127 5131/5131
f 5132/5132 5113/5113 5131/5131
f 4696/4696 5123/5123 4710/4710
f 5133/5133 4762/4762 5134/5134
f 4710/4710 5123/5123 4717/4717
f 4793/4793 4797/4797 4935/4935
f 5135/5135 5008/5008 4935/4935
f 5127/5127 4762/4762 5133/5133
f 5136/5136 4935/4935 4933/4933
f 5127/5127 5133/5133 5137/5137
f 5134/5134 5137/5137 5133/5133
f 5138/5138 5118/5118 5129/5129
f 5137/5137 5134/5134 5139/5139
f 5059/5059 5008/5008 5135/5135
f 5126/5126 5125/5125 5124/5124
f 5138/5138 5129/5129 5140/5140
f 5136/5136 5135/5135 4935/4935
f 5124/5124 5116/5116 5113/5113
f 5124/5124 5113/5113 5141/5141
f 4771/4771 5142/5142 4768/4768
f 5141/5141 5113/5113 5132/5132
f 5138/5138 5121/5121 5118/5118
f 4849/4849 5121/5121 5138/5138
f 4778/4778 5142/5142 4771/4771
f 4778/4778 4771/4771 4772/4772
f 5136/5136 4933/4933 5143/5143
f 5143/5143 4933/4933 4949/4949
f 5141/5141 5132/5132 5131/5131
f 4794/4794 4778/4778 4776/4776
f 4949/4949 4946/4946 5143/5143
f 5144/5144 5124/5124 5141/5141
f 4946/4946 4945/4945 4947/4947
f 5141/5141 5131/5131 5144/5144
f 5143/5143 4946/4946 5145/5145
f 5145/5145 4946/4946 4947/4947
f 5145/5145 4947/4947 5146/5146
f 5147/5147 5142/5142 4778/4778
f 5144/5144 5131/5131 5148/5148
f 5137/5137 5131/5131 5127/5127
f 5140/5140 4849/4849 5138/5138
f 5149/5149 5131/5131 5137/5137
f 5131/5131 5149/5149 5150/5150
f 5136/5136 5143/5143 5145/5145
f 5151/5151 5149/5149 5152/5152
f 4646/4646 4768/4768 5101/5101
f 5149/5149 5137/5137 5152/5152
f 5136/5136 5145/5145 5153/5153
f 4510/4510 4500/4500 4511/4511
f 5154/5154 4510/4510 4511/4511
f 5101/5101 4768/4768 5142/5142
f 5148/5148 5131/5131 5150/5150
f 4549/4549 4547/4547 4765/4765
f 5149/5149 5155/5155 5150/5150
f 4549/4549 4765/4765 5156/5156
f 4863/4863 5134/5134 4762/4762
f 4549/4549 5156/5156 4553/4553
f 5157/5157 5135/5135 5136/5136
f 5158/5158 5004/5004 5122/5122
f 5003/5003 5004/5004 5158/5158
f 5159/5159 5156/5156 5160/5160
f 5158/5158 5122/5122 5161/5161
f 5160/5160 5156/5156 4765/4765
f 5157/5157 5136/5136 5153/5153
f 5157/5157 5153/5153 5162/5162
f 5156/5156 5159/5159 4553/4553
f 5163/5163 5142/5142 5147/5147
f 4561/4561 4553/4553 5159/5159
f 4951/4951 4939/4939 5003/5003
f 5101/5101 5142/5142 5163/5163
f 5161/5161 4954/4954 5158/5158
f 4951/4951 5003/5003 5158/5158
f 5160/5160 5164/5164 5159/5159
f 5165/5165 5147/5147 4778/4778
f 5146/5146 4947/4947 5166/5166
f 5166/5166 4947/4947 4977/4977
f 5167/5167 5159/5159 5164/5164
f 5168/5168 4977/4977 4983/4983
f 5169/5169 5101/5101 5163/5163
f 5168/5168 5166/5166 4977/4977
f 5161/5161 5122/5122 5126/5126
f 5170/5170 5166/5166 5168/5168
f 5171/5171 5170/5170 5168/5168
f 5161/5161 5126/5126 5172/5172
f 5171/5171 5168/5168 5173/5173
f 4769/4769 5160/5160 4765/4765
f 5146/5146 5166/5166 5174/5174
f 5153/5153 5145/5145 5146/5146
f 5153/5153 5146/5146 5174/5174
f 5160/5160 5175/5175 5164/5164
f 5174/5174 5166/5166 5170/5170
f 5102/5102 5101/5101 5169/5169
f 5117/5117 5102/5102 5169/5169
f 5175/5175 4769/4769 4796/4796
f 4983/4983 4979/4979 5176/5176
f 4951/4951 5158/5158 4954/4954
f 5175/5175 5160/5160 4769/4769
f 5176/5176 5168/5168 4983/4983
f 5177/5177 5117/5117 5169/5169
f 5176/5176 4979/4979 5178/5178
f 5163/5163 5179/5179 5169/5169
f 5180/5180 5164/5164 5175/5175
f 5181/5181 5168/5168 5176/5176
f 5147/5147 5182/5182 5163/5163
f 5181/5181 5173/5173 5168/5168
f 5161/5161 5172/5172 5183/5183
f 5176/5176 5184/5184 5181/5181
f 5184/5184 5176/5176 5178/5178
f 4954/4954 5161/5161 5183/5183
f 4955/4955 4954/4954 5183/5183
f 5185/5185 5153/5153 5174/5174
f 5186/5186 5170/5170 5171/5171
f 5126/5126 5124/5124 5144/5144
f 5185/5185 5174/5174 5170/5170
f 5185/5185 5170/5170 5186/5186
f 5165/5165 5187/5187 5147/5147
f 5147/5147 5187/5187 5182/5182
f 5154/5154 4511/4511 4574/4574
f 5144/5144 5172/5172 5126/5126
f 5188/5188 5185/5185 5186/5186
f 5189/5189 4574/4574 4561/8312
f 5190/5190 4794/4794 4787/4787
f 4794/4794 5190/5190 4778/4778
f 5159/5159 5189/8313 4561/4561
f 5186/5186 5171/5171 5173/5173
f 4790/4790 5190/5190 4787/4787
f 5148/5148 5191/5191 5192/5192
f 5173/5173 5181/5181 5184/5184
f 5173/5173 5184/5184 5193/5193
f 5193/5193 5184/5184 5194/5194
f 5186/5186 5173/5173 5193/5193
f 5195/5195 5186/5186 5193/5193
f 5148/5148 5150/5150 5155/5155
f 5189/8313 5159/5159 5167/5167
f 5165/5165 4778/4778 5190/5190
f 5191/5191 5155/5155 5149/5149
f 5167/5167 5164/5164 5180/5180
f 5148/5148 5155/5155 5191/5191
f 5180/5180 5196/5196 5197/5197
f 5198/5198 5186/5186 5195/5195
f 4574/4574 5199/5199 5154/5154
f 5172/5172 5144/5144 5200/5200
f 5201/5201 5144/5144 5148/5148
f 5202/5202 5157/5157 5162/5162
f 5190/5190 4790/4790 5203/5203
f 5201/5201 5200/5200 5144/5144
f 5172/5172 5200/5200 5204/5204
f 5183/5183 5172/5172 5204/5204
f 5162/5162 5205/5205 5202/5202
f 5206/5206 5202/5202 5205/5205
f 5167/5167 5207/5207 5189/8313
f 5207/5207 5167/5167 5180/5180
f 5208/5208 4806/4806 4715/4715
f 5209/5209 5206/5206 5205/5205
f 4574/4574 5189/5189 5207/8314
f 5162/5162 5153/5153 5185/5185
f 5162/5162 5185/5185 5205/5205
f 5210/5210 5200/5200 5201/5201
f 5204/5204 5200/5200 5210/5210
f 5211/5211 5199/5199 4574/4574
f 4574/4574 5207/8314 5211/5211
f 5207/5207 5180/5180 5197/5197
f 5212/5212 5201/5201 5148/5148
f 5212/5212 5148/5148 5192/5192
f 5213/5213 5203/5203 4806/4806
f 5203/5203 4790/4790 4806/4806
f 5214/5214 5205/5205 5188/5188
f 4798/4798 5175/5175 4796/4796
f 5188/5188 5205/5205 5185/5185
f 4798/4798 5215/5215 5175/5175
f 5198/5198 5188/5188 5186/5186
f 5216/5216 5201/5201 5212/5212
f 5215/5215 4798/4798 4800/4800
f 4942/4942 5217/5217 4941/4941
f 4804/4804 5215/5215 4800/4800
f 5072/5072 4941/4941 5217/5217
f 5196/5196 5180/5180 5175/5175
f 5198/5198 5195/5195 5218/5218
f 5175/5175 5215/5215 5196/5196
f 5217/5217 4943/4943 4938/4938
f 5217/5217 4942/4942 4943/4943
f 5219/5219 5165/5165 5190/5190
f 5220/5220 5217/5217 4950/4950
f 5221/5221 5165/5165 5219/5219
f 5196/5196 5222/5222 5223/5223
f 5224/5224 5225/5225 5226/5226
f 5222/5222 5196/5196 5215/5215
f 5215/5215 5227/5227 5222/5222
f 5217/5217 5220/5220 5224/5224
f 5224/5224 5072/5072 5217/5217
f 5224/5224 5220/5220 5225/5225
f 5198/5198 5228/5228 5229/5229
f 5230/5230 5225/5225 5220/5220
f 5226/5226 5225/5225 5231/5231
f 5231/5231 5225/5225 5230/5230
f 5203/5203 5219/5219 5190/5190
f 5231/5231 5230/5230 5232/5232
f 5233/5233 4804/4804 4811/4811
f 5219/5219 5203/5203 5234/5234
f 5188/5188 5198/5198 5235/5235
f 4875/4875 5188/5188 5235/5235
f 5236/5236 4804/4804 5233/5233
f 5227/5227 5215/5215 4804/4804
f 5237/5237 5238/5238 5231/5231
f 5198/5198 5229/5229 5235/5235
f 5227/5227 4804/4804 5236/5236
f 4938/4938 4950/4950 5217/5217
f 5227/5227 5236/5236 5239/5239
f 4875/4875 5235/5235 4884/4884
f 4884/4884 5235/5235 5229/5229
f 4884/4884 5229/5229 5240/5240
f 4950/4950 4952/4952 5241/5241
f 5221/5221 5187/5187 5165/5165
f 5223/5223 5197/5197 5196/5196
f 5059/5059 5135/5135 5157/5157
f 5242/5242 4950/4950 5241/5241
f 4950/4950 5242/5242 5220/5220
f 5059/5059 5157/5157 5119/5119
f 5169/5169 5179/5179 5243/5243
f 5177/5177 5169/5169 5243/5243
f 5211/5211 5207/8314 5244/5244
f 5242/5242 5241/5241 5245/5245
f 5197/5197 5246/5246 5207/5207
f 5197/5197 5223/5223 5246/5246
f 5244/8315 5207/5207 5246/5246
f 5247/5247 4952/4952 4955/4955
f 4955/4955 5183/5183 5247/5247
f 5163/5163 5182/5182 5179/5179
f 5223/5223 5248/5248 5246/5246
f 4952/4952 5245/5245 5241/5241
f 5119/5119 5157/5157 5249/5249
f 5245/5245 4952/4952 5247/5247
f 5250/5250 5119/5119 5249/5249
f 5130/5130 5119/5119 5250/5250
f 5251/5251 5245/5245 5247/5247
f 5251/5251 5247/5247 5252/5252
f 5253/5253 5223/5223 5222/5222
f 5248/5248 5223/5223 5253/5253
f 5230/5230 5220/5220 5254/5254
f 5232/5232 5230/5230 5254/5254
f 5242/5242 5254/5254 5220/5220
f 5255/5255 5179/5179 5256/5256
f 5250/5250 5249/5249 5257/5257
f 5258/5258 5250/5250 5257/5257
f 5258/5258 5257/5257 5259/5259
f 5232/5232 5254/5254 5260/5260
f 5258/5258 5261/5261 5250/5250
f 5262/5262 5255/5255 5256/5256
f 5157/5157 5257/5257 5249/5249
f 5257/5257 5157/5157 5202/5202
f 5227/5227 5239/5239 5222/5222
f 5202/5202 5259/5259 5257/5257
f 5245/5245 5254/5254 5242/5242
f 5263/5263 5264/5264 5232/5232
f 5260/5260 5263/5263 5232/5232
f 5232/5232 5264/5264 5265/5265
f 5266/5266 5258/5258 5259/5259
f 5182/5182 5187/5187 5256/5256
f 5248/5248 5253/5253 5267/5267
f 5259/5259 5202/5202 5206/5206
f 5263/5263 5260/5260 5268/5268
f 5259/5259 5206/5206 5209/5209
f 5222/5222 5269/5269 5253/5253
f 5270/5270 5209/5209 5205/5205
f 5250/5250 5271/5271 5130/5130
f 5271/5271 5250/5250 5261/5261
f 5182/5182 5256/5256 5179/5179
f 5260/5260 5254/5254 5245/5245
f 5260/5260 5245/5245 5251/5251
f 5261/5261 5258/5258 5266/5266
f 5272/5272 5260/5260 5251/5251
f 5271/5271 5261/5261 5266/5266
f 4426/4426 4510/4510 5080/5080
f 4717/4717 5123/5123 5273/5273
f 5273/5273 5123/5123 5130/5130
f 5273/5273 5130/5130 5271/5271
f 5268/5268 5260/5260 5272/5272
f 5274/5274 5268/5268 5272/5272
f 4717/4717 5273/5273 4821/4821
f 4821/4821 5271/5271 5266/5266
f 5273/5273 5271/5271 4821/4821
f 5256/5256 5187/5187 5275/5275
f 5243/5243 5179/5179 5255/5255
f 5270/5270 5266/5266 5259/5259
f 5251/5251 5252/5252 5276/5276
f 5080/5080 5277/5277 5278/5278
f 4437/4437 4426/4426 5080/5080
f 5270/5270 5259/5259 5209/5209
f 5272/5272 5251/5251 5279/5279
f 5251/5251 5276/5276 5279/5279
f 5080/5080 5278/5278 5079/5079
f 4835/4835 4821/4821 5266/5266
f 5262/5262 5256/5256 5280/5280
f 5277/5277 5080/5080 4510/4510
f 5279/5279 5281/5281 5272/5272
f 5266/5266 5270/5270 5282/5282
f 5275/5275 5280/5280 5256/5256
f 5154/5154 5277/5277 4510/4510
f 5270/5270 5283/5283 5282/5282
f 4839/4839 5282/5282 5283/5283
f 4835/4835 5282/5282 4839/4839
f 4835/4835 5266/5266 5282/5282
f 5281/5281 5279/5279 5284/5284
f 5214/5214 5270/5270 5205/5205
f 4840/4840 5214/5214 5188/5188
f 5283/5283 5270/5270 5214/5214
f 5264/5264 5285/5285 5286/5286
f 5287/5287 5286/5286 5285/5285
f 5283/5283 5214/5214 4840/4840
f 4839/4839 5283/5283 4840/4840
f 5288/5288 5285/5285 5274/5274
f 5289/5289 5265/5265 5264/5264
f 5278/5278 5290/5290 5079/5079
f 5265/5265 5231/5231 5232/5232
f 4840/4840 5188/5188 4875/4875
f 5085/5085 5079/5079 5290/5290
f 5286/5286 5289/5289 5264/5264
f 5110/5110 5085/5085 5290/5290
f 5289/5289 5291/5291 5265/5265
f 5291/5291 5231/5231 5265/5265
f 4873/4873 4840/4840 4875/4875
f 5291/5291 5237/5237 5231/5231
f 5263/5263 5285/5285 5264/5264
f 5274/5274 5263/5263 5268/5268
f 5292/5292 1589/1589 1588/1588
f 1595/1595 5292/5292 1588/1588
f 5287/5287 5289/5289 5286/5286
f 5291/5291 5289/5289 5287/5287
f 5293/5293 5237/5237 5291/5291
f 5221/5221 5219/5219 5294/5294
f 5293/5293 5291/5291 5287/5287
f 5294/5294 5219/5219 5234/5234
f 5274/5274 5285/5285 5263/5263
f 1595/1595 1596/1596 5295/5295
f 5237/5237 5293/5293 5296/5296
f 5278/5278 5110/5110 5290/5290
f 5221/5221 5294/5294 5297/5297
f 5298/5298 1595/1595 5295/5295
f 5299/5299 1595/1595 5298/5298
f 5274/5274 5272/5272 5300/5300
f 5278/5278 5277/5277 5199/5199
f 5301/5301 5299/5299 5298/5298
f 5199/5199 5277/5277 5154/5154
f 5300/5300 5302/5302 5274/5274
f 5303/5303 5297/5297 5294/5294
f 5304/5304 5302/5302 5300/5300
f 5295/5295 1664/1664 1667/1667
f 5305/5305 5287/5287 5285/5285
f 5295/5295 1596/1596 1664/1664
f 5110/5110 5278/5278 5199/5199
f 5305/5305 5285/5285 5306/5306
f 5306/5306 5285/5285 5288/5288
f 5307/5307 5305/5305 5306/5306
f 5308/5308 5306/5306 5288/8317
f 5308/5308 5307/5307 5306/5306
f 5288/5288 5274/5274 5302/5302
f 5302/8318 5308/5308 5288/8317
f 5309/5309 5295/5295 1667/1667
f 5298/5298 5295/5295 5309/5309
f 5287/5287 5305/5305 5293/5293
f 5293/5293 5305/5305 5307/5307
f 5275/5275 5187/5187 5221/5221
f 5296/5296 5293/5293 5310/5310
f 5311/5311 5199/5199 5211/5211
f 5307/5307 5308/5308 5312/5312
f 5313/5313 5312/5312 5308/5308
f 5314/5314 5293/5293 5307/5307
f 5315/5315 5307/5307 5312/5312
f 5314/5314 5316/5316 5293/5293
f 5293/5293 5316/5316 5310/5310
f 1667/1667 1666/1666 5317/5317
f 5316/5316 5318/5318 5310/5310
f 1667/1667 5317/5317 5319/5319
f 5314/5314 5307/5307 5315/5315
f 5316/5316 5314/5314 5315/5315
f 5315/5315 5320/5320 5316/5316
f 5313/5313 5308/5308 5302/8318
f 5107/5107 5110/5110 5321/5321
f 5321/5321 5110/5110 5322/5322
f 5317/5317 1666/1666 5323/5323
f 5302/5302 5304/5304 5324/5324
f 5325/5325 5321/5321 5322/5322
f 5326/5326 5302/8318 5324/8319
f 5199/5199 5311/5311 5110/5110
f 5302/8318 5326/5326 5313/5313
f 5327/5327 5313/5313 5326/5326
f 5297/5297 5328/5328 5221/5221
f 5329/5329 5327/5327 5326/5326
f 5275/5275 5221/5221 5328/5328
f 5319/5319 5309/5309 1667/1667
f 5330/5330 5309/5309 5319/5319
f 5312/5312 5313/5313 5327/5327
f 5327/5327 5315/5315 5312/5312
f 5301/5301 5298/5298 5309/5309
f 5315/5315 5327/5327 5331/5331
f 5332/5332 5309/5309 5330/5330
f 5322/5322 5110/5110 5325/5325
f 5333/5333 5332/5332 5330/5330
f 5315/5315 5331/5331 5334/5334
f 5311/5311 5325/5325 5110/5110
f 5281/5281 5300/5300 5272/5272
f 5335/5335 5319/5319 5317/5317
f 5317/5317 5336/5336 5335/5335
f 5323/5323 5336/5336 5317/5317
f 5337/5337 5275/5275 5328/5328
f 5338/5338 5319/5319 5336/5336
f 5319/5319 5335/5335 5336/5336
f 5330/5330 5319/5319 5338/5338
f 5324/5324 5304/5304 5339/5339
f 5304/5304 5340/5340 5339/5339
f 5325/5325 5341/5341 5321/5321
f 5281/5281 5340/5340 5300/5300
f 5340/5340 5281/5281 5342/5342
f 5304/5304 5300/5300 5340/5340
f 5338/5338 5336/5336 5343/5343
f 5339/5339 5340/5340 5344/5344
f 5344/8321 5345/5345 5339/8320
f 5345/5345 5344/8321 5346/5346
f 1666/1666 1670/1670 5323/5323
f 1684/1684 5323/5323 1670/1670
f 5342/5342 4254/4254 5340/5340
f 5347/5347 5323/5323 1684/1684
f 5342/5342 5281/5281 4254/4254
f 5325/5325 5311/5311 5348/5348
f 1687/1687 5347/5347 1684/1684
f 5340/5340 4254/4254 5344/5344
f 5297/5297 5349/5349 5328/5328
f 5344/5344 4254/4254 4257/4257
f 5348/5348 5341/5341 5325/5325
f 5350/5350 5347/5347 1687/1687
f 5339/8320 5326/5326 5324/8319
f 5348/5348 5351/5351 5352/5352
f 5353/5353 5280/5280 5337/5337
f 5339/8320 5345/5345 5326/5326
f 5326/5326 5345/5345 5329/5329
f 5350/5350 1687/1687 1691/1691
f 5354/5354 1691/1691 5355/5355
f 5356/5356 5354/5354 5355/5355
f 5329/5329 5345/5345 5357/5357
f 5327/5327 5329/5329 5331/5331
f 5070/5070 5067/5067 5358/5358
f 5129/5129 5107/5107 5321/5321
f 5337/5337 5280/5280 5275/5275
f 5067/5067 5069/5069 5072/5072
f 5350/5350 1691/1691 5354/5354
f 5350/5350 5354/5354 5359/5359
f 5129/5129 5321/5321 5341/5341
f 5226/5226 5358/5358 5067/5067
f 5360/5360 5347/5347 5350/5350
f 5224/5224 5067/5067 5072/5072
f 5067/5067 5224/5224 5226/5226
f 5360/5360 5350/5350 5361/5361
f 5347/5347 5336/5336 5323/5323
f 5362/5362 5358/5358 5226/5226
f 5363/5363 5353/5353 5337/5337
f 5336/5336 5347/5347 5343/5343
f 5360/5360 5343/5343 5347/5347
f 5129/5129 5364/5364 5140/5140
f 5364/5364 5129/5129 5341/5341
f 5337/5337 5365/5365 5363/5363
f 5070/5070 5358/5358 5075/5075
f 5075/5075 5358/5358 5366/5366
f 5358/5358 5367/5367 5366/5366
f 5337/5337 5328/5328 5365/5365
f 5368/5368 5078/5078 5075/5075
f 5366/5366 5368/5368 5075/5075
f 5349/5349 5365/5365 5328/5328
f 5244/5244 5311/5311 5211/5211
f 5358/5358 5362/5362 5367/5367
f 5369/5369 5350/5350 5359/5359
f 5246/5246 5248/5248 5244/8315
f 5361/5361 5350/5350 5369/5369
f 5362/5362 5226/5226 5370/5370
f 5238/5238 5226/5226 5231/5231
f 5248/5248 5267/5267 5244/8315
f 5309/5309 5332/5332 5301/5301
f 5371/5371 5349/5349 5372/5372
f 5370/5370 5226/5226 5238/5238
f 5371/5371 5365/5365 5349/5349
f 5373/5373 5333/5333 5330/5330
f 5374/5374 5332/5332 5333/5333
f 5267/8316 5311/5311 5244/5244
f 5375/5375 5370/5370 5238/5238
f 5333/5333 5373/5373 5374/5374
f 5368/5368 5366/5366 5367/5367
f 5353/5353 5363/5363 5376/5376
f 5377/5377 5368/5368 5367/5367
f 5378/5378 5368/5368 5377/5377
f 5379/5379 5267/5267 5253/5253
f 5373/5373 5330/5330 5338/5338
f 5377/5377 5367/5367 5362/5362
f 5377/5377 5362/5362 5370/5370
f 5267/8316 5348/5348 5311/5311
f 5348/5348 5267/8316 5351/5351
f 5380/5380 5377/5377 5370/5370
f 5351/5351 5267/8316 5379/8322
f 5381/5381 5374/5374 5373/5373
f 5382/5382 5363/5363 5383/5383
f 5383/5383 5363/5363 5365/5365
f 4235/4235 5093/5093 5098/5098
f 4236/4236 4235/4235 5098/5098
f 5381/5381 5373/5373 5384/5384
f 5373/5373 5338/5338 5384/5384
f 5385/5385 5077/5077 5078/5078
f 5385/5385 5100/5100 5077/5077
f 4855/4855 4849/4849 4890/4890
f 5140/5140 4890/4890 4849/4849
f 5386/5386 5387/5387 5381/5381
f 5381/5381 5384/5384 5386/5386
f 5385/5385 5103/5103 5100/5100
f 5371/5371 5372/5372 5388/5388
f 4890/4890 5140/5140 5364/5364
f 5389/5389 5387/5387 5386/5386
f 5390/5390 4890/4890 5364/5364
f 5368/5368 5385/5385 5078/5078
f 5343/5343 5391/5391 5338/5338
f 5391/5391 5343/5343 5392/5392
f 5392/5392 5343/5343 5360/5360
f 5393/5393 5360/5360 5361/5361
f 5360/5360 5393/5393 5392/5392
f 5365/5365 5371/5371 5383/5383
f 4890/4890 5390/5390 5394/5394
f 5392/5392 5395/5395 5391/5391
f 5384/5384 5391/5391 5395/5395
f 5391/5391 5384/5384 5338/5338
f 5396/5396 5103/5103 5385/5385
f 5103/5103 5397/5397 5095/5095
f 5396/5396 5397/5397 5103/5103
f 5394/5394 4888/4888 4890/4890
f 5393/5393 5395/5395 5392/5392
f 5397/5397 5098/5098 5095/5095
f 5371/5371 5388/5388 5383/5383
f 5098/5098 5397/5397 4236/4236
f 5398/5398 4888/4888 5394/5394
f 5398/5398 4900/4900 4888/4888
f 4293/4293 4236/4236 5397/5397
f 4976/4976 4948/4948 5022/5022
f 5396/5396 5385/5385 5368/5368
f 5399/5399 5368/5368 5378/5378
f 5361/5361 5369/5369 5400/5400
f 5401/5401 5382/5382 5383/5383
f 5368/5368 5402/5402 5396/5396
f 5396/5396 5402/5402 5403/5403
f 5404/5404 5233/5233 4811/4811
f 5399/5399 5402/5402 5368/5368
f 5405/5405 5361/5361 5400/5400
f 5405/5405 5400/5400 5406/5406
f 4811/4811 4976/4976 5404/5404
f 5407/5407 5403/5403 5402/5402
f 5388/5388 5408/5408 5383/5383
f 5405/5405 5393/5393 5361/5361
f 5401/5401 5383/5383 5408/5408
f 5409/5409 5393/5393 5405/5405
f 5396/5396 5403/5403 5397/5397
f 5395/5395 5393/5393 5409/5409
f 5408/5408 5410/5410 5401/5401
f 4234/4234 5397/5397 5403/5403
f 5404/5404 5236/5236 5233/5233
f 5411/5411 5236/5236 5404/5404
f 4234/4234 4293/4293 5397/5397
f 5239/5239 5236/5236 5411/5411
f 5412/5412 4234/4234 5403/5403
f 5413/5413 5403/5403 5407/5407
f 4234/4234 5412/5412 4299/4299
f 4976/4976 4957/4957 4948/4948
f 5389/5389 5384/5384 5395/5395
f 5386/5386 5384/5384 5389/5389
f 4363/4363 4299/4299 5412/5412
f 5375/5375 5238/5238 5237/5237
f 5414/5414 5395/5395 5409/5409
f 5415/5415 5237/5237 5296/5296
f 5237/5237 5415/5415 5375/5375
f 5416/5416 5410/5410 5408/5408
f 5416/5416 5408/5408 5417/5417
f 5404/5404 4976/4976 5418/5418
f 5411/5411 5404/5404 5418/5418
f 5389/5389 5395/5395 5414/5414
f 4810/4810 4613/4613 4607/4607
f 5418/5418 4976/4976 5419/5419
f 5380/5380 5370/5370 5375/5375
f 5420/5420 5380/5380 5375/5375
f 5420/5420 5375/5375 5415/5415
f 5409/5409 5405/5405 5421/5421
f 4810/4810 4610/4610 4638/4638
f 5422/5422 5419/5419 5423/5423
f 5421/5421 5414/5414 5409/5409
f 5239/5239 5269/5269 5222/5222
f 5414/5414 5421/5421 5424/5424
f 5380/5380 5378/5378 5377/5377
f 5399/5399 5378/5378 5380/5380
f 5425/5425 5399/5399 5380/5380
f 5239/5239 5411/5411 5418/5418
f 4638/4638 5426/5426 4810/4810
f 5427/5427 5380/5380 5428/5428
f 4638/4638 4639/4639 5426/5426
f 5428/5428 5380/5380 5420/5420
f 5379/5379 5253/5253 5269/5269
f 5427/5427 5425/5425 5380/5380
f 5429/5429 5389/5389 5414/5414
f 5426/5426 5430/5430 4810/4810
f 5269/5269 5239/5239 5431/5431
f 5425/5425 5427/5427 5432/5432
f 5433/5433 5415/5415 5296/5296
f 5420/5420 5415/5415 5433/5433
f 5431/5431 5239/5239 5418/5418
f 5432/5432 5427/5427 5428/5428
f 5432/5432 5428/5428 5420/5420
f 5420/5420 5433/5433 5432/5432
f 5418/5418 5419/5419 5422/5422
f 5418/5418 5422/5422 5431/5431
f 4810/4810 5430/5430 5082/5082
f 5431/5431 5422/5422 5434/5434
f 5431/5431 5435/5435 5269/5269
f 5436/5436 5430/5430 5426/5426
f 5437/5437 5432/5432 5433/5433
f 5438/5438 5430/5430 5436/5436
f 5429/5429 5414/5414 5424/5424
f 5426/5426 5439/5439 5436/5436
f 5431/5431 5434/5434 5435/5435
f 5425/5425 5440/5440 5441/5441
f 5425/5425 5432/5432 5440/5440
f 5440/5440 5442/5442 5441/5441
f 5438/5438 5082/5082 5430/5430
f 4976/4976 5022/5022 5419/5419
f 5443/5443 5429/5429 5424/5424
f 5443/5443 5424/5424 5444/5444
f 5022/5022 4959/4959 5026/5026
f 5407/5407 5441/5441 5445/5445
f 5438/5438 5436/5436 5439/5439
f 5446/5446 5026/5026 5025/5025
f 5439/5439 5426/5426 5112/5112
f 5407/5407 5402/5402 5441/5441
f 5447/5447 5444/5444 5448/5448
f 5444/5444 5447/5447 5443/5443
f 5441/5441 5402/5402 5399/5399
f 5399/5399 5425/5425 5441/5441
f 5423/5423 5419/5419 5022/5022
f 4877/4877 1354/1354 1712/1712
f 5445/5445 5413/5413 5407/5407
f 5449/5449 4877/4877 1712/1712
f 5022/5022 5026/5026 5446/5446
f 5423/5423 5022/5022 5446/5446
f 4881/4881 4877/4877 5450/5450
f 4877/4877 5449/5449 5450/5450
f 5412/5412 5403/5403 5413/5413
f 5028/5028 5044/5044 5451/5451
f 4363/4363 5412/5412 5413/5413
f 5452/5452 4363/4363 5413/5413
f 5025/5025 5028/5028 5446/5446
f 5453/5453 5413/5413 5445/5445
f 5450/5450 5449/5449 5454/5454
f 5446/5446 5028/5028 5451/5451
f 5455/5455 5451/5451 5044/5044
f 5413/5413 5453/5453 5452/5452
f 5449/5449 1712/1712 1716/1716
f 5456/5456 4363/4363 5452/5452
f 5044/5044 5028/5028 5029/5029
f 4366/4366 4363/4363 5456/5456
f 5112/5112 4639/4639 5104/5104
f 5457/5457 5449/5449 1716/1716
f 5426/5426 4639/4639 5112/5112
f 5457/5457 1716/1716 1719/1719
f 5445/5445 5441/5441 5458/5458
f 5458/5458 5453/5453 5445/5445
f 5446/5446 5451/5451 5455/5455
f 5454/5454 5449/5449 5457/5457
f 5104/5104 5106/5106 5112/5112
f 5453/5453 5458/5458 5459/5459
f 5460/5460 5457/5457 1719/1719
f 5441/5441 5442/5442 5461/5461
f 5441/5441 5461/5461 5458/5458
f 5461/5461 5459/5459 5458/5458
f 4880/4880 4881/4881 4901/4901
f 5456/5456 5452/5452 5453/5453
f 5112/5112 5462/5462 5463/5463
f 4901/4901 4881/4881 5450/5450
f 4366/4366 5456/5456 4371/4371
f 5464/5464 4371/4371 5456/5456
f 5422/5422 5423/5423 5465/5465
f 5423/5423 5446/5446 5465/5465
f 5466/5466 4898/4898 4901/4901
f 5467/5467 4371/4371 5464/5464
f 5456/5456 5453/5453 5459/5459
f 5466/5466 4901/4901 5450/5450
f 5466/5466 5450/5450 5468/5468
f 5422/5422 5465/5465 5434/5434
f 5462/5462 5112/5112 5117/5117
f 5459/5459 5464/5464 5456/5456
f 5434/5434 5465/5465 5469/5469
f 5469/5469 5470/5470 5434/5434
f 5471/5471 5434/5434 5470/5470
f 5454/5454 5457/5457 5472/5472
f 5247/5247 5183/5183 5204/5204
f 5472/5472 5457/5457 5460/5460
f 5468/5468 5450/5450 5454/5454
f 5455/5455 5469/5469 5446/5446
f 5465/5465 5446/5446 5469/5469
f 5128/5128 4029/4029 5097/5097
f 5473/5473 5455/5455 5474/5474
f 5469/5469 5455/5455 5473/5473
f 5252/5252 5204/5204 5210/5210
f 5082/5082 5475/5475 5128/5128
f 5468/5468 5454/5454 5472/5472
f 5252/5252 5247/5247 5204/5204
f 5475/5475 5082/5082 5438/5438
f 5476/5476 5475/5475 5438/5438
f 5469/5469 5473/5473 5470/5470
f 5276/5276 5252/5252 5210/5210
f 5477/5477 5210/5210 5201/5201
f 5478/5478 1719/1719 5292/5292
f 5460/5460 1719/1719 5478/5478
f 5477/5477 5479/5479 5210/5210
f 1589/1589 5292/5292 1719/1719
f 5480/5480 5128/5128 5475/5475
f 5477/5477 5201/5201 5216/5216
f 5477/5477 5216/5216 5479/5479
f 5210/5210 5479/5479 5276/5276
f 5439/5439 5481/5481 5438/5438
f 5276/5276 5479/5479 5284/5284
f 5478/5478 5292/5292 1595/1595
f 5476/5476 5438/5438 5481/5481
f 5478/5478 1595/1595 5299/5299
f 5482/5482 5284/5284 5479/5479
f 5482/5482 5479/5479 5483/5483
f 5279/5279 5276/5276 5284/5284
f 5352/5352 5484/5484 5348/5348
f 5485/5485 5460/5460 5478/5478
f 5284/5284 5482/5482 5486/5486
f 5439/5439 5463/5463 5487/5487
f 5488/5488 5484/5484 5352/5352
f 5481/5481 5439/5439 5487/5487
f 5281/5281 5284/5284 5486/5486
f 5489/5489 5472/5472 5460/5460
f 5490/5490 5491/5491 5488/5488
f 5492/5492 5493/5493 5472/5472
f 5492/5492 5472/5472 5489/5489
f 5489/5489 5460/5460 5485/5485
f 4029/4029 5128/5128 5494/5494
f 5310/5310 5318/5318 5296/5296
f 5318/5318 5433/5433 5296/5296
f 5495/5495 5318/5318 5316/5316
f 5494/5494 4034/4034 4029/4029
f 5485/5485 5478/5478 5299/5299
f 5496/5496 5497/5497 5491/8324
f 4034/4034 5494/5494 4080/4080
f 5318/5318 5498/5498 5433/5433
f 5499/5499 5485/5485 5301/5301
f 5489/5489 5485/5485 5499/5499
f 5485/5485 5299/5299 5301/5301
f 5334/5334 5320/5320 5315/5315
f 4960/4960 4898/4898 5466/5466
f 5494/5494 5128/5128 5480/5480
f 5334/5334 5331/5331 5500/5500
f 5501/5501 5320/5320 5334/5334
f 5466/5466 5468/5468 5502/5502
f 5500/5500 5501/5501 5334/5334
f 5348/5348 5364/5364 5341/5341
f 4254/4254 5281/5281 5486/5486
f 5390/5390 5364/5364 5503/5503
f 5468/5468 5472/5472 5493/5493
f 5346/5346 5344/8321 4257/8301
f 5502/5502 5468/5468 5493/5493
f 4257/8301 4267/4267 5346/5346
f 5480/5480 5475/5475 5476/5476
f 5480/5480 5476/5476 5504/5504
f 5504/5504 5476/5476 5481/5481
f 5357/5357 5331/5331 5329/5329
f 5487/5487 5504/5504 5481/5481
f 5505/5505 5331/5331 5357/5357
f 5364/5364 5348/5348 5484/5484
f 5506/5506 5494/5494 5480/5480
f 5506/5506 5480/5480 5504/5504
f 5500/5500 5331/5331 5505/5505
f 5500/5500 5505/5505 5507/5507
f 5503/5503 5364/5364 5484/5484
f 5357/5357 5345/5345 5346/5346
f 5508/5508 5357/5357 5346/5346
f 5346/5346 4267/4267 5508/5508
f 4965/4965 4960/4960 5466/5466
f 5509/5509 5357/5357 5508/5508
f 5506/5506 5504/5504 5510/5510
f 5509/5509 5505/5505 5357/5357
f 4987/4987 4965/4965 5511/5511
f 5394/5394 5390/5390 5398/5398
f 5512/5512 5504/5504 5487/5487
f 5513/5513 5511/5511 4965/4965
f 4274/4274 5508/5508 4267/4267
f 5509/5509 5508/5508 4274/4274
f 5513/5513 5514/5514 5511/5511
f 4965/4965 5466/5466 5513/5513
f 5513/5513 5466/5466 5502/5502
f 5390/5390 5503/5503 5398/5398
f 5503/5503 5515/5515 5398/5398
f 5510/5510 5504/5504 5512/5512
f 5505/5505 5516/5516 5507/5507
f 4980/4980 4900/4900 5398/5398
f 5510/5510 5512/5512 5517/5517
f 5518/5518 5500/5500 5507/5507
f 5513/5513 5502/5502 5519/5519
f 5502/5502 5493/5493 5519/5519
f 5518/5518 5507/5507 5516/5516
f 5520/5520 5505/5505 5509/5509
f 4328/4328 5509/5509 4274/4274
f 5484/5484 5515/5515 5503/5503
f 4328/4328 5520/5520 5509/5509
f 5488/5488 5521/5521 5484/5484
f 5499/5499 5492/5492 5489/5489
f 5488/5488 5491/5491 5521/5521
f 4328/4328 5516/5516 5520/5520
f 5516/5516 5505/5505 5520/5520
f 5463/5463 5462/5462 5522/5522
f 5439/5439 5112/5112 5463/5463
f 5493/5493 5492/5492 5523/5523
f 5521/5521 5491/5491 5497/8325
f 5521/5521 5497/8325 5515/5515
f 5523/5523 5492/5492 5524/5524
f 5515/5515 5484/5484 5521/5521
f 5518/5518 5516/5516 5525/5525
f 5492/5492 5499/5499 5524/5524
f 5524/5524 5499/5499 5526/5526
f 5522/5522 5487/5487 5463/5463
f 5526/5526 5499/5499 5301/5301
f 5516/5516 4328/4328 4376/4376
f 4328/4328 4332/4332 4376/4376
f 5527/5527 5516/5516 4376/4376
f 5269/5269 5491/8324 5490/8323
f 5490/8323 5379/5379 5269/5269
f 5528/5528 5525/5525 5527/5527
f 5527/5527 5525/5525 5516/5516
f 5526/5526 5301/5301 5332/5332
f 5529/5529 5526/5526 5332/5332
f 5177/5177 5462/5462 5117/5117
f 5524/5524 5526/5526 5529/5529
f 5351/5351 5379/8322 5352/5352
f 4375/4375 5527/5527 4376/4376
f 5352/5352 5379/8322 5490/5490
f 4375/4375 5528/5528 5527/5527
f 5490/5490 5488/5488 5352/5352
f 5269/5269 5496/5496 5491/8324
f 5496/5496 5269/5269 5435/5435
f 5462/5462 5177/5177 5243/5243
f 4375/4375 5530/5530 5528/5528
f 5519/5519 5493/5493 5523/5523
f 5530/5530 4375/4375 4337/4337
f 5525/5525 5528/5528 4334/4334
f 5531/5531 5435/5435 5434/5434
f 4334/4334 5528/5528 5530/5530
f 5531/5531 5496/5496 5435/5435
f 4334/4334 5530/5530 4337/4337
f 5531/5531 5434/5434 5471/5471
f 5134/5134 4863/4863 5532/5532
f 5519/5519 5523/5523 5533/5533
f 5139/5139 5134/5134 5532/5532
f 5531/5531 5471/5471 5534/5534
f 5152/5152 5137/5137 5139/5139
f 5497/5497 5496/5496 5531/5531
f 5522/5522 5512/5512 5487/5487
f 5152/5152 5139/5139 5535/5535
f 5536/5536 5529/5529 5537/5537
f 5536/5536 5524/5524 5529/5529
f 5534/5534 5538/5538 5531/5531
f 5538/5538 5497/5497 5531/5531
f 5536/5536 5523/5523 5524/5524
f 5533/5533 5523/5523 5536/5536
f 5152/5152 5535/5535 5539/5539
f 5470/5470 5540/5540 5471/5471
f 5151/5151 5539/5539 5541/5541
f 5471/5471 5540/5540 5534/5534
f 5152/5152 5539/5539 5151/5151
f 5542/5542 5462/5462 5243/5243
f 5543/5543 5539/5539 5544/5544
f 5470/5470 5473/5473 5540/5540
f 5541/5541 5539/5539 5543/5543
f 5544/5544 5535/5535 5545/5545
f 5539/5539 5535/5535 5544/5544
f 5529/5529 5332/5332 5537/5537
f 5537/5537 5332/5332 5374/5374
f 5540/5540 5546/5546 5534/5534
f 5547/5547 5543/5543 5544/5544
f 5537/5537 5374/5374 5381/5381
f 5548/5548 5544/5544 5545/5545
f 5549/5549 5534/5534 5546/5546
f 5547/5547 5544/5544 5548/5548
f 5542/5542 5522/5522 5462/5462
f 5545/5545 5550/5550 5551/5551
f 5522/5522 5542/5542 5552/5552
f 5532/5532 4863/4863 4868/4868
f 5398/5398 5515/5515 5013/5013
f 5387/5387 5537/5537 5381/5381
f 5139/5139 5532/5532 4868/4868
f 5535/5535 5139/5139 4868/4868
f 4980/4980 5398/5398 5013/5013
f 4874/4874 5553/5553 4867/4867
f 5553/5553 4868/4868 4867/4867
f 5554/5554 5511/5511 5514/5514
f 5255/5255 5542/5542 5243/5243
f 5555/5555 5511/5511 5554/5554
f 4891/4891 4874/4874 4859/4859
f 5514/5514 5513/5513 5556/5556
f 5542/5542 5255/5255 5557/5557
f 5558/5558 5514/5514 5556/5556
f 5535/5535 4868/4868 5553/5553
f 5554/5554 5514/5514 5558/5558
f 5545/5545 5553/5553 5550/5550
f 5545/5545 5535/5535 5553/5553
f 5557/5557 5255/5255 5262/5262
f 5497/8325 5559/5559 5515/5515
f 5262/5262 5560/5560 5557/5557
f 5556/5556 5513/5513 5519/5519
f 4874/4874 5550/5550 5553/5553
f 5262/5262 5280/5280 5560/5560
f 5561/5561 5497/5497 5538/5538
f 5562/5562 5556/5556 5519/5519
f 4108/4108 4080/4080 5494/5494
f 5555/5555 5554/5554 5558/5558
f 5559/5559 5497/8325 5561/8326
f 5558/5558 5563/5563 5555/5555
f 5563/5563 5558/5558 5564/5564
f 5494/5494 5506/5506 5565/5565
f 5558/5558 5556/5556 5564/5564
f 5565/5565 4108/4108 5494/5494
f 5566/5566 5563/5563 5564/5564
f 5567/5567 4891/4891 4894/4894
f 5566/5566 5564/5564 5568/5568
f 5559/5559 5013/5013 5515/5515
f 5568/5568 5564/5564 5569/5569
f 5013/5013 5559/5559 5561/8326
f 5178/5178 4979/4979 4987/4987
f 4894/4894 5570/5570 5567/5567
f 5561/8326 5571/5571 5013/5013
f 5570/5570 4894/4894 4896/4896
f 5550/5550 4874/4874 5567/5567
f 5567/5567 4874/4874 4891/4891
f 5178/5178 4987/4987 5572/5572
f 5511/5511 5572/5572 4987/4987
f 5573/5573 5567/5567 5570/5570
f 5565/5565 5506/5506 5574/5574
f 5572/5572 5575/5575 5178/5178
f 5194/5194 5178/5178 5575/5575
f 5194/5194 5184/5184 5178/5178
f 5576/5576 4896/4896 4897/4897
f 5572/5572 5511/5511 5575/5575
f 4109/4109 4108/4108 5565/5565
f 5575/5575 5511/5511 5555/5555
f 4896/4896 5576/5576 5577/5577
f 5574/5574 5578/5578 5565/5565
f 5578/5578 4109/4109 5565/5565
f 5549/5549 5538/5538 5534/5534
f 5579/5579 5576/5576 4897/4897
f 5575/5575 5555/5555 5563/5563
f 5579/5579 4897/4897 4902/4902
f 5549/5549 5561/5561 5538/5538
f 5577/5577 5570/5570 4896/4896
f 5510/5510 5574/5574 5506/5506
f 5580/5580 5193/5193 5194/5194
f 5577/5577 5576/5576 5579/5579
f 5571/8327 5561/5561 5549/5549
f 5581/5581 5579/5579 4902/4902
f 5575/5575 5582/5582 5194/5194
f 5580/5580 5194/5194 5582/5582
f 5583/5583 5582/5582 5575/5575
f 5583/5583 5575/5575 5563/5563
f 5013/5013 5571/5571 5015/5015
f 5578/5578 5574/5574 5584/5584
f 5195/5195 5193/5193 5580/5580
f 5585/5585 5550/5550 5567/5567
f 5586/5586 5580/5580 5582/5582
f 5218/5218 5195/5195 5580/5580
f 5587/5587 5574/5574 5510/5510
f 5584/5584 5574/5574 5587/5587
f 5588/5588 5571/8327 5549/5549
f 5588/8328 5015/5015 5571/5571
f 5218/5218 5580/5580 5586/5586
f 5567/5567 5573/5573 5585/5585
f 5570/5570 5585/5585 5573/5573
f 5583/5583 5589/5589 5582/5582
f 5585/5585 5570/5570 5590/5590
f 5586/5586 5582/5582 5589/5589
f 5551/5551 5550/5550 5585/5585
f 5583/5583 5563/5563 5566/5566
f 5585/5585 5590/5590 5551/5551
f 5591/5591 5583/5583 5566/5566
f 5591/5591 5566/5566 5568/5568
f 4488/4488 3895/3895 3883/3883
f 5592/5592 5583/5583 5591/5591
f 5593/5593 5591/5591 5594/5594
f 5592/5592 5591/5591 5593/5593
f 5595/5595 5592/5592 5593/5593
f 4885/4885 4884/4884 4889/4889
f 4889/4889 4884/4884 5596/5596
f 5595/5595 5583/5583 5592/5592
f 5594/5594 5591/5591 5568/5568
f 5597/5597 5577/5577 5579/5579
f 5568/5568 5598/5598 5594/5594
f 5599/5599 5597/5597 5579/5579
f 4889/4889 5596/5596 5600/5600
f 5597/5597 5570/5570 5577/5577
f 5598/5598 5568/5568 5569/5569
f 5593/5593 5594/5594 5598/5598
f 5562/5562 5519/5519 5601/5601
f 5590/5590 5570/5570 5597/5597
f 5601/5601 5519/5519 5533/5533
f 5602/5602 5590/5590 5597/5597
f 5602/5602 5603/5603 5590/5590
f 5602/5602 5597/5597 5599/5599
f 5587/5587 5510/5510 5517/5517
f 5601/5601 5533/5533 5604/5604
f 5191/5191 5149/5149 5605/5605
f 5149/5149 5151/5151 5605/5605
f 5562/5562 5564/5564 5556/5556
f 5562/5562 5606/5606 5564/5564
f 5584/5584 4109/4109 5578/5578
f 5562/5562 5601/5601 5607/5607
f 5541/5541 5605/5605 5151/5151
f 5607/5607 5606/5606 5562/5562
f 4115/4115 4109/4109 5584/5584
f 5608/5608 5601/5601 5604/5604
f 5609/5609 5541/5541 5543/5543
f 5607/5607 5601/5601 5608/5608
f 5605/5605 5610/5610 5191/5191
f 5611/5611 4889/4889 5600/5600
f 4115/4115 5584/5584 5587/5587
f 5192/5192 5191/5191 5610/5610
f 5610/5610 5605/5605 5541/5541
f 5600/5600 5612/5612 5611/5611
f 5541/5541 5613/5613 5610/5610
f 5614/5614 5587/5587 5615/5615
f 5616/5616 5611/5611 5612/5612
f 5609/5609 5543/5543 5547/5547
f 5548/5548 5609/5609 5547/5547
f 5604/5604 5533/5533 5536/5536
f 5541/5541 5609/5609 5613/5613
f 5604/5604 5536/5536 5617/5617
f 5617/5617 5536/5536 5618/5618
f 5619/5619 5620/5620 5517/5517
f 5621/5621 5613/5613 5609/5609
f 5569/5569 5564/5564 5606/5606
f 5569/5569 5606/5606 5622/5622
f 5622/5622 5606/5606 5607/5607
f 5615/5615 5587/5587 5517/5517
f 5623/5623 5622/5622 5607/5607
f 5621/5621 5609/5609 5548/5548
f 5620/5620 5615/5615 5517/5517
f 5624/5624 5607/5607 5608/5608
f 5623/5623 5607/5607 5624/5624
f 5212/5212 5192/5192 5610/5610
f 5623/5623 5624/5624 5622/5622
f 5625/5625 5212/5212 5610/5610
f 5569/5569 5622/5622 5626/5626
f 5624/5624 5626/5626 5622/5622
f 5216/5216 5212/5212 5625/5625
f 5626/5626 5624/5624 5627/5627
f 5628/5628 5615/5615 5620/5620
f 5626/5626 5627/5627 5629/5629
f 5630/5630 5608/5608 5604/5604
f 5624/5624 5608/5608 5630/5630
f 5624/5624 5630/5630 5631/5631
f 5630/5630 5604/5604 5617/5617
f 5620/5620 5619/5619 5632/5632
f 5631/5631 5630/5630 5617/5617
f 5512/5512 5522/5522 5633/5633
f 5631/5631 5617/5617 5634/5634
f 5635/5635 4915/4915 5611/5611
f 5610/5610 5613/5613 5625/5625
f 5611/5611 4915/4915 4889/4889
f 5621/5621 5625/5625 5613/5613
f 5631/5631 5627/5627 5624/5624
f 5629/5629 5627/5627 5631/5631
f 5633/5633 5522/5522 5552/5552
f 5634/5634 5636/5636 5631/5631
f 5629/5629 5631/5631 5636/5636
f 5625/5625 5621/5621 5637/5637
f 5638/5638 5635/5635 5611/5611
f 5639/5639 5629/5629 5636/5636
f 5640/5640 5625/5625 5637/5637
f 5639/5639 5636/5636 5641/5641
f 5642/5642 5633/5633 5552/5552
f 5640/5640 5637/5637 5643/5643
f 5644/5644 5569/5569 5626/5626
f 5616/5616 5645/5645 5646/5646
f 5647/5647 5218/5218 5586/5586
f 5545/5545 5551/5551 5648/5648
f 5649/5649 5589/5589 5583/5583
f 5595/5595 5649/5649 5583/5583
f 5650/5650 5586/5586 5589/5589
f 5589/5589 5649/5649 5650/5650
f 5551/5551 5651/5651 5652/5652
f 5647/5647 5586/5586 5650/5650
f 5621/5621 5548/5548 5648/5648
f 5548/5548 5545/5545 5648/5648
f 5649/5649 5653/5653 5650/5650
f 5654/5654 5621/5621 5648/5648
f 5653/5653 5649/5649 5655/5655
f 5648/5648 5551/5551 5652/5652
f 5647/5647 5228/5228 5218/5218
f 5228/5228 5198/5198 5218/5218
f 5654/5654 5648/5648 5652/5652
f 5228/5228 5647/5647 5656/5656
f 5656/5656 5647/5647 5650/5650
f 5657/5657 5552/5552 5542/5542
f 5658/5658 5616/5616 5646/5646
f 5659/5659 5603/5603 5602/5602
f 5652/5652 5603/5603 5659/5659
f 5637/5637 5621/5621 5654/5654
f 5658/5658 5646/5646 5660/5660
f 5595/5595 5593/5593 5661/5661
f 5662/5662 5642/5642 5657/5657
f 5595/5595 5655/5655 5649/5649
f 5654/5654 5663/5663 5637/5637
f 5643/5643 5637/5637 5663/5663
f 5642/5642 5552/5552 5657/5657
f 5655/5655 5595/5595 5661/5661
f 5663/5663 5654/5654 5664/5664
f 5661/5661 5665/5665 5655/5655
f 5660/5660 5646/5646 5666/5666
f 5664/5664 5654/5654 5652/5652
f 5656/5656 5667/5667 5228/5228
f 5240/5240 5229/5229 5228/5228
f 5240/5240 5228/5228 5667/5667
f 5664/5664 5652/5652 5659/5659
f 5653/5653 5656/5656 5650/5650
f 5664/5664 5659/5659 5668/5668
f 5656/5656 5669/5669 5667/5667
f 5655/5655 5600/5600 5653/5653
f 5656/5656 5653/5653 5600/5600
f 5633/5633 5517/5517 5512/5512
f 4185/4185 5663/5663 5664/5664
f 5240/5240 5667/5667 5669/5669
f 5670/5670 5671/5671 5666/5666
f 5669/5669 5596/5596 5240/5240
f 5660/5660 5666/5666 5671/5671
f 5664/5664 4443/4443 4185/4185
f 5669/5669 5656/5656 5600/5600
f 5669/5669 5600/5600 5596/5596
f 5551/5551 5590/5590 5651/5651
f 5651/5651 5590/5590 5603/5603
f 5658/5658 5638/5638 5616/5616
f 5638/5638 5611/5611 5616/5616
f 5651/5651 5603/5603 5652/5652
f 5612/5612 5655/5655 5665/5665
f 5658/5658 5660/5660 5672/5672
f 5673/5673 5602/5602 5599/5599
f 5633/5633 5619/5619 5517/5517
f 5581/5581 4902/4902 5674/5674
f 5633/5633 5642/5642 5619/5619
f 5612/5612 5600/5600 5655/5655
f 5674/5674 4902/4902 4919/4919
f 5674/5674 4919/4919 5675/5675
f 5675/5675 4919/4919 5676/5676
f 5677/5677 5629/5629 5639/5639
f 5676/5676 4919/4919 4916/4916
f 5678/5678 5677/5677 5639/5639
f 5676/5676 5679/5679 5675/5675
f 5680/5680 5678/5678 5639/5639
f 5681/5681 5682/5682 5683/5683
f 5619/5619 5642/5642 5662/5662
f 5684/5684 5681/5681 5683/5683
f 5684/5684 5683/5683 5685/5685
f 5686/5686 5675/5675 5679/5679
f 5687/5687 4916/4916 4922/4922
f 5676/5676 4916/4916 5687/5687
f 5688/5688 5660/5660 5671/5671
f 5679/5679 5676/5676 5687/5687
f 5661/5661 5593/5593 5644/5644
f 5689/5689 5681/5681 5644/5644
f 5681/5681 5689/5689 5682/5682
f 5687/5687 4922/4922 5690/5690
f 5620/5620 5691/5691 5628/5628
f 5665/5665 5661/5661 5644/5644
f 5632/5632 5691/5691 5620/5620
f 5692/5692 5644/5644 5681/5681
f 5665/5665 5644/5644 5692/5692
f 5688/5688 5672/5672 5660/5660
f 5599/5599 5579/5579 5581/5581
f 5688/5688 5693/5693 5672/5672
f 5694/5694 5675/5675 5686/5686
f 5674/5674 5675/5675 5694/5694
f 5581/5581 5674/5674 5694/5694
f 5691/5691 5695/5695 5628/5628
f 5696/5696 5635/5635 5638/5638
f 5612/5612 5665/5665 5645/5645
f 5646/5646 5692/5692 5681/5681
f 5697/5697 5599/5599 5581/5581
f 5645/5645 5665/5665 5692/5692
f 5658/5658 5696/5696 5638/5638
f 5698/5698 5696/5696 5658/5658
f 5697/5697 5581/5581 5694/5694
f 5697/5697 5694/5694 5699/5699
f 5616/5616 5612/5612 5645/5645
f 5700/5700 5701/5701 5694/5694
f 5702/5702 5658/5658 5672/5672
f 5646/5646 5645/5645 5692/5692
f 5701/5701 5700/5700 5703/5703
f 5703/5703 5700/5700 5704/5704
f 5702/5702 5698/5698 5658/5658
f 5686/5686 5679/5679 5700/5700
f 5700/5700 5679/5679 5687/5687
f 5684/5684 5646/5646 5681/5681
f 5700/5700 5694/5694 5686/5686
f 5619/5619 5662/5662 5632/5632
f 5646/5646 5684/5684 5666/5666
f 5705/5705 5700/5700 5687/5687
f 5704/5704 5700/5700 5705/5705
f 5690/5690 4922/4922 4661/4661
f 5706/5706 5632/5632 5662/5662
f 5705/5705 5687/5687 5690/5690
f 5672/5672 5693/5693 5707/5707
f 5708/5708 5690/5690 4661/4661
f 5709/5709 5536/5536 5537/5537
f 5705/5705 5690/5690 5708/5708
f 4661/4661 5710/5710 5708/5708
f 5691/5691 5632/5632 5711/5711
f 5709/5709 5537/5537 5387/5387
f 5702/5702 5672/5672 5712/5712
f 5618/5618 5536/5536 5709/5709
f 5710/5710 5705/5705 5708/5708
f 4662/4662 5710/5710 4661/4661
f 4675/4675 5710/5710 4662/4662
f 5707/5707 5712/5712 5672/5672
f 5710/5710 5713/5713 5705/5705
f 5710/5710 4675/4675 5713/5713
f 5387/5387 5389/5389 5714/5714
f 5662/5662 5715/5715 5706/5706
f 5618/5618 5709/5709 5387/5387
f 5664/5664 5668/5668 4443/4443
f 4443/4443 5668/5668 5716/5716
f 5717/5717 5387/5387 5714/5714
f 5717/5717 5618/5618 5387/5387
f 4199/4199 4185/4185 4443/4443
f 5718/5718 5702/5702 5719/5719
f 5720/5720 5702/5702 5718/5718
f 5719/5719 5702/5702 5712/5712
f 5695/5695 5691/5691 5711/5711
f 4444/4444 4443/4443 5721/5721
f 5719/5719 5722/5722 5718/5718
f 5673/5673 5599/5599 5697/5697
f 5636/5636 5618/5618 5723/5723
f 5711/5711 5632/5632 5706/5706
f 5602/5602 5673/5673 5668/5668
f 5724/5724 5718/5718 5722/5722
f 5723/5723 5618/5618 5717/5717
f 5725/5725 5723/5723 5717/5717
f 5726/5726 5695/5695 5711/5711
f 5727/5727 5725/5725 5717/5717
f 5634/5634 5617/5617 5618/5618
f 5634/5634 5618/5618 5636/5636
f 4879/4879 4889/4889 4915/4915
f 5668/5668 5673/5673 5728/5728
f 5659/5659 5602/5602 5668/5668
f 5673/5673 5697/5697 5728/5728
f 5697/5697 5699/5699 5729/5729
f 5730/5730 5636/5636 5723/5723
f 5728/5728 5697/5697 5729/5729
f 5731/5731 5730/5730 5723/5723
f 5706/5706 5726/5726 5711/5711
f 5716/5716 5728/5728 5729/5729
f 5701/5701 5699/5699 5694/5694
f 5731/5731 5723/5723 5725/5725
f 5732/5732 5699/5699 5701/5701
f 5733/5733 5717/5717 5734/5734
f 5732/5732 5701/5701 5703/5703
f 5662/5662 5735/5735 5715/5715
f 5734/5734 5717/5717 5714/5714
f 5729/5729 5699/5699 5732/5732
f 5727/5727 5717/5717 5733/5733
f 5735/5735 5736/5736 5715/5715
f 5706/5706 5715/5715 5737/5737
f 5729/5729 5732/5732 5738/5738
f 5739/5739 5733/5733 5734/5734
f 5740/5740 5737/5737 5715/5715
f 5668/5668 5728/5728 5716/5716
f 5740/5740 5715/5715 5736/5736
f 5736/5736 5741/5741 5740/5740
f 5714/5714 5389/5389 5429/5429
f 4443/4443 5716/5716 5721/5721
f 5742/5742 5714/5714 5429/5429
f 5716/5716 5729/5729 5738/5738
f 5716/5716 5738/5738 5721/5721
f 5742/5742 5734/5734 5714/5714
f 5721/5721 5738/5738 5743/5743
f 5587/5587 5614/5614 4115/4115
f 5742/5742 5429/5429 5443/5443
f 5042/5042 5006/5006 4915/4915
f 5734/5734 5742/5742 5744/5744
f 5745/5745 5734/5734 5744/5744
f 4131/4131 4115/4115 5614/5614
f 4444/4444 5721/5721 4454/4454
f 5743/5743 4454/4454 5721/5721
f 5628/5628 5614/5614 5615/5615
f 5744/5744 5742/5742 5443/5443
f 4454/4454 5743/5743 4512/4512
f 5704/5704 5732/5732 5703/5703
f 5744/5744 5443/5443 5746/5746
f 5042/5042 4915/4915 5635/5635
f 5738/5738 5732/5732 5747/5747
f 5747/5747 5732/5732 5704/5704
f 4133/4133 4124/4124 4131/4131
f 5747/5747 5704/5704 5748/5748
f 4133/4133 4131/4131 5614/5614
f 5746/5746 5443/5443 5447/5447
f 5636/5636 5730/5730 5641/5641
f 5749/5749 5730/5730 5731/5731
f 5680/5680 5730/5730 5749/5749
f 5750/5750 5704/5704 5705/5705
f 5750/5750 5705/5705 5713/5713
f 5731/5731 5725/5725 5727/5727
f 5704/5704 5750/5750 5748/5748
f 5731/5731 5727/5727 5733/5733
f 4140/4140 4133/4133 5614/5614
f 5713/5713 5751/5751 5750/5750
f 5752/5752 5749/5749 5731/5731
f 5752/5752 5731/5731 5733/5733
f 5751/5751 5713/5713 4675/4675
f 5628/5628 5753/5753 5614/5614
f 4675/4675 5754/5754 5751/5751
f 5754/5754 4675/4675 4677/4677
f 5754/5754 4677/4677 4749/4749
f 5750/5750 5751/5751 5755/5755
f 5748/5748 5750/5750 5755/5755
f 5614/5614 5753/5753 4140/4140
f 5756/5756 5752/5752 5733/5733
f 5757/5757 5752/5752 5756/5756
f 5754/5754 5755/5755 5751/5751
f 5685/5685 5749/5749 5752/5752
f 5685/5685 5752/5752 5757/5757
f 5757/5757 5758/5758 5685/5685
f 5734/5734 5745/5745 5739/5739
f 5743/5743 5738/5738 5747/5747
f 5759/5759 5739/5739 5760/5760
f 5747/5747 4512/4512 5743/5743
f 4512/4512 5747/5747 4514/4514
f 4514/4514 5747/5747 5748/5748
f 5733/5733 5739/5739 5759/5759
f 5733/5733 5759/5759 5756/5756
f 5748/5748 4534/4534 4514/4514
f 5756/5756 5761/5761 5757/5757
f 5761/5761 5758/5758 5757/5757
f 5762/5762 5042/5042 5635/5635
f 5763/5763 5753/5753 5764/5764
f 5761/5761 5756/5756 5765/5765
f 5756/5756 5759/5759 5760/5760
f 5756/5756 5760/5760 5765/5765
f 4518/4518 4514/4514 4534/4534
f 4534/4534 5748/5748 5755/5755
f 4140/4140 5753/5753 5763/5763
f 5766/5766 4534/4534 5755/5755
f 5763/5763 4141/4141 4140/4140
f 5684/5684 5685/5685 5767/5767
f 5767/5767 5685/5685 5758/5758
f 5766/5766 4546/4546 4534/4534
f 4535/4535 4534/4534 4539/4539
f 5766/5766 5755/5755 5754/5754
f 5042/5042 5762/5762 5768/5768
f 5769/5769 5684/5684 5767/5767
f 5770/5770 5758/5758 5761/5761
f 5695/5695 5753/5753 5628/5628
f 5767/5767 5758/5758 5770/5770
f 4546/4546 5766/5766 5754/5754
f 4749/4749 4546/4546 5754/5754
f 4546/4546 4749/4749 4547/4547
f 5771/5771 5635/5635 5696/5696
f 5772/5772 5753/5753 5695/5695
f 5771/5771 5696/5696 5698/5698
f 5773/5773 5767/5767 5770/5770
f 5640/5640 5216/5216 5625/5625
f 5483/5483 5216/5216 5640/5640
f 5483/5483 5479/5479 5216/5216
f 5767/5767 5773/5773 5769/5769
f 5772/5772 5764/5764 5753/5753
f 5762/5762 5635/5635 5771/5771
f 5483/5483 5640/5640 5643/5643
f 5774/5774 5483/5483 4204/4204
f 5768/5768 5762/5762 5771/5771
f 5769/5769 5666/5666 5684/5684
f 5772/5772 5695/5695 5726/5726
f 5760/5760 5739/5739 5745/5745
f 5775/5775 5483/5483 5774/5774
f 5482/5482 5483/5483 5775/5775
f 5776/5776 5760/5760 5745/5745
f 5777/5777 5771/5771 5698/5698
f 5778/5778 5744/5744 5746/5746
f 5779/5779 5744/5744 5778/5778
f 5657/5657 5542/5542 5557/5557
f 5779/5779 5745/5745 5744/5744
f 5779/5779 5776/5776 5745/5745
f 4204/4204 5483/5483 5643/5643
f 5353/5353 5560/5560 5280/5280
f 5643/5643 4184/4184 4204/4204
f 5776/5776 5780/5780 5760/5760
f 5780/5780 5776/5776 5781/5781
f 4204/4204 5782/5782 5774/5774
f 5783/5783 5776/5776 5779/5779
f 5778/5778 5783/5783 5779/5779
f 5783/5783 5781/5781 5776/5776
f 5560/5560 5784/5784 5557/5557
f 5765/5765 5760/5760 5780/5780
f 5657/5657 5557/5557 5784/5784
f 5698/5698 5702/5702 5785/5785
f 5560/5560 5353/5353 5784/5784
f 5778/5778 5746/5746 5786/5786
f 4255/4255 5482/5482 5775/5775
f 5775/5775 5774/5774 5782/5782
f 5787/5787 5447/5447 5448/5448
f 5788/5788 5698/5698 5785/5785
f 5786/5786 5746/5746 5447/5447
f 5786/5786 5447/5447 5787/5787
f 4255/4255 5775/5775 5782/5782
f 5778/5778 5786/5786 5789/5789
f 5783/5783 5778/5778 5789/5789
f 5482/5482 4255/4255 5486/5486
f 4254/4254 5486/5486 4255/4255
f 5787/5787 5789/5789 5786/5786
f 4255/4255 5782/5782 4253/4253
f 5789/5789 5787/5787 5790/5790
f 5791/5791 5780/5780 5781/5781
f 5792/5792 5781/5781 5783/5783
f 5793/5793 5781/5781 5792/5792
f 5785/5785 5702/5702 5720/5720
f 5794/5794 5782/5782 4204/4204
f 5792/5792 5795/5795 5793/5793
f 5794/5794 4204/4204 4203/4203
f 5796/5796 5795/5795 5792/5792
f 5794/5794 4211/4211 5782/5782
f 5724/5724 5720/5720 5718/5718
f 4253/4253 5782/5782 4211/4211
f 5797/5797 5780/5780 5791/5791
f 5798/5798 5797/5797 5791/5791
f 5791/5791 5781/5781 5793/5793
f 5798/5798 5791/5791 5793/5793
f 5773/5773 5770/5770 5797/5797
f 5773/5773 5797/5797 5798/5798
f 5799/5799 5773/5773 5798/5798
f 4211/4211 5794/5794 4203/4203
f 5798/5798 5793/5793 5795/5795
f 5798/5798 5795/5795 5799/5799
f 5799/5799 5795/5795 5800/5800
f 5801/5801 5799/5799 5800/5800
f 5802/5802 5803/5803 5784/5784
f 5769/5769 5773/5773 5804/5804
f 5792/5792 5783/5783 5796/5796
f 5805/5805 5796/5796 5783/5783
f 5806/5806 5657/5657 5784/5784
f 5806/5806 5784/5784 5803/5803
f 4184/4184 5643/5643 5663/5663
f 5807/5807 5796/5796 5805/5805
f 5657/5657 5806/5806 5662/5662
f 5783/5783 5789/5789 5790/5790
f 5808/5808 5806/5806 5803/5803
f 4184/4184 5663/5663 4185/4185
f 5805/5805 5783/5783 5790/5790
f 5809/5809 5769/5769 5804/5804
f 5805/5805 5790/5790 5810/5810
f 5795/5795 5796/5796 5811/5811
f 5800/5800 5795/5795 5811/5811
f 5800/5800 5811/5811 5807/5807
f 5811/5811 5796/5796 5807/5807
f 5800/5800 5807/5807 5812/5812
f 5807/5807 5805/5805 5810/5810
f 5813/5813 5810/5810 5790/5790
f 5814/5814 5815/5815 5804/5804
f 5784/5784 5353/5353 5802/5802
f 5807/5807 5810/5810 5812/5812
f 5816/5816 5666/5666 5769/5769
f 5801/5801 5800/5800 5812/5812
f 5670/5670 5666/5666 5816/5816
f 5817/5817 4628/4628 4630/4630
f 5802/5802 5353/5353 5376/5376
f 5818/5818 4637/4637 5817/5817
f 5817/5817 4637/4637 4628/4628
f 5819/5819 5817/5817 4630/4630
f 4630/4630 5024/5024 5819/5819
f 5670/5670 5816/5816 5820/5820
f 5670/5670 5821/5821 5671/5671
f 5821/5821 5670/5670 5820/5820
f 5818/5818 5817/5817 5819/5819
f 5822/5822 5821/5821 5820/5820
f 5769/5769 5809/5809 5816/5816
f 5382/5382 5376/5376 5363/5363
f 5820/5820 5816/5816 5809/5809
f 4637/4637 5823/5823 4634/4634
f 5824/5824 5820/5820 5809/5809
f 3908/3908 3907/3907 4634/4634
f 5815/5815 5809/5809 5804/5804
f 5823/5823 4637/4637 5818/5818
f 5821/5821 5822/5822 5671/5671
f 5818/5818 5825/5825 5823/5823
f 5826/5826 5823/5823 5825/5825
f 5671/5671 5822/5822 5827/5827
f 5671/5671 5827/5827 5828/5828
f 5823/5823 5826/5826 4634/4634
f 4634/4634 5826/5826 3908/3908
f 5822/5822 5820/5820 5824/5824
f 5829/5829 5819/5819 5024/5024
f 5829/5829 5818/5818 5819/5819
f 5829/5829 5830/5830 5818/5818
f 5831/5831 5830/5830 5829/5829
f 5827/5827 5822/5822 5832/5832
f 5806/5806 5808/5808 5735/5735
f 5829/5829 5833/5833 5831/5831
f 5828/5828 5827/5827 5834/5834
f 5735/5735 5662/5662 5806/5806
f 5693/5693 5828/5828 5834/5834
f 5040/5040 5829/5829 5024/5024
f 5834/5834 5827/5827 5832/5832
f 5046/5046 5829/5829 5040/5040
f 5835/5835 5735/5735 5808/5808
f 5829/5829 5836/5836 5833/5833
f 5832/5832 5837/5837 5834/5834
f 5837/5837 5832/5832 5838/5838
f 5837/5837 5839/5839 5834/5834
f 5831/5831 5818/5818 5830/5830
f 5818/5818 5831/5831 5840/5840
f 5840/5840 5825/5825 5818/5818
f 5803/5803 5802/5802 5841/5841
f 5802/5802 5376/5376 5841/5841
f 5825/5825 5840/5840 5826/5826
f 5826/5826 5842/5842 3908/3908
f 5832/5832 5822/5822 5824/5824
f 5840/5840 5842/5842 5826/5826
f 5824/5824 5809/5809 5815/5815
f 5841/5841 5376/5376 5843/5843
f 5844/5844 5831/5831 5833/5833
f 5843/5843 5845/5845 5841/5841
f 5844/5844 5840/5840 5831/5831
f 5824/5824 5815/5815 5814/5814
f 5803/5803 5835/5835 5808/5808
f 5842/5842 5840/5840 5844/5844
f 5844/5844 5846/5846 5842/5842
f 5832/5832 5824/5824 5847/5847
f 5847/5847 5824/5824 5814/5814
f 5841/5841 5835/5835 5803/5803
f 5847/5847 5838/5838 5832/5832
f 5848/5848 5835/5835 5841/5841
f 5838/5838 5847/5847 5814/5814
f 3912/3912 3908/3908 5842/5842
f 3927/3927 3917/3917 3912/3912
f 3927/3927 3912/3912 5842/5842
f 5735/5735 5835/5835 5848/5848
f 5799/5799 5804/5804 5773/5773
f 5842/5842 5846/5846 3927/3927
f 5849/5849 3927/3927 5846/5846
f 5848/5848 5841/5841 5845/5845
f 3927/3927 3930/3930 3926/3926
f 5849/5849 3930/3930 3927/3927
f 5850/5850 5848/5848 5851/5851
f 5799/5799 5801/5801 5852/5852
f 5836/5836 5829/5829 5046/5046
f 5836/5836 5046/5046 5090/5090
f 5845/5845 5851/5851 5848/5848
f 5814/5814 5804/5804 5799/5799
f 5852/5852 5853/5853 5799/5799
f 5851/5851 5845/5845 5854/5854
f 5855/5855 5090/5090 5091/5091
f 5836/5836 5090/5090 5855/5855
f 5801/5801 5812/5812 5856/5856
f 5850/5850 5735/5735 5848/5848
f 5844/5844 5833/5833 5836/5836
f 5850/5850 5736/5736 5735/5735
f 5850/5850 5741/5741 5736/5736
f 5857/5857 5846/5846 5844/5844
f 5850/5850 5858/5858 5741/5741
f 5855/5855 5859/5859 5836/5836
f 5844/5844 5836/5836 5859/5859
f 5858/5858 5850/5850 5851/5851
f 5857/5857 5844/5844 5859/5859
f 5860/5860 5855/5855 5091/5091
f 5852/5852 5801/5801 5856/5856
f 5843/5843 5376/5376 5382/5382
f 5860/5860 4245/4245 5855/5855
f 5814/5814 5799/5799 5853/5853
f 4235/4235 5091/5091 5093/5093
f 4235/4235 5860/5860 5091/5091
f 4245/4245 5860/5860 4235/4235
f 4245/4245 5859/5859 5855/5855
f 5382/5382 5401/5401 5843/5843
f 5859/5859 5861/5861 5857/5857
f 5859/5859 4245/4245 4244/4244
f 5859/5859 4244/4244 5861/5861
f 5853/5853 5852/5852 5862/5862
f 5861/5861 4244/4244 4252/4252
f 4186/4186 5846/5846 5857/5857
f 5862/5862 5852/5852 5863/5863
f 5401/5401 5845/5845 5843/5843
f 4186/4186 5849/5849 5846/5846
f 5410/5410 5845/5845 5401/5401
f 5864/5864 5853/5853 5862/5862
f 5854/5854 5845/5845 5410/5410
f 5862/5862 5863/5863 5865/5865
f 5866/5866 5862/5862 5865/5865
f 5867/5867 3996/3996 5849/5849
f 3996/3996 3930/3930 5849/5849
f 3996/3996 3955/3955 3930/3930
f 5867/5867 5849/5849 4186/4186
f 4186/4186 4188/4188 5867/5867
f 4188/4188 3996/3996 5867/5867
f 5868/5868 5410/5410 5416/5416
f 5854/5854 5410/5410 5868/5868
f 4186/4186 5857/5857 5861/5861
f 5869/5869 5870/5870 5707/5707
f 5707/5707 5693/5693 5839/5839
f 4187/4187 4186/4186 5861/5861
f 4715/4715 4913/4913 5208/5208
f 5213/5213 5208/5208 5871/5871
f 5861/5861 4310/4310 4187/4187
f 4252/4252 4310/4310 5861/5861
f 5872/5872 5707/5707 5870/5870
f 5871/5871 5873/5873 5213/5213
f 5874/5874 5869/5869 5814/5814
f 4953/4953 5010/5010 4963/4963
f 4913/4913 4963/4963 5208/5208
f 5874/5874 5875/5875 5869/5869
f 5871/5871 5208/5208 4963/4963
f 4963/4963 5876/5876 5871/5871
f 5872/5872 5712/5712 5707/5707
f 5877/5877 5872/5872 5878/5878
f 5877/5877 5878/5878 5879/5879
f 5719/5719 5712/5712 5872/5872
f 5876/5876 5873/5873 5871/5871
f 5722/5722 5719/5719 5872/5872
f 5877/5877 5722/5722 5872/5872
f 5876/5876 5880/5880 5873/5873
f 5879/5879 5881/5881 5877/5877
f 5876/5876 5882/5882 5880/5880
f 5880/5880 5882/5882 5883/5883
f 5878/5878 5869/5869 5875/5875
f 5875/5875 5879/5879 5878/5878
f 5884/5884 5879/5879 5875/5875
f 4995/4995 5005/5005 5885/5885
f 5005/5005 5009/5009 5885/5885
f 4995/4995 5885/5885 5886/5886
f 5887/5887 5866/5866 5865/5865
f 5885/5885 5888/5888 5886/5886
f 5887/5887 5864/5864 5866/5866
f 5888/5888 5885/5885 5889/5889
f 5887/5887 5890/5890 5864/5864
f 5891/5891 5890/5890 5887/5887
f 5874/5874 5814/5814 5853/5853
f 5892/5892 5874/5874 5853/5853
f 5010/5010 4995/4995 5886/5886
f 4963/4963 5010/5010 5886/5886
f 5893/5893 5853/5853 5864/5864
f 5893/5893 5892/5892 5853/5853
f 5876/5876 4963/4963 5894/5894
f 5894/5894 4963/4963 5888/5888
f 5891/5891 5895/5895 5890/5890
f 5895/5895 5891/5891 5896/5896
f 5894/5894 5882/5882 5876/5876
f 5882/5882 5894/5894 5883/5883
f 5888/5888 4963/4963 5886/5886
f 5897/5897 5874/5874 5892/5892
f 5875/5875 5874/5874 5897/5897
f 5894/5894 5888/5888 5889/5889
f 5892/5892 5893/5893 5895/5895
f 5898/5898 5892/5892 5895/5895
f 5898/5898 5896/5896 5899/5899
f 5898/5898 5895/5895 5896/5896
f 5897/5897 5892/5892 5898/5898
f 5883/5883 5894/5894 5900/5900
f 5044/5044 5042/5042 5768/5768
f 5901/5901 5044/5044 5768/5768
f 5474/5474 5044/5044 5901/5901
f 5883/5883 5900/5900 5902/5902
f 5903/5903 5883/5883 5902/5902
f 5455/5455 5044/5044 5474/5474
f 5900/5900 5894/5894 5889/5889
f 5900/5900 5889/5889 5904/5904
f 5777/5777 5768/5768 5771/5771
f 5905/5905 5900/5900 5904/5904
f 5901/5901 5768/5768 5777/5777
f 5906/5906 5907/5907 5474/5474
f 5907/5907 5473/5473 5474/5474
f 5902/5902 5900/5900 5905/5905
f 5908/5908 5901/5901 5777/5777
f 5908/5908 5474/5474 5901/5901
f 5909/5909 5902/5902 5905/5905
f 5910/5910 5909/5909 5905/5905
f 5474/5474 5908/5908 5906/5906
f 5911/5911 5910/5910 5905/5905
f 5906/5906 5908/5908 5912/5912
f 5208/5208 5213/5213 4806/4806
f 5234/5234 5203/5203 5213/5213
f 5788/5788 5777/5777 5698/5698
f 5873/5873 5234/5234 5213/5213
f 5880/5880 5234/5234 5873/5873
f 5720/5720 5724/5724 5913/5913
f 5785/5785 5720/5720 5913/5913
f 5234/5234 5880/5880 5294/5294
f 5788/5788 5785/5785 5913/5913
f 5724/5724 5914/5914 5913/5913
f 5913/5913 5914/5914 5788/5788
f 5914/5914 5724/5724 5915/5915
f 5914/5914 5915/5915 5916/5916
f 5914/5914 5916/5916 5788/5788
f 5917/5917 5916/5916 5915/5915
f 5908/5908 5777/5777 5788/5788
f 5883/5883 5903/5903 5880/5880
f 5918/5918 5908/5908 5788/5788
f 5912/5912 5908/5908 5919/5919
f 5920/5920 5303/5303 5294/5294
f 5918/5918 5788/5788 5921/5921
f 5921/5921 5788/5788 5916/5916
f 5294/5294 5880/5880 5920/5920
f 5907/5907 5540/5540 5473/5473
f 5880/5880 5903/5903 5920/5920
f 5922/5922 5540/5540 5907/5907
f 5922/5922 5907/5907 5906/5906
f 5540/5540 5923/5923 5546/5546
f 5540/5540 5922/5922 5923/5923
f 5920/5920 5903/5903 5924/5924
f 5925/5925 5920/5920 5924/5924
f 5926/5926 5906/5906 5912/5912
f 5902/5902 5924/5924 5903/5903
f 5922/5922 5906/5906 5926/5926
f 5922/5922 5926/5926 5927/5927
f 5588/8328 5928/5928 5015/5015
f 5927/5927 5929/5929 5922/5922
f 5928/5928 5009/5009 5015/5015
f 5588/8328 5930/5930 5928/5928
f 5549/5549 5546/5546 5588/5588
f 5588/5588 5546/5546 5923/5923
f 5931/5931 5932/5932 5930/8330
f 5923/5923 5931/5931 5588/5588
f 5928/5928 5930/5930 5932/8331
f 5928/5928 5885/5885 5009/5009
f 5931/5931 5930/8330 5588/5588
f 5928/5928 5933/5933 5885/5885
f 5934/5934 5935/5935 5931/5931
f 5922/5922 5934/5934 5923/5923
f 5931/5931 5923/5923 5934/5934
f 5932/5932 5931/5931 5935/5935
f 5934/5934 5922/5922 5929/5929
f 5935/5935 5936/5936 5932/5932
f 5889/5889 5885/5885 5933/5933
f 5937/5937 5912/5912 5919/5919
f 5932/8331 5933/5933 5928/5928
f 5918/5918 5919/5919 5908/5908
f 5932/8331 5936/8332 5933/5933
f 5938/5938 5937/5937 5919/5919
f 5926/5926 5912/5912 5937/5937
f 5927/5927 5926/5926 5937/5937
f 5939/5939 5940/5940 5941/5941
f 5939/5939 5935/5935 5940/5940
f 5927/5927 5937/5937 5929/5929
f 5935/5935 5939/5939 5936/5936
f 5919/5919 5942/5942 5938/5938
f 5942/5942 5919/5919 5918/5918
f 5941/5941 5943/5943 5944/5944
f 5945/5945 5942/5942 5918/5918
f 5933/5933 5904/5904 5889/5889
f 5933/5933 5936/8332 5904/5904
f 5904/5904 5936/8332 5939/8333
f 5946/5946 5938/5938 5942/5942
f 5947/5947 5939/5939 5944/5944
f 5941/5941 5944/5944 5939/5939
f 5934/5934 5929/5929 5940/5940
f 5938/5938 5929/5929 5937/5937
f 5929/5929 5938/5938 5948/5948
f 5949/5949 5943/5943 5950/5950
f 5940/5940 5929/5929 5948/5948
f 5944/5944 5943/5943 5949/5949
f 5934/5934 5940/5940 5935/5935
f 5940/5940 5948/5948 5951/5951
f 5952/5952 5949/5949 5950/5950
f 5943/5943 5940/5940 5951/5951
f 5940/5940 5943/5943 5941/5941
f 5949/5949 5952/5952 5944/5944
f 5948/5948 5938/5938 5946/5946
f 5951/5951 5948/5948 5946/5946
f 5939/8333 5947/8334 5904/5904
f 5904/5904 5947/8334 5905/5905
f 5951/5951 5946/5946 5953/5953
f 5943/5943 5951/5951 5950/5950
f 5911/5911 5905/5905 5947/8334
f 5950/5950 5951/5951 5954/5954
f 5947/5947 5944/5944 5911/8329
f 5952/5952 5911/8329 5944/5944
f 5724/5724 5722/5722 5877/5877
f 5955/5955 5911/5911 5956/5956
f 5915/5915 5724/5724 5957/5957
f 5957/5957 5724/5724 5877/5877
f 5957/5957 5877/5877 5958/5958
f 5958/5958 5877/5877 5881/5881
f 5958/5958 5881/5881 5884/5884
f 5959/5959 5958/5958 5884/5884
f 5957/5957 5958/5958 5959/5959
f 5910/5910 5911/5911 5955/5955
f 5884/5884 5881/5881 5879/5879
f 5960/5960 5910/5910 5955/5955
f 5910/5910 5961/5961 5909/5909
f 5875/5875 5962/5962 5884/5884
f 5963/5963 5962/5962 5875/5875
f 5959/5959 5884/5884 5962/5962
f 5960/8336 5964/5964 5965/5965
f 5966/5966 5959/5959 5962/5962
f 5967/5967 5965/5965 5964/5964
f 5967/5967 5964/5964 5968/5968
f 5961/5961 5910/5910 5969/5969
f 5910/5910 5960/5960 5967/8337
f 5967/8337 5969/5969 5910/5910
f 5965/5965 5967/5967 5960/8336
f 5966/5966 5962/5962 5970/5970
f 5971/5971 5967/5967 5968/5968
f 5972/5972 5962/5962 5963/5963
f 5972/5972 5970/5970 5962/5962
f 5973/5973 5974/5974 5975/5975
f 5976/5976 5974/5974 5973/5973
f 5976/5976 5973/5973 5968/5968
f 5973/5973 5977/5977 5968/5968
f 5973/5973 5978/5978 5977/5977
f 5875/5875 5897/5897 5963/5963
f 5979/5979 5975/5975 5980/5980
f 5979/5979 5980/5980 5981/5981
f 5981/5981 5982/5982 5979/5979
f 5975/5975 5978/5978 5973/5973
f 5975/5975 5979/5979 5978/5978
f 5897/5897 5983/5983 5963/5963
f 5972/5972 5963/5963 5984/5984
f 5984/5984 5963/5963 5983/5983
f 5985/5985 5984/5984 5983/5983
f 5978/5978 5979/5979 5986/5986
f 5987/5987 5897/5897 5898/5898
f 5971/5971 5968/5968 5977/5977
f 5983/5983 5897/5897 5987/5987
f 5971/5971 5977/5977 5988/5988
f 5989/5989 5983/5983 5990/5990
f 5990/5990 5983/5983 5987/5987
f 5991/5991 5967/5967 5971/5971
f 5990/5990 5992/5992 5989/5989
f 5993/5993 5990/5990 5987/5987
f 5992/5992 5990/5990 5993/5993
f 5971/5971 5994/5994 5991/5991
f 5994/5994 5971/5971 5988/5988
f 5978/5978 5995/5995 5977/5977
f 5988/5988 5977/5977 5995/5995
f 5995/5995 5978/5978 5986/5986
f 5972/5972 5984/5984 5996/5996
f 5996/5996 5984/5984 5985/5985
f 5995/5995 5997/5997 5988/5988
f 5996/5996 5998/5998 5972/5972
f 5988/5988 5997/5997 5999/5999
f 5999/5999 5994/5994 5988/5988
f 5970/5970 5972/5972 5998/5998
f 5998/5998 5996/5996 5985/5985
f 6000/6000 5998/5998 5985/5985
f 5349/5349 5303/5303 6001/6001
f 5920/5920 6001/6001 5303/5303
f 5970/5970 5998/5998 6000/6000
f 5993/5993 6002/6002 5992/5992
f 5985/5985 5983/5983 5992/5992
f 5992/5992 5983/5983 5989/5989
f 6000/6000 5985/5985 5992/5992
f 6003/6003 6000/6000 5992/5992
f 5925/5925 6001/6001 5920/5920
f 6003/6003 5992/5992 6002/6002
f 6001/6001 5925/5925 6004/6004
f 5372/5372 6001/6001 6004/6004
f 6005/6005 5970/5970 6006/6006
f 6007/6007 6008/6008 5372/5372
f 6007/6007 5372/5372 6004/6004
f 6004/6004 6009/6009 6007/6007
f 6010/6010 6000/6000 6003/6003
f 6000/6000 6010/6010 5970/5970
f 6008/6008 6007/6007 6011/6011
f 6006/6006 5970/5970 6010/6010
f 6010/6010 6003/6003 6012/6012
f 6011/6011 6007/6007 6009/6009
f 5297/5297 5303/5303 5349/5349
f 5372/5372 5349/5349 6001/6001
f 6013/6013 6006/6006 6010/6010
f 6014/6014 6006/6006 6013/6013
f 5974/5974 6015/6015 6016/6016
f 5974/5974 6016/6016 5975/5975
f 6006/6006 5980/5980 6005/6005
f 6016/6016 6005/6005 5980/5980
f 5372/5372 6008/6008 5388/5388
f 5980/5980 6006/6006 6014/6014
f 5925/5925 5924/5924 5909/5909
f 6016/6016 5980/5980 6017/6017
f 5909/5909 5924/5924 5902/5902
f 5975/5975 6016/6016 6017/6017
f 5975/5975 6017/6017 5980/5980
f 5981/5981 5980/5980 6014/6014
f 6004/6004 5925/5925 5909/5909
f 5961/5961 6004/6004 5909/5909
f 5957/5957 5917/5917 5915/5915
f 5917/5917 5921/5921 5916/5916
f 5921/5921 5917/5917 6018/6018
f 6018/6018 5917/5917 5957/5957
f 6018/6018 5957/5957 5959/5959
f 5961/5961 6009/6009 6004/6004
f 5918/5918 5921/5921 5945/5945
f 5945/5945 5921/5921 6019/6019
f 5921/5921 6018/6018 6019/6019
f 6018/6018 5959/5959 5966/5966
f 5966/5966 6019/6019 6018/6018
f 6020/6020 6019/6019 5966/5966
f 6021/6021 5961/5961 5969/5969
f 5969/5969 5967/8337 6021/6021
f 5945/5945 6019/6019 6022/6022
f 5942/5942 5945/5945 6022/6022
f 5946/5946 5942/5942 6022/6022
f 6022/6022 6019/6019 6020/6020
f 6020/6020 6023/6023 6022/6022
f 6011/6011 6009/6009 6024/6024
f 6005/6005 5966/5966 5970/5970
f 5388/5388 6008/6008 6025/6025
f 6020/6020 5966/5966 6005/6005
f 6023/6023 6020/6020 6005/6005
f 5953/5953 5946/5946 6022/6022
f 5408/5408 6025/6025 6026/6026
f 6022/6022 6027/6027 5953/5953
f 6023/6023 6027/6027 6022/6022
f 5408/5408 5388/5388 6025/6025
f 5954/5954 5951/5951 5953/5953
f 6008/6008 6011/6011 6025/6025
f 5953/5953 6028/6028 5954/5954
f 6028/6028 5953/5953 6027/6027
f 6029/6029 6028/6028 6027/6027
f 6027/6027 6023/6023 6029/6029
f 6011/6011 6026/6026 6025/6025
f 6005/6005 6016/6016 6023/6023
f 6030/6030 6011/6011 6024/6024
f 6015/6015 6029/6029 6023/6023
f 6015/6015 6023/6023 6016/6016
f 6031/6031 6029/6029 6015/6015
f 5408/5408 6026/6026 5417/5417
f 6032/6032 5432/5432 5437/5437
f 5440/5440 5432/5432 6032/6032
f 6026/6026 6011/6011 6030/6030
f 5417/5417 6026/6026 6030/6030
f 6033/6033 5442/5442 5440/5440
f 6033/6033 5440/5440 6032/6032
f 5461/5461 5442/5442 6033/6033
f 5461/5461 6034/6034 5459/5459
f 6033/6033 6035/6035 5461/5461
f 6034/6034 5461/5461 6035/6035
f 5961/5961 6024/6024 6009/6009
f 6036/6036 6035/6035 6033/6033
f 6037/6037 6036/6036 6033/6033
f 6024/6024 5961/5961 6021/6021
f 5464/5464 5459/5459 6034/6034
f 5467/5467 5464/5464 6034/6034
f 6038/6038 5467/5467 6034/6034
f 6039/6039 5467/5467 6038/6038
f 6040/6040 6024/6024 6021/6021
f 5967/8337 5991/8338 6021/6021
f 6036/6036 6041/6041 6035/6035
f 6042/6042 6034/6034 6035/6035
f 6042/6042 6038/6038 6034/6034
f 6041/6041 6036/6036 6043/6043
f 6035/6035 6041/6041 6042/6042
f 5991/8338 5999/8339 6021/6021
f 6041/6041 6044/6044 6042/6042
f 6044/6044 6041/6041 6043/6043
f 6045/6045 6044/6044 6043/6043
f 5498/5498 5318/5318 5495/5495
f 5316/5316 5320/5320 5495/5495
f 6030/6030 6024/6024 6040/6040
f 5498/5498 5495/5495 6046/6046
f 5320/5320 6046/6046 5495/5495
f 6047/6047 6040/6040 6048/6048
f 6046/6046 5320/5320 6049/6049
f 5991/5991 5994/5994 5999/5999
f 6050/6050 5498/5498 6046/6046
f 5501/5501 6049/6049 5320/5320
f 5437/5437 5433/5433 5498/5498
f 5997/5997 6048/8341 5999/5999
f 5498/5498 6032/6032 5437/5437
f 5498/5498 6050/6050 6032/6032
f 5999/8339 6040/6040 6021/6021
f 6051/6051 6046/6046 6049/6049
f 6050/6050 6046/6046 6051/6051
f 6040/6040 5999/8339 6048/6048
f 6051/6051 6052/6052 6050/6050
f 6051/6051 6053/6053 6054/6054
f 6051/6051 6054/6054 6052/6052
f 6032/6032 6050/6050 6052/6052
f 5954/5954 6055/6055 5950/5950
f 6032/6032 6052/6052 6033/6033
f 5950/5950 6055/6055 5952/5952
f 5500/5500 6053/6053 6049/6049
f 6055/6055 5954/5954 6028/6028
f 6049/6049 5501/5501 5500/5500
f 6056/6056 6053/6053 5500/5500
f 6053/6053 6051/6051 6049/6049
f 5911/8329 5952/5952 6057/6057
f 6053/6053 6056/6056 6058/6058
f 6058/6058 6056/6056 5518/5518
f 6056/6056 5500/5500 5518/5518
f 6055/6055 6057/6057 5952/5952
f 6031/6031 6028/6028 6029/6029
f 6052/6052 6037/6037 6033/6033
f 6055/6055 6028/6028 6031/6031
f 5964/5964 6055/6055 6031/6031
f 6059/6059 6037/6037 6052/6052
f 6059/6059 6052/6052 6054/6054
f 5976/5976 6031/6031 6015/6015
f 6054/6054 6060/6060 6059/6059
f 6055/6055 5964/5964 6057/6057
f 5964/5964 5960/8336 6057/6057
f 6036/6036 6037/6037 6043/6043
f 6031/6031 5968/5968 5964/5964
f 6031/6031 5976/5976 5968/5968
f 6060/6060 6061/6061 6059/6059
f 6037/6037 6059/6059 6061/6061
f 6057/6057 5956/8335 5911/8329
f 5955/5955 5956/5956 5960/5960
f 6053/6053 6060/6060 6054/6054
f 5960/8336 5956/8335 6057/6057
f 6060/6060 6058/6058 6062/6062
f 6062/6062 6058/6058 5518/5518
f 6058/6058 6060/6060 6053/6053
f 5976/5976 6015/6015 5974/5974
f 6063/6063 6061/6061 6060/6060
f 6064/6064 6037/6037 6061/6061
f 6060/6060 4288/4288 6063/6063
f 4288/4288 6060/6060 6062/6062
f 6061/6061 6063/6063 6065/6065
f 6061/6061 6065/6065 6064/6064
f 6063/6063 4288/4288 6065/6065
f 4288/4288 4283/4283 6065/6065
f 4300/4300 6064/6064 4283/4283
f 4283/4283 6064/6064 6065/6065
f 6064/6064 6043/6043 6037/6037
f 6064/6064 6045/6045 6043/6043
f 6064/6064 4300/4300 6045/6045
f 5525/5525 6062/6062 5518/5518
f 5525/5525 4326/4326 6062/6062
f 4326/4326 4288/4288 6062/6062
f 4326/4326 5525/5525 4334/4334
f 4371/4371 6039/6039 4370/4370
f 6039/6039 4371/4371 5467/5467
f 4393/4393 4370/4370 6039/6039
f 6038/6038 4393/4393 6039/6039
f 4193/4193 4407/4407 4404/4404
f 4191/4191 4193/4193 4404/4404
f 4393/4393 4404/4404 4394/4394
f 6066/6066 4404/4404 4393/4393
f 6044/6044 6038/6038 6042/6042
f 6044/6044 4393/4393 6038/6038
f 6067/6067 4393/4393 6044/6044
f 6044/6044 6045/6045 4302/4302
f 4302/4302 6045/6045 4300/4300
f 6068/6068 6066/6066 4393/4393
f 6067/6067 6068/6068 4393/4393
f 6044/6044 6069/6069 6067/6067
f 6044/6044 4302/4302 6069/6069
f 6067/6067 6070/6070 6068/6068
f 6070/6070 6067/6067 6069/6069
f 6066/6066 4191/4191 4404/4404
f 4200/4200 4191/4191 6066/6066
f 4200/4200 6066/6066 6070/6070
f 4208/4208 4200/4200 6070/6070
f 6066/6066 6068/6068 6070/6070
f 6069/6069 4229/4229 6070/6070
f 4229/4229 6069/6069 4302/4302
f 4228/4228 6070/6070 4229/4229
f 4312/4312 4302/4302 4301/4301
f 4229/4229 4302/4302 4312/4312
f 4228/4228 4227/4227 6070/6070
f 4227/4227 4208/4208 6070/6070
f 4237/4237 4229/4229 4312/4312
f 4195/4195 4445/4445 4193/4193
f 4215/4215 4195/4195 4196/4196
f 4195/4195 4429/4429 4431/4431
f 4215/4215 4429/4429 4195/4195
f 4433/4433 4430/4430 4429/4429
f 4433/4433 4429/4429 4215/4215
f 4220/4220 4433/4433 4215/4215
f 4990/4990 4989/4989 5001/5001
f 5626/5626 5629/5629 5682/5682
f 5240/5240 5596/5596 4884/4884
f 5629/5629 5677/5677 5682/5682
f 5677/5677 5683/5683 5682/5682
f 5678/5678 5683/5683 5677/5677
f 5680/5680 5639/5639 5641/5641
f 5678/5678 5680/5680 5683/5683
f 5598/5598 5569/5569 5593/5593
f 5569/5569 5644/5644 5593/5593
f 5689/5689 5644/5644 5626/5626
f 5689/5689 5626/5626 5682/5682
f 5688/5688 5671/5671 5828/5828
f 5680/5680 5641/5641 5730/5730
f 5680/5680 5749/5749 5685/5685
f 5683/5683 5680/5680 5685/5685
f 5761/5761 5765/5765 5770/5770
f 5797/5797 5770/5770 5765/5765
f 5765/5765 5780/5780 5797/5797
f 5828/5828 5693/5693 5688/5688
f 5839/5839 5693/5693 5834/5834
f 5707/5707 5839/5839 5837/5837
f 5869/5869 5707/5707 5837/5837
f 5838/5838 5814/5814 5837/5837
f 5814/5814 5869/5869 5837/5837
f 5872/5872 5870/5870 5869/5869
f 5872/5872 5869/5869 5878/5878
f 5864/5864 5862/5862 5866/5866
f 5893/5893 5864/5864 5895/5895
f 5864/5864 5890/5890 5895/5895
f 6071/6071 6072/6072 6073/6073
f 6074/6074 6075/6075 6076/6076
f 6077/6077 6078/6078 6079/6079
f 6077/6077 6080/6080 6081/6081
f 6080/6080 6077/6077 6079/6079
f 6080/6080 6082/6082 6081/6081
f 6083/6083 6084/6084 6085/6085
f 6086/6086 6080/6080 6079/6079
f 6082/6082 6080/6080 6087/6087
f 6085/6085 6084/6084 6088/6088
f 6089/6089 6084/6084 6083/6083
f 6090/6090 2186/2186 2172/2172
f 6086/6086 6079/6079 6091/6091
f 6087/6087 6080/6080 6086/6086
f 6087/6087 6086/6086 6091/6091
f 6078/6078 6092/6092 6093/6093
f 6093/6093 6079/6079 6078/6078
f 6094/6094 6095/6095 6096/6096
f 6084/6084 6089/6089 6075/6075
f 6082/6082 6097/6097 6098/6098
f 6099/6099 6100/6100 6101/6101
f 6101/6101 6096/6096 6095/6095
f 6102/6102 6097/6097 6082/6082
f 6103/6103 6084/6084 6075/6075
f 6073/6073 6097/6097 6102/6102
f 6104/6104 6095/6095 6094/6094
f 2186/2186 6105/6105 2321/2321
f 6106/6106 6099/6099 6101/6101
f 6102/6102 6082/6082 6107/6107
f 6095/6095 6106/6106 6101/6101
f 6108/6108 6073/6073 6102/6102
f 6108/6108 6102/6102 6109/6109
f 6102/6102 6107/6107 6109/6109
f 6084/6084 6110/6110 6088/6088
f 6091/6091 6079/6079 6100/6100
f 6100/6100 6079/6079 6093/6093
f 6111/6111 6095/6095 6104/6104
f 6111/6111 6106/6106 6095/6095
f 6112/6112 6110/6110 6084/6084
f 6087/6087 6107/6107 6082/6082
f 6111/6111 6113/6113 6106/6106
f 6114/6114 6113/6113 6111/6111
f 6115/6115 6087/6087 6116/6116
f 6115/6115 6107/6107 6087/6087
f 6116/6116 6087/6087 6091/6091
f 6107/6107 6115/6115 6109/6109
f 6100/6100 6099/6099 6117/6117
f 6103/6103 6112/6112 6084/6084
f 6099/6099 6118/6118 6117/6117
f 6117/6117 6091/6091 6100/6100
f 6091/6091 6117/6117 6116/6116
f 6118/6118 6116/6116 6117/6117
f 6119/6119 6115/6115 6120/6120
f 6118/6118 6115/6115 6116/6116
f 6118/6118 6099/6099 6113/6113
f 6121/6121 6103/6103 6075/6075
f 6120/6120 6115/6115 6118/6118
f 6113/6113 6120/6120 6118/6118
f 6075/6075 6074/6074 6121/6121
f 6106/6106 6113/6113 6099/6099
f 6121/6121 6112/6112 6103/6103
f 6119/6119 6109/6109 6115/6115
f 6090/6090 6122/6122 2186/2186
f 2186/2186 6122/6122 6105/6105
f 6114/6114 6120/6120 6113/6113
f 6074/6074 6123/6123 6121/6121
f 6124/6124 6125/6125 6126/6126
f 6127/6127 6105/6105 6122/6122
f 6128/6128 6129/6129 6121/6121
f 6130/6130 2947/2947 2928/2928
f 2320/2320 2321/2321 6105/6105
f 6129/6129 6112/6112 6121/6121
f 3142/3142 3111/3111 2947/2947
f 3142/3142 2947/2947 6130/6130
f 6131/6131 6124/6124 6132/6132
f 6132/6132 6124/6124 6126/6126
f 6123/6123 6128/6128 6121/6121
f 6133/6133 6132/6132 6126/6126
f 6134/6134 6135/6135 6130/6130
f 6130/6130 2928/2928 6134/6134
f 6136/6136 2338/2338 2349/2349
f 2349/2349 2320/2320 6136/6136
f 6137/6137 6136/6136 2320/2320
f 6128/6128 6138/6138 6139/6139
f 6128/6128 6112/6112 6129/6129
f 6131/6131 6132/6132 6140/6140
f 6141/6141 6112/6112 6128/6128
f 6142/6142 6130/6130 6135/6135
f 6112/6112 6141/6141 6143/6143
f 6105/6105 6137/6137 2320/2320
f 6144/6144 6128/6128 6139/6139
f 6131/6131 6140/6140 6094/6094
f 6141/6141 6128/6128 6144/6144
f 6144/6144 6145/6145 6141/6141
f 6104/6104 6094/6094 6140/6140
f 6146/6146 6137/6137 6105/6105
f 6147/6147 6148/6148 3142/3142
f 6149/6149 6137/6137 6146/6146
f 6150/6150 6151/6151 6144/6144
f 6147/6147 3142/3142 6130/6130
f 6147/6147 6130/6130 6142/6142
f 6104/6104 6152/6152 6111/6111
f 6147/6147 6142/6142 6153/6153
f 6154/6154 6145/6145 6144/6144
f 6149/6149 6136/6136 6137/6137
f 6154/6154 6144/6144 6151/6151
f 6148/6148 6147/6147 6153/6153
f 6155/6155 6154/6154 6151/6151
f 6133/6133 6156/6156 6157/6157
f 6158/6158 6148/6148 6153/6153
f 6132/6132 6133/6133 6140/6140
f 6105/6105 6127/6127 6146/6146
f 6135/6135 6134/6134 6159/6159
f 6160/6160 6140/6140 6133/6133
f 6160/6160 6133/6133 6157/6157
f 6161/6161 6135/6135 6159/6159
f 6162/6162 6163/6163 6164/6164
f 6146/6146 6127/6127 6165/6165
f 6159/6159 6163/6163 6161/6161
f 6161/6161 6163/6163 6162/6162
f 6156/6156 6166/6166 6157/6157
f 6135/6135 6161/6161 6167/6167
f 6167/6167 6161/6161 6162/6162
f 6162/6162 6168/6168 6167/6167
f 6169/6169 6162/6162 6170/6170
f 6169/6169 6168/6168 6162/6162
f 6123/6123 6074/6074 6171/6171
f 6167/6167 6142/6142 6135/6135
f 6172/6172 6171/6171 6173/6173
f 6164/6164 6170/6170 6162/6162
f 6174/6174 6123/6123 6171/6171
f 6171/6171 6172/6172 6174/6174
f 6138/6138 6123/6123 6174/6174
f 6152/6152 6140/6140 6160/6160
f 6152/6152 6104/6104 6140/6140
f 6165/6165 6175/6175 6146/6146
f 6175/6175 6149/6149 6146/6146
f 6138/6138 6174/6174 6176/6176
f 6138/6138 6128/6128 6123/6123
f 6177/6177 6175/6175 6165/6165
f 6178/6178 6179/6179 6172/6172
f 6179/6179 6174/6174 6172/6172
f 6180/6180 6170/6170 6181/6181
f 6174/6174 6182/6182 6176/6176
f 6183/6183 6149/6149 6175/6175
f 6174/6174 6179/6179 6182/6182
f 6114/6114 6111/6111 6152/6152
f 6180/6180 6169/6169 6170/6170
f 6184/6184 6182/6182 6179/6179
f 6184/6184 6179/6179 6178/6178
f 6114/6114 6185/6185 6186/6186
f 6142/6142 6167/6167 6187/6187
f 6160/6160 6188/6188 6152/6152
f 6189/6189 6187/6187 6167/6167
f 6167/6167 6168/6168 6189/6189
f 6187/6187 6153/6153 6142/6142
f 6188/6188 6114/6114 6152/6152
f 6190/6190 6153/6153 6187/6187
f 6175/6175 6191/6191 6183/6183
f 6192/6192 6114/6114 6188/6188
f 6192/6192 6185/6185 6114/6114
f 6190/6190 6187/6187 6189/6189
f 6193/6193 6190/6190 6189/6189
f 6194/6194 6191/6191 6175/6175
f 6168/6168 6169/6169 6189/6189
f 6189/6189 6169/6169 6193/6193
f 6169/6169 6195/6195 6193/6193
f 6196/6196 6138/6138 6176/6176
f 6196/6196 6176/6176 6197/6197
f 6197/6197 6176/6176 6182/6182
f 6182/6182 6198/6198 6197/6197
f 6194/6194 6175/6175 6177/6177
f 6153/6153 6190/6190 6158/6158
f 6196/6196 6139/6139 6138/6138
f 6193/6193 6195/6195 6190/6190
f 6188/6188 6160/6160 6199/6199
f 6190/6190 6195/6195 6200/6200
f 6139/6139 6196/6196 6144/6144
f 6196/6196 6150/6150 6144/6144
f 6195/6195 6169/6169 6180/6180
f 6188/6188 6201/6201 6192/6192
f 6201/6201 6185/6185 6192/6192
f 6185/6185 6201/6201 6202/6202
f 6203/6203 6204/6204 6205/6205
f 6206/6206 6188/6188 6199/6199
f 6201/6201 6188/6188 6206/6206
f 938/938 2166/2166 916/916
f 6203/6203 6207/6207 6204/6204
f 6208/6208 6201/6201 6206/6206
f 2385/2385 2166/2166 938/938
f 6209/6209 6202/6202 6201/6201
f 4106/4106 4121/4121 6210/6210
f 6211/6211 4106/4106 6210/6210
f 6208/6208 6209/6209 6201/6201
f 6202/6202 6212/6212 6185/6185
f 6180/6180 6200/6200 6195/6195
f 6202/6202 6209/6209 6213/6213
f 6213/6213 6214/6214 6202/6202
f 6214/6214 6215/6215 6202/6202
f 4123/4123 6210/6210 4121/4121
f 6214/6214 6216/6216 6215/6215
f 6217/6217 6216/6216 6214/6214
f 6218/6218 6210/6210 6219/6219
f 6220/6220 6217/6217 6214/6214
f 6216/6216 6217/6217 6221/6221
f 6222/6222 6217/6217 6220/6220
f 6218/6218 6219/6219 6205/6205
f 6203/6203 6205/6205 6219/6219
f 6223/6223 6158/6158 6190/6190
f 6224/6224 6158/6158 6223/6223
f 6225/6225 6226/6226 6227/6227
f 6228/6228 6229/6229 6226/6226
f 6225/6225 6228/6228 6226/6226
f 6200/6200 6223/6223 6190/6190
f 4007/4007 2385/2385 938/938
f 4123/4123 6219/6219 6210/6210
f 6120/6120 6230/6230 6119/6119
f 6223/6223 6200/6200 6231/6231
f 6232/6232 6219/6219 4123/4123
f 6225/6225 6227/6227 6119/6119
f 6233/6233 2385/2385 4007/4007
f 2385/2385 6233/6233 6234/6234
f 6235/6235 6231/6231 6200/6200
f 6230/6230 6225/6225 6119/6119
f 6236/6236 6225/6225 6230/6230
f 6237/6237 4123/4123 4129/4129
f 6238/6238 6228/6228 6225/6225
f 6228/6228 6239/6239 6229/6229
f 6228/6228 6240/6240 6239/6239
f 6232/6232 4123/4123 6237/6237
f 6241/6241 6240/6240 6228/6228
f 6231/6231 6224/6224 6223/6223
f 6219/6219 6232/6232 6203/6203
f 6235/6235 6242/6242 6231/6231
f 6243/6243 6207/6207 6203/6203
f 6120/6120 6244/6244 6230/6230
f 6180/6180 6235/6235 6200/6200
f 6232/6232 6243/6243 6203/6203
f 6245/6245 6230/6230 6244/6244
f 6245/6245 6236/6236 6230/6230
f 6236/6236 6238/6238 6225/6225
f 6204/6204 6246/6246 6247/6247
f 6114/6114 6244/6244 6120/6120
f 6186/6186 6245/6245 6244/6244
f 6090/6090 2172/2172 2385/2385
f 6114/6114 6186/6186 6244/6244
f 6245/6245 6186/6186 6212/6212
f 6248/6248 6245/6245 6212/6212
f 6207/6207 6249/6249 6204/6204
f 6228/6228 6238/6238 6241/6241
f 6236/6236 6241/6241 6238/6238
f 6249/6249 6246/6246 6204/6204
f 6250/6250 6240/6240 6241/6241
f 6234/6234 6090/6090 2385/2385
f 6251/6251 6246/6246 6249/6249
f 6252/6252 6236/6236 6245/6245
f 6252/6252 6241/6241 6236/6236
f 6248/6248 6252/6252 6245/6245
f 6253/6253 6178/6178 6246/6246
f 6246/6246 6178/6178 6254/6254
f 6255/6255 6252/6252 6248/6248
f 6255/6255 6241/6241 6252/6252
f 6256/6256 6178/6178 6253/6253
f 6242/6242 6235/6235 6257/6257
f 6246/6246 6251/6251 6253/6253
f 6258/6258 6256/6256 6253/6253
f 6207/6207 6251/6251 6249/6249
f 6243/6243 6251/6251 6207/6207
f 6259/6259 6260/6260 6257/6257
f 6253/6253 6251/6251 6258/6258
f 6261/6261 6239/6239 6240/6240
f 4007/4007 6262/6262 6233/6233
f 6262/6262 4007/4007 4028/4028
f 6251/6251 6263/6263 6258/6258
f 6264/6264 6258/6258 6263/6263
f 6233/6233 6265/6265 6234/6234
f 6125/6125 6266/6266 6267/6267
f 6268/6268 6240/6240 6250/6250
f 6241/6241 6269/6269 6250/6250
f 6265/6265 6233/6233 6262/6262
f 6131/6131 6266/6266 6125/6125
f 6124/6124 6131/6131 6125/6125
f 4142/4142 6237/6237 4129/4129
f 6270/6270 6181/6181 6170/6170
f 6271/6271 6261/6261 6240/6240
f 6262/6262 4028/4028 6272/6272
f 6240/6240 6268/6268 6271/6271
f 6273/6273 4144/4144 4141/4141
f 6274/6274 6275/6275 6271/6271
f 6276/6276 6181/6181 6270/6270
f 6268/6268 6274/6274 6271/6271
f 6272/6272 6265/6265 6262/6262
f 6277/6277 6278/6278 4142/4142
f 6212/6212 6186/6186 6185/6185
f 6279/6279 6181/6181 6276/6276
f 6280/6280 6248/6248 6212/6212
f 6237/6237 6281/6281 6232/6232
f 6280/6280 6255/6255 6248/6248
f 6279/6279 6282/6282 6181/6181
f 6255/6255 6269/6269 6241/6241
f 6255/6255 6283/6283 6269/6269
f 6243/6243 6232/6232 6281/6281
f 6284/6284 6234/6234 6265/6265
f 6280/6280 6212/6212 6215/6215
f 6278/6278 6237/6237 4142/4142
f 6280/6280 6283/6283 6255/6255
f 6281/6281 6237/6237 6278/6278
f 6284/6284 6090/6090 6234/6234
f 6202/6202 6215/6215 6212/6212
f 6285/6285 6280/6280 6215/6215
f 6285/6285 6283/6283 6280/6280
f 6216/6216 6285/6285 6215/6215
f 6265/6265 6286/6286 6284/6284
f 6286/6286 6287/6287 6284/6284
f 6269/6269 6268/6268 6250/6250
f 6283/6283 6285/6285 6269/6269
f 6287/6287 6090/6090 6284/6284
f 6288/6288 4142/4142 4144/4144
f 6287/6287 6122/6122 6090/6090
f 6269/6269 6285/6285 6289/6289
f 6290/6290 6273/6273 4141/4141
f 6273/6273 6288/6288 4144/4144
f 6180/6180 6181/6181 6282/6282
f 6291/6291 6274/6274 6268/6268
f 6278/6278 6292/6292 6281/6281
f 6293/6293 6294/6294 6289/6289
f 6289/6289 6268/6268 6269/6269
f 6291/6291 6268/6268 6289/6289
f 6288/6288 6277/6277 4142/4142
f 6272/6272 6286/6286 6265/6265
f 6294/6294 6291/6291 6289/6289
f 6288/6288 6295/6295 6296/6296
f 6277/6277 6288/6288 6296/6296
f 6293/6293 6285/6285 6216/6216
f 6295/6295 6288/6288 6273/6273
f 6295/6295 6273/6273 6297/6297
f 6298/6298 6180/6180 6282/6282
f 6293/6293 6289/6289 6285/6285
f 6216/6216 6299/6299 6293/6293
f 6221/6221 6299/6299 6216/6216
f 6286/6286 6300/6300 6287/6287
f 6292/6292 6277/6277 6296/6296
f 6277/6277 6292/6292 6278/6278
f 6221/6221 6217/6217 6222/6222
f 6301/6301 6296/6296 6295/6295
f 6302/6302 6221/6221 6222/6222
f 6292/6292 6296/6296 6301/6301
f 6299/6299 6294/6294 6293/6293
f 6301/6301 6295/6295 6303/6303
f 6298/6298 6235/6235 6180/6180
f 6303/6303 6295/6295 6304/6304
f 6286/6286 6305/6305 6300/6300
f 6299/6299 6306/6306 6294/6294
f 6294/6294 6306/6306 6307/6307
f 6302/6302 6306/6306 6221/6221
f 6299/6299 6221/6221 6306/6306
f 6251/6251 6243/6243 6308/6308
f 6308/6308 6263/6263 6251/6251
f 6302/6302 6307/6307 6306/6306
f 6309/6309 6263/6263 6308/6308
f 6302/6302 6310/6310 6307/6307
f 6300/6300 6122/6122 6287/6287
f 6311/6311 6264/6264 6263/6263
f 6127/6127 6122/6122 6312/6312
f 6263/6263 6309/6309 6311/6311
f 6300/6300 6312/6312 6122/6122
f 6313/6313 6309/6309 6314/6314
f 6305/6305 6312/6312 6300/6300
f 6308/6308 6243/6243 6281/6281
f 6261/6261 6275/6275 6315/6315
f 6316/6316 6261/6261 6317/6317
f 6292/6292 6308/6308 6281/6281
f 6315/6315 6317/6317 6261/6261
f 6318/6318 6308/6308 6292/6292
f 6165/6165 6312/6312 6305/6305
f 6315/6315 6319/6319 6317/6317
f 6320/6320 6276/6276 6071/6071
f 6320/6320 6071/6071 6073/6073
f 6165/6165 6127/6127 6312/6312
f 6275/6275 6261/6261 6271/6271
f 6308/6308 6318/6318 6309/6309
f 6320/6320 6279/6279 6276/6276
f 6321/6321 6309/6309 6318/6318
f 6108/6108 6320/6320 6073/6073
f 6322/6322 6318/6318 6292/6292
f 6322/6322 6321/6321 6318/6318
f 6275/6275 6274/6274 6315/6315
f 6323/6323 6321/6321 6322/6322
f 6324/6324 4028/4028 4136/4136
f 6323/6323 6322/6322 6325/6325
f 6324/6324 6272/6272 4028/4028
f 6325/6325 6326/6326 6323/6323
f 6326/6326 6327/6327 6323/6323
f 6274/6274 6328/6328 6315/6315
f 6322/6322 6292/6292 6325/6325
f 6301/6301 6325/6325 6292/6292
f 6119/6119 6329/6329 6109/6109
f 6325/6325 6301/6301 6326/6326
f 6330/6330 6331/6331 6315/6315
f 6303/6303 6326/6326 6301/6301
f 6227/6227 6329/6329 6119/6119
f 6329/6329 6226/6226 6229/6229
f 6227/6227 6226/6226 6329/6329
f 6332/6332 6324/6324 4136/4136
f 6326/6326 6303/6303 6333/6333
f 6314/6314 6309/6309 6321/6321
f 6329/6329 6108/6108 6109/6109
f 6320/6320 6108/6108 6229/6229
f 6319/6319 6315/6315 6331/6331
f 6229/6229 6279/6279 6320/6320
f 6329/6329 6229/6229 6108/6108
f 6229/6229 6239/6239 6279/6279
f 6334/6334 6313/6313 6314/6314
f 6314/6314 6321/6321 6335/6335
f 6335/6335 6321/6321 6323/6323
f 6323/6323 6327/6327 6335/6335
f 6336/6336 6331/6331 6330/6330
f 6239/6239 6282/6282 6279/6279
f 6335/6335 6334/6334 6314/6314
f 6331/6331 6337/6337 6338/6338
f 6337/6337 6331/6331 6336/6336
f 6337/6337 6336/6336 6339/6339
f 6338/6338 6337/6337 6339/6339
f 6326/6326 6333/6333 6340/6340
f 6332/6332 4136/4136 3874/3874
f 6341/6341 6272/6272 6324/6324
f 6272/6272 6341/6341 6286/6286
f 6342/6342 6155/6155 6151/6151
f 6342/6342 6343/6343 6155/6155
f 6317/6317 6319/6319 6344/6344
f 6344/6344 6319/6319 6338/6338
f 6198/6198 6182/6182 6184/6184
f 6256/6256 6198/6198 6184/6184
f 6331/6331 6338/6338 6319/6319
f 6345/6345 6198/6198 6256/6256
f 6256/6256 6184/6184 6178/6178
f 6346/6346 6347/6347 6338/6338
f 6305/6305 6286/6286 6341/6341
f 6346/6346 6338/6338 6339/6339
f 6239/6239 6316/6316 6282/6282
f 6198/6198 6348/6348 6197/6197
f 6196/6196 6197/6197 6349/6349
f 6294/6294 6350/6350 6291/6291
f 6349/6349 6197/6197 6348/6348
f 6328/6328 6291/6291 6350/6350
f 6351/6351 6350/6350 6294/6294
f 6328/6328 6274/6274 6291/6291
f 6341/6341 6324/6324 6352/6352
f 6316/6316 6298/6298 6282/6282
f 6353/6353 6256/6256 6258/6258
f 6352/6352 6305/6305 6341/6341
f 6256/6256 6353/6353 6345/6345
f 6328/6328 6350/6350 6354/6354
f 6328/6328 6330/6330 6315/6315
f 6258/6258 6264/6264 6353/6353
f 6354/6354 6330/6330 6328/6328
f 6354/6354 6350/6350 6351/6351
f 6355/6355 6354/6354 6351/6351
f 6345/6345 6353/6353 6356/6356
f 6345/6345 6348/6348 6198/6198
f 6356/6356 6348/6348 6345/6345
f 6307/6307 6351/6351 6294/6294
f 6357/6357 6235/6235 6298/6298
f 6348/6348 6356/6356 6358/6358
f 6359/6359 6351/6351 6307/6307
f 6235/6235 6357/6357 6257/6257
f 6196/6196 6349/6349 6150/6150
f 6150/6150 6342/6342 6151/6151
f 6355/6355 6351/6351 6359/6359
f 6342/6342 6150/6150 6349/6349
f 6348/6348 6342/6342 6349/6349
f 6360/6360 6342/6342 6348/6348
f 6342/6342 6360/6360 6361/6361
f 6362/6362 6355/6355 6359/6359
f 6343/6343 6342/6342 6361/6361
f 6354/6354 6363/6363 6330/6330
f 6332/6332 3874/3874 3885/3885
f 6360/6360 6348/6348 6358/6358
f 6364/6364 6332/6332 3885/3885
f 6363/6363 6336/6336 6330/6330
f 6360/6360 6365/6365 6361/6361
f 6355/6355 6366/6366 6354/6354
f 6367/6367 6357/6357 6298/6298
f 6354/6354 6366/6366 6363/6363
f 6358/6358 6365/6365 6360/6360
f 6366/6366 6368/6368 6363/6363
f 6362/6362 6369/6369 6366/6366
f 6259/6259 6257/6257 6357/6357
f 6363/6363 6368/6368 6336/6336
f 6370/6370 6343/6343 6361/6361
f 6364/6364 6371/6371 6332/6332
f 6339/6339 6336/6336 6368/6368
f 6370/6370 6361/6361 6365/6365
f 6366/6366 6369/6369 6368/6368
f 6372/6372 6370/6370 6365/6365
f 6373/6373 6368/6368 6369/6369
f 6370/6370 6372/6372 6374/6374
f 6368/6368 6373/6373 6339/6339
f 6375/6375 6376/6376 6359/6359
f 6377/6377 6343/6343 6370/6370
f 6324/6324 6378/6378 6352/6352
f 6343/6343 6377/6377 6379/6379
f 6362/6362 6366/6366 6355/6355
f 6324/6324 6332/6332 6378/6378
f 6311/6311 6353/6353 6264/6264
f 6371/6371 6378/6378 6332/6332
f 6362/6362 6359/6359 6376/6376
f 6376/6376 6369/6369 6362/6362
f 6356/6356 6353/6353 6311/6311
f 6380/6380 6352/6352 6378/6378
f 6259/6259 6381/6381 6382/6382
f 6383/6383 6356/6356 6311/6311
f 6384/6384 6373/6373 6369/6369
f 6384/6384 6369/6369 6376/6376
f 6313/6313 6311/6311 6309/6309
f 6367/6367 6259/6259 6357/6357
f 6384/6384 6385/6385 6373/6373
f 6356/6356 6383/6383 6386/6386
f 6387/6387 6384/6384 6376/6376
f 6313/6313 6383/6383 6311/6311
f 6385/6385 6384/6384 6388/6388
f 6380/6380 6378/6378 6389/6389
f 6390/6390 6157/6157 6391/6391
f 6386/6386 6358/6358 6356/6356
f 6392/6392 6358/6358 6386/6386
f 6367/6367 6381/6381 6259/6259
f 6393/6393 6389/6389 6371/6371
f 6389/6389 6378/6378 6371/6371
f 6261/6261 6316/6316 6239/6239
f 6394/6394 6392/6392 6386/6386
f 6157/6157 6395/6395 6160/6160
f 6395/6395 6199/6199 6160/6160
f 6390/6390 6395/6395 6157/6157
f 6334/6334 6396/6396 6313/6313
f 6396/6396 6383/6383 6313/6313
f 6305/6305 6397/6397 6165/6165
f 6398/6398 6386/6386 6383/6383
f 6352/6352 6397/6397 6305/6305
f 6399/6399 6390/6390 6400/6400
f 6398/6398 6383/6383 6396/6396
f 6398/6398 6396/6396 6401/6401
f 6298/6298 6316/6316 6367/6367
f 6402/6402 6395/6395 6390/6390
f 6398/6398 6394/6394 6386/6386
f 6403/6403 6394/6394 6398/6398
f 6399/6399 6402/6402 6390/6390
f 6177/6177 6165/6165 6397/6397
f 6403/6403 6398/6398 6401/6401
f 6403/6403 6404/6404 6394/6394
f 6316/6316 6317/6317 6367/6367
f 6334/6334 6401/6401 6396/6396
f 6405/6405 6334/6334 6406/6406
f 6401/6401 6334/6334 6405/6405
f 6407/6407 6340/6340 6408/6408
f 6397/6397 6409/6409 6177/6177
f 6410/6410 6411/6411 6199/6199
f 6411/6411 6410/6410 6412/6412
f 6411/6411 6206/6206 6199/6199
f 6411/6411 6208/6208 6206/6206
f 6412/6412 6208/6208 6411/6411
f 6392/6392 6365/6365 6358/6358
f 6397/6397 6413/6413 6409/6409
f 6392/6392 6372/6372 6365/6365
f 6394/6394 6372/6372 6392/6392
f 6213/6213 6414/6414 6214/6214
f 6214/6214 6414/6414 6220/6220
f 6415/6415 6209/6209 6208/6208
f 6415/6415 6208/6208 6412/6412
f 6177/6177 6409/6409 6194/6194
f 6381/6381 6367/6367 6416/6416
f 6415/6415 6213/6213 6209/6209
f 6213/6213 6415/6415 6417/6417
f 6418/6418 6220/6220 6414/6414
f 6374/6374 6377/6377 6370/6370
f 6419/6419 6414/6414 6213/6213
f 6414/6414 6419/6419 6418/6418
f 6395/6395 6410/6410 6199/6199
f 6377/6377 6374/6374 6420/6420
f 6421/6421 6409/6409 6413/6413
f 6409/6409 6421/6421 6422/6422
f 6423/6423 6395/6395 6402/6402
f 6410/6410 6395/6395 6423/6423
f 6420/6420 6372/6372 6394/6394
f 6420/6420 6374/6374 6372/6372
f 6409/6409 6424/6424 6194/6194
f 6424/6424 6409/6409 6422/6422
f 6425/6425 6410/6410 6426/6426
f 6404/6404 6420/6420 6394/6394
f 6425/6425 6426/6426 6417/6417
f 6415/6415 6412/6412 6410/6410
f 6417/6417 6415/6415 6425/6425
f 6425/6425 6415/6415 6410/6410
f 6317/6317 6416/6416 6367/6367
f 6417/6417 6419/6419 6213/6213
f 6380/6380 6397/6397 6352/6352
f 6380/6380 6413/6413 6397/6397
f 6417/6417 6427/6427 6419/6419
f 6427/6427 6417/6417 6428/6428
f 6429/6429 6377/6377 6420/6420
f 6430/6430 6222/6222 6220/6220
f 6310/6310 6302/6302 6222/6222
f 6429/6429 6420/6420 6431/6431
f 6432/6432 6310/6310 6222/6222
f 6418/6418 6430/6430 6220/6220
f 6364/6364 3885/3885 4167/4167
f 6430/6430 6418/6418 6433/6433
f 6430/6430 6432/6432 6222/6222
f 6434/6434 6364/6364 4167/4167
f 6435/6435 6436/6436 6110/6110
f 6364/6364 6434/6434 6371/6371
f 6437/6437 6413/6413 6380/6380
f 6380/6380 6389/6389 6437/6437
f 6419/6419 6427/6427 6418/6418
f 6433/6433 6427/6427 6438/6438
f 6439/6439 6371/6371 6434/6434
f 6427/6427 6433/6433 6418/6418
f 6432/6432 6430/6430 6433/6433
f 6432/6432 6433/6433 6440/6440
f 6441/6441 6438/6438 6427/6427
f 6442/6442 6371/6371 6439/6439
f 6427/6427 6443/6443 6441/6441
f 6440/6440 6433/6433 6438/6438
f 6444/6444 6445/6445 6435/6435
f 6446/6446 6445/6445 6444/6444
f 6413/6413 6437/6437 6447/6447
f 6439/6439 6434/6434 4167/4167
f 6447/6447 6448/6448 6413/6413
f 6143/6143 6435/6435 6110/6110
f 6440/6440 6449/6449 6432/6432
f 6440/6440 6450/6450 6449/6449
f 6143/6143 6110/6110 6112/6112
f 6438/6438 6451/6451 6440/6440
f 6439/6439 4167/4167 4176/4176
f 6452/6452 6451/6451 6438/6438
f 6448/6448 6421/6421 6413/6413
f 6444/6444 6435/6435 6143/6143
f 6453/6453 6446/6446 6444/6444
f 6454/6454 6446/6446 6453/6453
f 6423/6423 6402/6402 6455/6455
f 6456/6456 6444/6444 6143/6143
f 6456/6456 6457/6457 6444/6444
f 6457/6457 6453/6453 6444/6444
f 6458/6458 6422/6422 6421/6421
f 6437/6437 6389/6389 6393/6393
f 6267/6267 6458/6458 6421/6421
f 6453/6453 6459/6459 6454/6454
f 6460/6460 6423/6423 6455/6455
f 6460/6460 6435/6435 6445/6445
f 6460/6460 6445/6445 6461/6461
f 6462/6462 6437/6437 6393/6393
f 6463/6463 6461/6461 6445/6445
f 6464/6464 6461/6461 6463/6463
f 6421/6421 6448/6448 6267/6267
f 6455/6455 6435/6435 6460/6460
f 6463/6463 6465/6465 6464/6464
f 6465/6465 6463/6463 6466/6466
f 6467/6467 6465/6465 6466/6466
f 6468/6468 6465/6465 6469/6469
f 6445/6445 6446/6446 6463/6463
f 6470/6470 6466/6466 6463/6463
f 6454/6454 6463/6463 6446/6446
f 6470/6470 6467/6467 6466/6466
f 6402/6402 6399/6399 6455/6455
f 6454/6454 6470/6470 6463/6463
f 6442/6442 6393/6393 6371/6371
f 6469/6469 6465/6465 6471/6471
f 6471/6471 6465/6465 6467/6467
f 6085/6085 6399/6399 6083/6083
f 6469/6469 6471/6471 6472/6472
f 6455/6455 6399/6399 6085/6085
f 6472/6472 6471/6471 6473/6473
f 6467/6467 6474/6474 6471/6471
f 6125/6125 6267/6267 6448/6448
f 6475/6475 6467/6467 6470/6470
f 6467/6467 6475/6475 6474/6474
f 6088/6088 6436/6436 6085/6085
f 6436/6436 6455/6455 6085/6085
f 6110/6110 6436/6436 6088/6088
f 6476/6476 6475/6475 6470/6470
f 6125/6125 6448/6448 6126/6126
f 6470/6470 6454/6454 6476/6476
f 6459/6459 6476/6476 6454/6454
f 6477/6477 6476/6476 6459/6459
f 6436/6436 6435/6435 6455/6455
f 2756/2756 2338/2338 6136/6136
f 2756/2756 2748/2748 2338/2338
f 6442/6442 6462/6462 6393/6393
f 6474/6474 6475/6475 6478/6478
f 6477/6477 6475/6475 6476/6476
f 6479/6479 6410/6410 6423/6423
f 6480/6480 6475/6475 6477/6477
f 6475/6475 6480/6480 6481/6481
f 6479/6479 6426/6426 6410/6410
f 6481/6481 6478/6478 6475/6475
f 6482/6482 6417/6417 6426/6426
f 6483/6483 6478/6478 6481/6481
f 6484/6484 6428/6428 6417/6417
f 6482/6482 6484/6484 6417/6417
f 6485/6485 2756/2756 6136/6136
f 6462/6462 6442/6442 6486/6486
f 6486/6486 6487/6487 6462/6462
f 6460/6460 6479/6479 6423/6423
f 6145/6145 6456/6456 6141/6141
f 6456/6456 6143/6143 6141/6141
f 6482/6482 6426/6426 6479/6479
f 6479/6479 6460/6460 6482/6482
f 6488/6488 2754/2754 2756/2756
f 6489/6489 6482/6482 6490/6490
f 6491/6491 6457/6457 6456/6456
f 6457/6457 6492/6492 6459/6459
f 6459/6459 6453/6453 6457/6457
f 6490/6490 6482/6482 6460/6460
f 6493/6493 4176/4176 4182/4182
f 6461/6461 6490/6490 6460/6460
f 6485/6485 6136/6136 6149/6149
f 6494/6494 6457/6457 6491/6491
f 6439/6439 4176/4176 6493/6493
f 6482/6482 6428/6428 6484/6484
f 6489/6489 6428/6428 6482/6482
f 6428/6428 6489/6489 6495/6495
f 6492/6492 6457/6457 6494/6494
f 6428/6428 6443/6443 6427/6427
f 6492/6492 6477/6477 6459/6459
f 2756/2756 6485/6485 6488/6488
f 6428/6428 6441/6441 6443/6443
f 6495/6495 6441/6441 6428/6428
f 6441/6441 6452/6452 6438/6438
f 6480/6480 6496/6496 6481/6481
f 6452/6452 6441/6441 6495/6495
f 6494/6494 6497/6497 6492/6492
f 6497/6497 6477/6477 6492/6492
f 6497/6497 6480/6480 6477/6477
f 6498/6498 6497/6497 6494/6494
f 6497/6497 6499/6499 6480/6480
f 6500/6500 6493/6493 4182/4182
f 3959/3959 6500/6500 4182/4182
f 6501/6501 6496/6496 6480/6480
f 2754/2754 6502/6502 2755/2755
f 6499/6499 6501/6501 6480/6480
f 6503/6503 6451/6451 6452/6452
f 6495/6495 6468/6468 6452/6452
f 6456/6456 6145/6145 6154/6154
f 6504/6504 6456/6456 6154/6154
f 2787/2787 2755/2755 2790/2790
f 6490/6490 6461/6461 6464/6464
f 6464/6464 6489/6489 6490/6490
f 6505/6505 2788/2788 2790/2790
f 6495/6495 6489/6489 6468/6468
f 6489/6489 6464/6464 6468/6468
f 6465/6465 6468/6468 6464/6464
f 6493/6493 6442/6442 6439/6439
f 6469/6469 6452/6452 6468/6468
f 6502/6502 2790/2790 2755/2755
f 6493/6493 6506/6506 6442/6442
f 6507/6507 6505/6505 2790/2790
f 6456/6456 6508/6508 6491/6491
f 6508/6508 6494/6494 6491/6491
f 6508/6508 6509/6509 6494/6494
f 6510/6510 6469/6469 6472/6472
f 6511/6511 6508/6508 6456/6456
f 6508/6508 6511/6511 6509/6509
f 6498/6498 6494/6494 6509/6509
f 6469/6469 6503/6503 6452/6452
f 6499/6499 6497/6497 6498/6498
f 6503/6503 6469/6469 6510/6510
f 6507/6507 2790/2790 6512/6512
f 6450/6450 6513/6513 6449/6449
f 6502/6502 6512/6512 2790/2790
f 6506/6506 6486/6486 6442/6442
f 6514/6514 6499/6499 6515/6515
f 6516/6516 6512/6512 6502/6502
f 6451/6451 6450/6450 6440/6440
f 6504/6504 6511/6511 6456/6456
f 6506/6506 6517/6517 6486/6486
f 6450/6450 6451/6451 6518/6518
f 6498/6498 6509/6509 6519/6519
f 2754/2754 6488/6488 6502/6502
f 6520/6520 6521/6521 6522/6522
f 6522/6522 6450/6450 6518/6518
f 6519/6519 6515/6515 6498/6498
f 6518/6518 6520/6520 6522/6522
f 6523/6523 6524/6524 6520/6520
f 6499/6499 6498/6498 6515/6515
f 6523/6523 6520/6520 6525/6525
f 6526/6526 6506/6506 6493/6493
f 6526/6526 6493/6493 6500/6500
f 6527/6527 6518/6518 6451/6451
f 6518/6518 6527/6527 6525/6525
f 6528/6528 6525/6525 6527/6527
f 6529/6529 6530/6530 6472/6472
f 6149/6149 6183/6183 6485/6485
f 6529/6529 6531/6531 6530/6530
f 6473/6473 6529/6529 6472/6472
f 6474/6474 6473/6473 6471/6471
f 6503/6503 6527/6527 6451/6451
f 6183/6183 6488/6488 6485/6485
f 6532/6532 6533/6533 6531/6531
f 6534/6534 6528/6528 6527/6527
f 6529/6529 6532/6532 6531/6531
f 6534/6534 6535/6535 6528/6528
f 6528/6528 6536/6536 6525/6525
f 6526/6526 6517/6517 6506/6506
f 6525/6525 6520/6520 6518/6518
f 6473/6473 6474/6474 6537/6537
f 6473/6473 6532/6532 6529/6529
f 6536/6536 6523/6523 6525/6525
f 6474/6474 6478/6478 6537/6537
f 6473/6473 6537/6537 6532/6532
f 6537/6537 6538/6538 6532/6532
f 6535/6535 6536/6536 6528/6528
f 6533/6533 6539/6539 6540/6540
f 6535/6535 6541/6541 6536/6536
f 6542/6542 6536/6536 6541/6541
f 6543/6543 6488/6488 6183/6183
f 6542/6542 6523/6523 6536/6536
f 6532/6532 6539/6539 6533/6533
f 6544/6544 6540/6540 6539/6539
f 6545/6545 6523/6523 6542/6542
f 6546/6546 6539/6539 6532/6532
f 6547/6547 6488/6488 6543/6543
f 6544/6544 6548/6548 6540/6540
f 6472/6472 6530/6530 6510/6510
f 6546/6546 6548/6548 6544/6544
f 6546/6546 6544/6544 6539/6539
f 6549/6549 6550/6550 6548/6548
f 6527/6527 6503/6503 6510/6510
f 6551/6551 6533/6533 6552/6552
f 6540/6540 6552/6552 6533/6533
f 6437/6437 6462/6462 6553/6553
f 6462/6462 6487/6487 6553/6553
f 6540/6540 6554/6554 6552/6552
f 6540/6540 6555/6555 6554/6554
f 6510/6510 6534/6534 6527/6527
f 6183/6183 6191/6191 6543/6543
f 6540/6540 6548/6548 6555/6555
f 6556/6556 6543/6543 6191/6191
f 6483/6483 6537/6537 6478/6478
f 6535/6535 6534/6534 6531/6531
f 6447/6447 6437/6437 6553/6553
f 6447/6447 6553/6553 6487/6487
f 6530/6530 6534/6534 6510/6510
f 6556/6556 6191/6191 6194/6194
f 6531/6531 6534/6534 6530/6530
f 6483/6483 6538/6538 6537/6537
f 6557/6557 6542/6542 6541/6541
f 6535/6535 6531/6531 6541/6541
f 6496/6496 6483/6483 6481/6481
f 6558/6558 6448/6448 6447/6447
f 6556/6556 6547/6547 6543/6543
f 6557/6557 6545/6545 6542/6542
f 6551/6551 6541/6541 6531/6531
f 6533/6533 6551/6551 6531/6531
f 6532/6532 6538/6538 6546/6546
f 6551/6551 6552/6552 6554/6554
f 6551/6551 6557/6557 6541/6541
f 6557/6557 6551/6551 6554/6554
f 6548/6548 6546/6546 6549/6549
f 6545/6545 6559/6559 6523/6523
f 6516/6516 6560/6560 6512/6512
f 6447/6447 6487/6487 6561/6561
f 6562/6562 6563/6563 6545/6545
f 6546/6546 6564/6564 6549/6549
f 6538/6538 6564/6564 6546/6546
f 6565/6565 6549/6549 6564/6564
f 6558/6558 6447/6447 6561/6561
f 6563/6563 6562/6562 6566/6566
f 6548/6548 6550/6550 6555/6555
f 6550/6550 6567/6567 6555/6555
f 6545/6545 6568/6568 6562/6562
f 6568/6568 6545/6545 6557/6557
f 6547/6547 6502/6502 6488/6488
f 6547/6547 6516/6516 6502/6502
f 6569/6569 6562/6562 6568/6568
f 6569/6569 6570/6570 6562/6562
f 6571/6571 6562/6562 6570/6570
f 6566/6566 6562/6562 6571/6571
f 6561/6561 6572/6572 6558/6558
f 6569/6569 6571/6571 6570/6570
f 6554/6554 6569/6569 6557/6557
f 6569/6569 6568/6568 6557/6557
f 6573/6573 6574/6574 6575/6575
f 6555/6555 6575/6575 6554/6554
f 6575/6575 6555/6555 6567/6567
f 6575/6575 6569/6569 6554/6554
f 6567/6567 6573/6573 6575/6575
f 6486/6486 6561/6561 6487/6487
f 6574/6574 6569/6569 6575/6575
f 6576/6576 6573/6573 6567/6567
f 6574/6574 6573/6573 6577/6577
f 6577/6577 6578/6578 6579/6579
f 6578/6578 6577/6577 6573/6573
f 6580/6580 6516/6516 6547/6547
f 6571/6571 6581/6581 6566/6566
f 6582/6582 6126/6126 6448/6448
f 6578/6578 6583/6583 6579/6579
f 6516/6516 6580/6580 6560/6560
f 6571/6571 6584/6584 6581/6581
f 6585/6585 6586/6586 6560/6560
f 6585/6585 6560/6560 6580/6580
f 6584/6584 6571/6571 6579/6579
f 6587/6587 6584/6584 6579/6579
f 6573/6573 6576/6576 6578/6578
f 6574/6574 6577/6577 6569/6569
f 6556/6556 6588/6588 6547/6547
f 6558/6558 6582/6582 6448/6448
f 6579/6579 6571/6571 6577/6577
f 6577/6577 6571/6571 6569/6569
f 6550/6550 6549/6549 6565/6565
f 6565/6565 6567/6567 6550/6550
f 6513/6513 6307/6307 6310/6310
f 6565/6565 6576/6576 6567/6567
f 6449/6449 6310/6310 6432/6432
f 6449/6449 6513/6513 6310/6310
f 6580/6580 6547/6547 6588/6588
f 6565/6565 6589/6589 6576/6576
f 6359/6359 6307/6307 6513/6513
f 6590/6590 6585/6585 6580/6580
f 6513/6513 6591/6591 6359/6359
f 6583/6583 6578/6578 6592/6592
f 6578/6578 6593/6593 6592/6592
f 6593/6593 6578/6578 6576/6576
f 6594/6594 6590/6590 6580/6580
f 6595/6595 6593/6593 6576/6576
f 6596/6596 6593/6593 6595/6595
f 2788/2788 6505/6505 2864/2864
f 6597/6597 2864/2864 6505/6505
f 6598/6598 6591/6591 6513/6513
f 6599/6599 6375/6375 6591/6591
f 6597/6597 2865/2865 2863/2863
f 6597/6597 2863/2863 2864/2864
f 6375/6375 6359/6359 6591/6591
f 6572/6572 6582/6582 6558/6558
f 6496/6496 6501/6501 6600/6600
f 6601/6601 6602/6602 6375/6375
f 6375/6375 6599/6599 6601/6601
f 6603/6603 6597/6597 6505/6505
f 6507/6507 6603/6603 6505/6505
f 6507/6507 6604/6604 6603/6603
f 6604/6604 6605/6605 6603/6603
f 6605/6605 6597/6597 6603/6603
f 6126/6126 6582/6582 6133/6133
f 6572/6572 6133/6133 6582/6582
f 6600/6600 6501/6501 6606/6606
f 6598/6598 6513/6513 6450/6450
f 6606/6606 6501/6501 6499/6499
f 2865/2865 2870/2870 2862/2862
f 6514/6514 6606/6606 6499/6499
f 6522/6522 6598/6598 6450/6450
f 6606/6606 6514/6514 6607/6607
f 6598/6598 6522/6522 6521/6521
f 6606/6606 6608/6608 6600/6600
f 6606/6606 6609/6609 6608/6608
f 2867/2867 2870/2870 2897/2897
f 6606/6606 6607/6607 6609/6609
f 2870/2870 2865/2865 6610/6610
f 6598/6598 6521/6521 6611/6611
f 6524/6524 6611/6611 6521/6521
f 6610/6610 2897/2897 2870/2870
f 6612/6612 6514/6514 6515/6515
f 6524/6524 6613/6613 6611/6611
f 6613/6613 6599/6599 6611/6611
f 6514/6514 6614/6614 6607/6607
f 6524/6524 6615/6615 6613/6613
f 6616/6616 6609/6609 6607/6607
f 6524/6524 6521/6521 6520/6520
f 6617/6617 6616/6616 6607/6607
f 6605/6605 2865/2865 6597/6597
f 6609/6609 6618/6618 6608/6608
f 6615/6615 6524/6524 6619/6619
f 6620/6620 6618/6618 6609/6609
f 6619/6619 6524/6524 6523/6523
f 6621/6621 2865/2865 6605/6605
f 6559/6559 6619/6619 6523/6523
f 6602/6602 6376/6376 6375/6375
f 6621/6621 6610/6610 2865/2865
f 6620/6620 6609/6609 6622/6622
f 6622/6622 6609/6609 6623/6623
f 6561/6561 6486/6486 6517/6517
f 6624/6624 6376/6376 6602/6602
f 6625/6625 6609/6609 6616/6616
f 6387/6387 6376/6376 6624/6624
f 6604/6604 6507/6507 6626/6626
f 6627/6627 6625/6625 6616/6616
f 6623/6623 6609/6609 6625/6625
f 6599/6599 6613/6613 6601/6601
f 6626/6626 6621/6621 6604/6604
f 6628/6628 6622/6622 6623/6623
f 6627/6627 6623/6623 6625/6625
f 6629/6629 6623/6623 6627/6627
f 6602/6602 6601/6601 6624/6624
f 6630/6630 6561/6561 6517/6517
f 6624/6624 6601/6601 6631/6631
f 6632/6632 6622/6622 6628/6628
f 6624/6624 6631/6631 6633/6633
f 6512/6512 6626/6626 6507/6507
f 6634/6634 6632/6632 6628/6628
f 6512/6512 6560/6560 6626/6626
f 6635/6635 6636/6636 6632/6632
f 6626/6626 6637/6637 6621/6621
f 6638/6638 6633/6633 6631/6631
f 6639/6639 6387/6387 6624/6624
f 6640/6640 6634/6634 6628/6628
f 6635/6635 6632/6632 6634/6634
f 6624/6624 6633/6633 6639/6639
f 6621/6621 6605/6605 6604/6604
f 6639/6639 6633/6633 6641/6641
f 6633/6633 6638/6638 6642/6642
f 6643/6643 6633/6633 6642/6642
f 6644/6644 6636/6636 6635/6635
f 6633/6633 6643/6643 6641/6641
f 6645/6645 6646/6646 6636/6636
f 6647/6647 6641/6641 6643/6643
f 6645/6645 6636/6636 6644/6644
f 6648/6648 6610/6610 6621/6621
f 6649/6649 6646/6646 6645/6645
f 6649/6649 6645/6645 6650/6650
f 6639/6639 6384/6384 6387/6387
f 6651/6651 6538/6538 6483/6483
f 6483/6483 6496/6496 6651/6651
f 6621/6621 6637/6637 6652/6652
f 6652/6652 6648/6648 6621/6621
f 6388/6388 6639/6639 6641/6641
f 6384/6384 6639/6639 6388/6388
f 6600/6600 6651/6651 6496/6496
f 6388/6388 6641/6641 6647/6647
f 6600/6600 6608/6608 6651/6651
f 6615/6615 6601/6601 6613/6613
f 6601/6601 6615/6615 6638/6638
f 6618/6618 6564/6564 6538/6538
f 6538/6538 6651/6651 6618/6618
f 2898/2898 2892/2892 2897/2897
f 6653/6653 6638/6638 6615/6615
f 6638/6638 6631/6631 6601/6601
f 6654/6654 6565/6565 6564/6564
f 6615/6615 6619/6619 6653/6653
f 6608/6608 6618/6618 6651/6651
f 6610/6610 2898/2898 2897/2897
f 6654/6654 6564/6564 6618/6618
f 6559/6559 6655/6655 6619/6619
f 6610/6610 6656/6656 2898/2898
f 6655/6655 6653/6653 6619/6619
f 6620/6620 6654/6654 6618/6618
f 6638/6638 6653/6653 6642/6642
f 6654/6654 6589/6589 6565/6565
f 6653/6653 6655/6655 6657/6657
f 2898/2898 2900/2900 2895/2895
f 6658/6658 2900/2900 2898/2898
f 6659/6659 6589/6589 6654/6654
f 6660/6660 6643/6643 6642/6642
f 6595/6595 6576/6576 6589/6589
f 6660/6660 6642/6642 6657/6657
f 6589/6589 6659/6659 6595/6595
f 6661/6661 6595/6595 6659/6659
f 2903/2903 2900/2900 6658/6658
f 6662/6662 2905/2905 2903/2903
f 6630/6630 6572/6572 6561/6561
f 6659/6659 6654/6654 6661/6661
f 6656/6656 6658/6658 2898/2898
f 6653/6653 6657/6657 6642/6642
f 6654/6654 6663/6663 6661/6661
f 6663/6663 6654/6654 6620/6620
f 6664/6664 6595/6595 6661/6661
f 6658/6658 6662/6662 2903/2903
f 6663/6663 6664/6664 6661/6661
f 6665/6665 6660/6660 6657/6657
f 6660/6660 6665/6665 6666/6666
f 6662/6662 6658/6658 6667/6667
f 6572/6572 6630/6630 6156/6156
f 6668/6668 6593/6593 6596/6596
f 6545/6545 6655/6655 6559/6559
f 6668/6668 6592/6592 6593/6593
f 6656/6656 6610/6610 6648/6648
f 6596/6596 6669/6669 6668/6668
f 6655/6655 6545/6545 6563/6563
f 6664/6664 6596/6596 6595/6595
f 6658/6658 6656/6656 6667/6667
f 6596/6596 6664/6664 6670/6670
f 6671/6671 6670/6670 6664/6664
f 6672/6672 6673/6673 6667/6667
f 6572/6572 6156/6156 6133/6133
f 6673/6673 6662/6662 6667/6667
f 6655/6655 6563/6563 6566/6566
f 6596/6596 6674/6674 6669/6669
f 6566/6566 6657/6657 6655/6655
f 6670/6670 6671/6671 6674/6674
f 6670/6670 6674/6674 6596/6596
f 6675/6675 6656/6656 6648/6648
f 6676/6676 6665/6665 6657/6657
f 6622/6622 6663/6663 6620/6620
f 6632/6632 6663/6663 6622/6622
f 6657/6657 6581/6581 6676/6676
f 6667/6667 6656/6656 6672/6672
f 6664/6664 6663/6663 6636/6636
f 6581/6581 6657/6657 6566/6566
f 6677/6677 6672/6672 6656/6656
f 6678/6678 6672/6672 6677/6677
f 6663/6663 6632/6632 6636/6636
f 6166/6166 6156/6156 6630/6630
f 6636/6636 6671/6671 6664/6664
f 6671/6671 6636/6636 6646/6646
f 6679/6679 6671/6671 6646/6646
f 6680/6680 2905/2905 6673/6673
f 6681/6681 6674/6674 6671/6671
f 6673/6673 2905/2905 6662/6662
f 6679/6679 6681/6681 6671/6671
f 6680/6680 2928/2928 2905/2905
f 6391/6391 6166/6166 6630/6630
f 3139/3139 3142/3142 6148/6148
f 6649/6649 6679/6679 6646/6646
f 6679/6679 6649/6649 6681/6681
f 6649/6649 6682/6682 6681/6681
f 6649/6649 6683/6683 6682/6682
f 6684/6684 6682/6682 6683/6683
f 6155/6155 6504/6504 6154/6154
f 6504/6504 6155/6155 6685/6685
f 6511/6511 6504/6504 6686/6686
f 6391/6391 6157/6157 6166/6166
f 6685/6685 6686/6686 6504/6504
f 3139/3139 6148/6148 6687/6687
f 6680/6680 6673/6673 6688/6688
f 6689/6689 6686/6686 6685/6685
f 6678/6678 6688/6688 6672/6672
f 6686/6686 6509/6509 6511/6511
f 6519/6519 6509/6509 6686/6686
f 6690/6690 3246/3246 3228/3228
f 6688/6688 6673/6673 6672/6672
f 6687/6687 3228/3228 3139/3139
f 6134/6134 2928/2928 6680/6680
f 6687/6687 6690/6690 3228/3228
f 6691/6691 6515/6515 6519/6519
f 6515/6515 6691/6691 6612/6612
f 6692/6692 6686/6686 6689/6689
f 6692/6692 6519/6519 6686/6686
f 6693/6693 6500/6500 6694/6694
f 6695/6695 6500/6500 6693/6693
f 6696/6696 6691/6691 6519/6519
f 6691/6691 6696/6696 6697/6697
f 6692/6692 6696/6696 6519/6519
f 6158/6158 6687/6687 6148/6148
f 6687/6687 6158/6158 6698/6698
f 6379/6379 6685/6685 6155/6155
f 6379/6379 6155/6155 6343/6343
f 6224/6224 6698/6698 6158/6158
f 6699/6699 6685/6685 6379/6379
f 6699/6699 6689/6689 6685/6685
f 6689/6689 6699/6699 6692/6692
f 6626/6626 6560/6560 6637/6637
f 6698/6698 6690/6690 6687/6687
f 6500/6500 6695/6695 6526/6526
f 6586/6586 6637/6637 6560/6560
f 6224/6224 6700/6700 6698/6698
f 6701/6701 6696/6696 6692/6692
f 6692/6692 6699/6699 6701/6701
f 6637/6637 6702/6702 6652/6652
f 6703/6703 6700/6700 6224/6224
f 6231/6231 6703/6703 6224/6224
f 6586/6586 6702/6702 6637/6637
f 6612/6612 6614/6614 6514/6514
f 6704/6704 6702/6702 6586/6586
f 6702/6702 6704/6704 6705/6705
f 6612/6612 6697/6697 6614/6614
f 6697/6697 6706/6706 6614/6614
f 6607/6607 6614/6614 6706/6706
f 6652/6652 6707/6707 6648/6648
f 6648/6648 6707/6707 6675/6675
f 6705/6705 6707/6707 6652/6652
f 6607/6607 6706/6706 6617/6617
f 6697/6697 6612/6612 6691/6691
f 6705/6705 6652/6652 6702/6702
f 6690/6690 6700/6700 6708/6708
f 6708/6708 3246/3246 6690/6690
f 6705/6705 6709/6709 6707/6707
f 6710/6710 3245/3245 3246/3246
f 6711/6711 6677/6677 6675/6675
f 6709/6709 6675/6675 6707/6707
f 6706/6706 6712/6712 6617/6617
f 6713/6713 6706/6706 6697/6697
f 6713/6713 6714/6714 6706/6706
f 6585/6585 6704/6704 6586/6586
f 6708/6708 6710/6710 3246/3246
f 6715/6715 6710/6710 6708/6708
f 6716/6716 6627/6627 6617/6617
f 6716/6716 6629/6629 6627/6627
f 6693/6693 6717/6717 6695/6695
f 6715/6715 3247/3247 6710/6710
f 6617/6617 6627/6627 6616/6616
f 6718/6718 6704/6704 6585/6585
f 3245/3245 3237/3237 3246/3246
f 6718/6718 6719/6719 6704/6704
f 3247/3247 3245/3245 6710/6710
f 6720/6720 6623/6623 6629/6629
f 6704/6704 6719/6719 6705/6705
f 6705/6705 6719/6719 6709/6709
f 6712/6712 6716/6716 6617/6617
f 6714/6714 6712/6712 6706/6706
f 6711/6711 6675/6675 6709/6709
f 6695/6695 6721/6721 6526/6526
f 6711/6711 6709/6709 6722/6722
f 6723/6723 6629/6629 6716/6716
f 6690/6690 6698/6698 6700/6700
f 6722/6722 6709/6709 6719/6719
f 6724/6724 6719/6719 6718/6718
f 6724/6724 6725/6725 6719/6719
f 6724/6724 6726/6726 6725/6725
f 6727/6727 6695/6695 6717/6717
f 6725/6725 6722/6722 6719/6719
f 6728/6728 6708/6708 6700/6700
f 6729/6729 6722/6722 6725/6725
f 6730/6730 6695/6695 6727/6727
f 6703/6703 6728/6728 6700/6700
f 6731/6731 6732/6732 6733/6733
f 6242/6242 6728/6728 6703/6703
f 6734/6734 6717/6717 6693/6693
f 6728/6728 6242/6242 6735/6735
f 6718/6718 6585/6585 6590/6590
f 6697/6697 6696/6696 6733/6733
f 6717/6717 6734/6734 6727/6727
f 6594/6594 6736/6736 6590/6590
f 6590/6590 6736/6736 6718/6718
f 6727/6727 6734/6734 6737/6737
f 6697/6697 6733/6733 6713/6713
f 6708/6708 6728/6728 6735/6735
f 6735/6735 6715/6715 6708/6708
f 6713/6713 6733/6733 6732/6732
f 6722/6722 6738/6738 6711/6711
f 6701/6701 6733/6733 6696/6696
f 6739/6739 6740/6740 6715/6715
f 6715/6715 6735/6735 6739/6739
f 6741/6741 6738/6738 6722/6722
f 6727/6727 6742/6742 6730/6730
f 6743/6743 6742/6742 6727/6727
f 6735/6735 6242/6242 6744/6744
f 6729/6729 6741/6741 6722/6722
f 6712/6712 6714/6714 6716/6716
f 6714/6714 6713/6713 6732/6732
f 6727/6727 6737/6737 6743/6743
f 6745/6745 6723/6723 6716/6716
f 6746/6746 6747/6747 6741/6741
f 6748/6748 6714/6714 6732/6732
f 6242/6242 6703/6703 6231/6231
f 6748/6748 6749/6749 6714/6714
f 6737/6737 6750/6750 6751/6751
f 6731/6731 6748/6748 6732/6732
f 6743/6743 6737/6737 6751/6751
f 6752/6752 6749/6749 6748/6748
f 6170/6170 6753/6753 6270/6270
f 6749/6749 6716/6716 6714/6714
f 6745/6745 6716/6716 6749/6749
f 6677/6677 6656/6656 6675/6675
f 6711/6711 6678/6678 6677/6677
f 6720/6720 6628/6628 6623/6623
f 6640/6640 6628/6628 6720/6720
f 6754/6754 6688/6688 6678/6678
f 6755/6755 6640/6640 6720/6720
f 6640/6640 6635/6635 6634/6634
f 6640/6640 6644/6644 6635/6635
f 6678/6678 6711/6711 6756/6756
f 6754/6754 6678/6678 6756/6756
f 6757/6757 6644/6644 6640/6640
f 6680/6680 6754/6754 6758/6758
f 6754/6754 6680/6680 6688/6688
f 6759/6759 6758/6758 6754/6754
f 6760/6760 6720/6720 6629/6629
f 6720/6720 6760/6760 6755/6755
f 6738/6738 6756/6756 6711/6711
f 6761/6761 6640/6640 6755/6755
f 6694/6694 6500/6500 3959/3959
f 6762/6762 6640/6640 6761/6761
f 6739/6739 6735/6735 6744/6744
f 6744/6744 6763/6763 6739/6739
f 6759/6759 6754/6754 6756/6756
f 6757/6757 6645/6645 6644/6644
f 6757/6757 6650/6650 6645/6645
f 6759/6759 6756/6756 6738/6738
f 6242/6242 6257/6257 6744/6744
f 6257/6257 6260/6260 6744/6744
f 6134/6134 6680/6680 6764/6764
f 6683/6683 6649/6649 6650/6650
f 3972/3972 6694/6694 3959/3959
f 6680/6680 6758/6758 6764/6764
f 6684/6684 6683/6683 6650/6650
f 6684/6684 6650/6650 6757/6757
f 6765/6765 6684/6684 6757/6757
f 6762/6762 6757/6757 6640/6640
f 6765/6765 6757/6757 6762/6762
f 6159/6159 6134/6134 6764/6764
f 6684/6684 6765/6765 6766/6766
f 6767/6767 6766/6766 6765/6765
f 6764/6764 6758/6758 6163/6163
f 6765/6765 6762/6762 6768/6768
f 6769/6769 6164/6164 6758/6758
f 6164/6164 6163/6163 6758/6758
f 6770/6770 6694/6694 3972/3972
f 6760/6760 6723/6723 6771/6771
f 6772/6772 6694/6694 6770/6770
f 6771/6771 6773/6773 6760/6760
f 6163/6163 6159/6159 6764/6764
f 6747/6747 6759/6759 6738/6738
f 6755/6755 6760/6760 6773/6773
f 6773/6773 6761/6761 6755/6755
f 6747/6747 6758/6758 6759/6759
f 6747/6747 6769/6769 6758/6758
f 6773/6773 6774/6774 6761/6761
f 6747/6747 6738/6738 6741/6741
f 6745/6745 6771/6771 6723/6723
f 6771/6771 6745/6745 6775/6775
f 6775/6775 6773/6773 6771/6771
f 6747/6747 6753/6753 6769/6769
f 6769/6769 6753/6753 6164/6164
f 6762/6762 6761/6761 6774/6774
f 6170/6170 6164/6164 6753/6753
f 6776/6776 6774/6774 6773/6773
f 6774/6774 6776/6776 6768/6768
f 6746/6746 6753/6753 6747/6747
f 6774/6774 6768/6768 6762/6762
f 3972/3972 6777/6777 6778/6778
f 6767/6767 6765/6765 6768/6768
f 6777/6777 3972/3972 3970/3970
f 6779/6779 6767/6767 6768/6768
f 6778/6778 6770/6770 3972/3972
f 4057/4057 6780/6780 6781/6781
f 6780/6780 6750/6750 6781/6781
f 6782/6782 6776/6776 6773/6773
f 6770/6770 6778/6778 6772/6772
f 6783/6783 6776/6776 6782/6782
f 6776/6776 6783/6783 6784/6784
f 4003/4003 6777/6777 3970/3970
f 4003/4003 6778/6778 6777/6777
f 6776/6776 6784/6784 6768/6768
f 4003/4003 6772/6772 6778/6778
f 4057/4057 6781/6781 4056/4056
f 6772/6772 6693/6693 6694/6694
f 6699/6699 6379/6379 6785/6785
f 6786/6786 6785/6785 6379/6379
f 6785/6785 6701/6701 6699/6699
f 6787/6787 6693/6693 6772/6772
f 6556/6556 6194/6194 6788/6788
f 6701/6701 6789/6789 6733/6733
f 6424/6424 6788/6788 6194/6194
f 4070/4070 4057/4057 4053/4053
f 6701/6701 6785/6785 6789/6789
f 6733/6733 6789/6789 6790/6790
f 6731/6731 6733/6733 6790/6790
f 6791/6791 6731/6731 6790/6790
f 6792/6792 4057/4057 6793/6793
f 6429/6429 6786/6786 6377/6377
f 6786/6786 6379/6379 6377/6377
f 6793/6793 4057/4057 4070/4070
f 6556/6556 6788/6788 6588/6588
f 6794/6794 6789/6789 6785/6785
f 6734/6734 6787/6787 6781/6781
f 6790/6790 6789/6789 6791/6791
f 6793/6793 4098/4098 6795/6795
f 6794/6794 6796/6796 6789/6789
f 6796/6796 6791/6791 6789/6789
f 6781/6781 6772/6772 4003/4003
f 6797/6797 6798/6798 6731/6731
f 6731/6731 6791/6791 6797/6797
f 6792/6792 6780/6780 4057/4057
f 6799/6799 6424/6424 6458/6458
f 6797/6797 6800/6800 6798/6798
f 6424/6424 6799/6799 6788/6788
f 6801/6801 6800/6800 6797/6797
f 4003/4003 4001/4001 4056/4056
f 6458/6458 6424/6424 6422/6422
f 6731/6731 6752/6752 6748/6748
f 6798/6798 6752/6752 6731/6731
f 4056/4056 6781/6781 4003/4003
f 6749/6749 6752/6752 6798/6798
f 6802/6802 6745/6745 6749/6749
f 6781/6781 6787/6787 6772/6772
f 6798/6798 6802/6802 6749/6749
f 6800/6800 6802/6802 6798/6798
f 6803/6803 6785/6785 6786/6786
f 6794/6794 6785/6785 6803/6803
f 6803/6803 6786/6786 6429/6429
f 6803/6803 6804/6804 6794/6794
f 6796/6796 6794/6794 6805/6805
f 6804/6804 6805/6805 6794/6794
f 6806/6806 6804/6804 6803/6803
f 6806/6806 6803/6803 6429/6429
f 6807/6807 6788/6788 6799/6799
f 6734/6734 6693/6693 6787/6787
f 6796/6796 6805/6805 6791/6791
f 6801/6801 6797/6797 6791/6791
f 6805/6805 6801/6801 6791/6791
f 6808/6808 6801/6801 6805/6805
f 6809/6809 6808/6808 6805/6805
f 6810/6810 6805/6805 6804/6804
f 6811/6811 6809/6809 6805/6805
f 6750/6750 6734/6734 6781/6781
f 6076/6076 6750/6750 6780/6780
f 6812/6812 6745/6745 6802/6802
f 6812/6812 6775/6775 6745/6745
f 6813/6813 6580/6580 6588/6588
f 6800/6800 6812/6812 6802/6802
f 6782/6782 6775/6775 6812/6812
f 6782/6782 6773/6773 6775/6775
f 6580/6580 6813/6813 6594/6594
f 6737/6737 6734/6734 6750/6750
f 6800/6800 6814/6814 6812/6812
f 6815/6815 6812/6812 6814/6814
f 6814/6814 6808/6808 6815/6815
f 6816/6816 6782/6782 6812/6812
f 6807/6807 6813/6813 6588/6588
f 6815/6815 6816/6816 6812/6812
f 6817/6817 6816/6816 6815/6815
f 6721/6721 6517/6517 6526/6526
f 6784/6784 6779/6779 6768/6768
f 6721/6721 6818/6818 6517/6517
f 6788/6788 6807/6807 6588/6588
f 6779/6779 6784/6784 6819/6819
f 6820/6820 6784/6784 6783/6783
f 6784/6784 6820/6820 6819/6819
f 6816/6816 6783/6783 6782/6782
f 6780/6780 6173/6173 6171/6171
f 6171/6171 6076/6076 6780/6780
f 6783/6783 6816/6816 6821/6821
f 6817/6817 6821/6821 6816/6816
f 6807/6807 6799/6799 6266/6266
f 6730/6730 6818/6818 6721/6721
f 6821/6821 6820/6820 6783/6783
f 6808/6808 6800/6800 6801/6801
f 6818/6818 6630/6630 6517/6517
f 6822/6822 6823/6823 6809/6809
f 6808/6808 6814/6814 6800/6800
f 4098/4098 6793/6793 4070/4070
f 6824/6824 6813/6813 6807/6807
f 6813/6813 6824/6824 6594/6594
f 4098/4098 6825/6825 6795/6795
f 6808/6808 6809/6809 6815/6815
f 6809/6809 6823/6823 6815/6815
f 4102/4102 6825/6825 4098/4098
f 6630/6630 6818/6818 6826/6826
f 6823/6823 6827/6827 6815/6815
f 6825/6825 6828/6828 6795/6795
f 6078/6078 6077/6077 6824/6824
f 6078/6078 6824/6824 6092/6092
f 6829/6829 6828/6828 6825/6825
f 6795/6795 6792/6792 6793/6793
f 6695/6695 6730/6730 6721/6721
f 6830/6830 6821/6821 6817/6817
f 6830/6830 6817/6817 6827/6827
f 6458/6458 6267/6267 6266/6266
f 6831/6831 6792/6792 6795/6795
f 6830/6830 6832/6832 6821/6821
f 6827/6827 6817/6817 6815/6815
f 6799/6799 6458/6458 6266/6266
f 6742/6742 6818/6818 6730/6730
f 6828/6828 6829/6829 6833/6833
f 6795/6795 6828/6828 6831/6831
f 6828/6828 6833/6833 6831/6831
f 6833/6833 6834/6834 6831/6831
f 6825/6825 6211/6211 6829/6829
f 6340/6340 6327/6327 6326/6326
f 6218/6218 6829/6829 6211/6211
f 6334/6334 6335/6335 6406/6406
f 6835/6835 6818/6818 6742/6742
f 6833/6833 6829/6829 6834/6834
f 6835/6835 6826/6826 6818/6818
f 6247/6247 6834/6834 6829/6829
f 6094/6094 6266/6266 6131/6131
f 6205/6205 6829/6829 6218/6218
f 6836/6836 6401/6401 6405/6405
f 6829/6829 6205/6205 6247/6247
f 6837/6837 6404/6404 6403/6403
f 6204/6204 6247/6247 6205/6205
f 6403/6403 6401/6401 6837/6837
f 6401/6401 6838/6838 6837/6837
f 6400/6400 6390/6390 6391/6391
f 6211/6211 6825/6825 4102/4102
f 6807/6807 6266/6266 6094/6094
f 4106/4106 6211/6211 4102/4102
f 6838/6838 6401/6401 6836/6836
f 6824/6824 6839/6839 6092/6092
f 6839/6839 6824/6824 6807/6807
f 6218/6218 6211/6211 6210/6210
f 6391/6391 6630/6630 6826/6826
f 6792/6792 6831/6831 6780/6780
f 6780/6780 6831/6831 6173/6173
f 6840/6840 6327/6327 6340/6340
f 6841/6841 6173/6173 6831/6831
f 6335/6335 6840/6840 6406/6406
f 6840/6840 6335/6335 6327/6327
f 6826/6826 6400/6400 6391/6391
f 6406/6406 6840/6840 6842/6842
f 6842/6842 6405/6405 6406/6406
f 6843/6843 6841/6841 6831/6831
f 6844/6844 6842/6842 6840/6840
f 6841/6841 6172/6172 6173/6173
f 6094/6094 6839/6839 6807/6807
f 6340/6340 6407/6407 6840/6840
f 6096/6096 6839/6839 6094/6094
f 6096/6096 6092/6092 6839/6839
f 6407/6407 6844/6844 6840/6840
f 6096/6096 6093/6093 6092/6092
f 6254/6254 6172/6172 6841/6841
f 6100/6100 6093/6093 6096/6096
f 6096/6096 6101/6101 6100/6100
f 6247/6247 6831/6831 6834/6834
f 6725/6725 6726/6726 6729/6729
f 6247/6247 6843/6843 6831/6831
f 6845/6845 6405/6405 6842/6842
f 6742/6742 6751/6751 6835/6835
f 6844/6844 6845/6845 6842/6842
f 6718/6718 6846/6846 6724/6724
f 6751/6751 6742/6742 6743/6743
f 6718/6718 6736/6736 6846/6846
f 6843/6843 6247/6247 6246/6246
f 6845/6845 6836/6836 6405/6405
f 6736/6736 6594/6594 6847/6847
f 6845/6845 6848/6848 6836/6836
f 6847/6847 6846/6846 6736/6736
f 6849/6849 6845/6845 6844/6844
f 6849/6849 6848/6848 6845/6845
f 6726/6726 6724/6724 6846/6846
f 6254/6254 6178/6178 6172/6172
f 6407/6407 6849/6849 6844/6844
f 6835/6835 6850/6850 6826/6826
f 6851/6851 6726/6726 6846/6846
f 6254/6254 6841/6841 6843/6843
f 6852/6852 6729/6729 6726/6726
f 6246/6246 6254/6254 6843/6843
f 6852/6852 6741/6741 6729/6729
f 6852/6852 6853/6853 6741/6741
f 6854/6854 6855/6855 6849/6849
f 6855/6855 6856/6856 6849/6849
f 6857/6857 6726/6726 6851/6851
f 6857/6857 6852/6852 6726/6726
f 6858/6858 6404/6404 6837/6837
f 6858/6858 6837/6837 6838/6838
f 6858/6858 6420/6420 6404/6404
f 6859/6859 6420/6420 6858/6858
f 6859/6859 6431/6431 6420/6420
f 6750/6750 6076/6076 6751/6751
f 6860/6860 6746/6746 6741/6741
f 6860/6860 6753/6753 6746/6746
f 6853/6853 6860/6860 6741/6741
f 6751/6751 6076/6076 6835/6835
f 6860/6860 6270/6270 6753/6753
f 6858/6858 6838/6838 6861/6861
f 6862/6862 6270/6270 6860/6860
f 6861/6861 6838/6838 6836/6836
f 6072/6072 6860/6860 6853/6853
f 6072/6072 6862/6862 6860/6860
f 6858/6858 6863/6863 6859/6859
f 6864/6864 6072/6072 6853/6853
f 6076/6076 6075/6075 6089/6089
f 6835/6835 6089/6089 6850/6850
f 6083/6083 6850/6850 6089/6089
f 6089/6089 6835/6835 6076/6076
f 6806/6806 6429/6429 6431/6431
f 6865/6865 6806/6806 6431/6431
f 6824/6824 6847/6847 6594/6594
f 6865/6865 6431/6431 6859/6859
f 6171/6171 6074/6074 6076/6076
f 6851/6851 6846/6846 6866/6866
f 6867/6867 6851/6851 6866/6866
f 6857/6857 6851/6851 6867/6867
f 6847/6847 6866/6866 6846/6846
f 6863/6863 6865/6865 6859/6859
f 6858/6858 6868/6868 6863/6863
f 6077/6077 6847/6847 6824/6824
f 6077/6077 6866/6866 6847/6847
f 6826/6826 6850/6850 6400/6400
f 6869/6869 6865/6865 6863/6863
f 6098/6098 6857/6857 6867/6867
f 6869/6869 6870/6870 6865/6865
f 6081/6081 6867/6867 6866/6866
f 6867/6867 6081/6081 6098/6098
f 6081/6081 6866/6866 6077/6077
f 6858/6858 6861/6861 6868/6868
f 6861/6861 6871/6871 6868/6868
f 6098/6098 6852/6852 6857/6857
f 6868/6868 6869/6869 6863/6863
f 6864/6864 6853/6853 6852/6852
f 6098/6098 6864/6864 6852/6852
f 6871/6871 6872/6872 6868/6868
f 6869/6869 6873/6873 6870/6870
f 6082/6082 6098/6098 6081/6081
f 6874/6874 6875/6875 6870/6870
f 6870/6870 6873/6873 6874/6874
f 6874/6874 6873/6873 6876/6876
f 6869/6869 6868/6868 6873/6873
f 6873/6873 6868/6868 6876/6876
f 6876/6876 6868/6868 6872/6872
f 6876/6876 6872/6872 6877/6877
f 6877/6877 6878/6878 6876/6876
f 6876/6876 6878/6878 6879/6879
f 6083/6083 6400/6400 6850/6850
f 6276/6276 6270/6270 6862/6862
f 6072/6072 6276/6276 6862/6862
f 6083/6083 6399/6399 6400/6400
f 6276/6276 6072/6072 6071/6071
f 6849/6849 6856/6856 6848/6848
f 6097/6097 6864/6864 6098/6098
f 6856/6856 6855/6855 6880/6880
f 6097/6097 6072/6072 6864/6864
f 6073/6073 6072/6072 6097/6097
f 6881/6881 6856/6856 6880/6880
f 6855/6855 6882/6882 6880/6880
f 6882/6882 6855/6855 6854/6854
f 6883/6883 6881/6881 6880/6880
f 6880/6880 6882/6882 6884/6884
f 6880/6880 6884/6884 6883/6883
f 6883/6883 6884/6884 6885/6885
f 6884/6884 6886/6886 6885/6885
f 6836/6836 6848/6848 6861/6861
f 6848/6848 6871/6871 6861/6861
f 6856/6856 6871/6871 6848/6848
f 6881/6881 6871/6871 6856/6856
f 6881/6881 6872/6872 6871/6871
f 6877/6877 6881/6881 6883/6883
f 6877/6877 6872/6872 6881/6881
f 6878/6878 6877/6877 6883/6883
f 6806/6806 6810/6810 6804/6804
f 6806/6806 6865/6865 6810/6810
f 6810/6810 6811/6811 6805/6805
f 6822/6822 6809/6809 6811/6811
f 6811/6811 6887/6887 6822/6822
f 6865/6865 6870/6870 6810/6810
f 6887/6887 6811/6811 6875/6875
f 6875/6875 6811/6811 6810/6810
f 6875/6875 6810/6810 6870/6870
f 6888/6888 6889/6889 6887/6887
f 6889/6889 6822/6822 6887/6887
f 6890/6890 6887/6887 6875/6875
f 6890/6890 6888/6888 6887/6887
f 6891/6891 6888/6888 6890/6890
f 6874/6874 6876/6876 6892/6892
f 6890/6890 6874/6874 6892/6892
f 6892/6892 6876/6876 6879/8342
f 6890/6890 6892/6892 6879/8342
f 6893/6893 6823/6823 6822/6822
f 6889/6889 6893/6893 6822/6822
f 6883/6883 6894/6894 6878/6878
f 6895/6895 6893/6893 6889/6889
f 6888/6888 6895/6895 6889/6889
f 6896/6896 6895/6895 6888/6888
f 6896/6896 6897/6897 6895/6895
f 6885/6885 6894/6894 6883/6883
f 6885/6885 6898/6898 6894/6894
f 6899/6899 6898/6898 6900/6900
f 6898/6898 6899/6899 6894/6894
f 6885/6885 6901/6901 6898/6898
f 6898/6898 6901/6901 6902/6902
f 6899/8343 6897/6897 6896/6896
f 6900/8344 6897/6897 6899/8343
f 6902/6902 6900/6900 6898/6898
f 6903/6903 6900/6900 6902/6902
f 6897/6897 6900/8344 6903/8345
f 6904/6904 6827/6827 6823/6823
f 6823/6823 6893/6893 6904/6904
f 6895/6895 6904/6904 6893/6893
f 6827/6827 6904/6904 6905/6905
f 6905/6905 6904/6904 6895/6895
f 6905/6905 6830/6830 6827/6827
f 6905/6905 6897/6897 6906/6906
f 6897/6897 6905/6905 6895/6895
f 6903/8345 6906/6906 6897/6897
f 6879/6879 6878/6878 6894/6894
f 6894/6894 6907/6907 6879/6879
f 6891/6891 6890/6890 6879/8342
f 6879/8342 6907/8346 6891/6891
f 6894/6894 6899/6899 6907/6907
f 6907/8346 6896/6896 6891/6891
f 6888/6888 6891/6891 6896/6896
f 6896/6896 6907/8346 6899/8343
f 6598/6598 6599/6599 6591/6591
f 6611/6611 6599/6599 6598/6598
f 6760/6760 6629/6629 6723/6723
f 6875/6875 6874/6874 6890/6890
f 6908/6908 6909/6909 6910/6910
f 6911/6911 6912/6912 6913/6913
f 3730/3730 3709/3709 6914/6914
f 6915/6915 3730/3730 6914/6914
f 6916/6916 6911/6911 6913/6913
f 6917/6917 6915/6915 6918/6918
f 5355/5355 1691/1691 1692/1692
f 5355/5355 1692/1692 3729/3729
f 6919/6919 6920/6920 6921/6921
f 6922/6922 6923/6923 6919/6919
f 6924/6924 6911/6911 6925/6925
f 6926/6926 6927/6927 6928/6928
f 6924/6924 6925/6925 6929/6929
f 5356/5356 5355/5355 6930/6930
f 6920/6920 6908/6908 6921/6921
f 6931/6931 6928/6928 6927/6927
f 6932/6932 6927/6927 6933/6933
f 6931/6931 6927/6927 6932/6932
f 6923/6923 6920/6920 6919/6919
f 6930/6930 3729/3729 3730/3730
f 6930/6930 5355/5355 3729/3729
f 6931/6931 6932/6932 6934/6934
f 6911/6911 6924/6924 6912/6912
f 6935/6935 6923/6923 6922/6922
f 6936/6936 6931/6931 6934/6934
f 5359/5359 5354/5354 5356/5356
f 6936/6936 6934/6934 6937/6937
f 6924/6924 6938/6938 6912/6912
f 6939/6939 6940/6940 6909/6909
f 6938/6938 6924/6924 6929/6929
f 6908/6908 6941/6941 6909/6909
f 6942/6942 6932/6932 6943/6943
f 6944/6944 6945/6945 6912/6912
f 6938/6938 6944/6944 6912/6912
f 6942/6942 6934/6934 6932/6932
f 6946/6946 6947/6947 6948/6948
f 6949/6949 6943/6943 6950/6950
f 6947/6947 6946/6946 6951/6951
f 6941/6941 6939/6939 6909/6909
f 6949/6949 6942/6942 6943/6943
f 6952/6952 6934/6934 6942/6942
f 6953/6953 6934/6934 6952/6952
f 6934/6934 6953/6953 6954/6954
f 6951/6951 6913/6913 6912/6912
f 6954/6954 6937/6937 6934/6934
f 6954/6954 6953/6953 6952/6952
f 6955/6955 6956/6956 6947/6947
f 6954/6954 6952/6952 6957/6957
f 6958/6958 6930/6930 3730/3730
f 6959/6959 6939/6939 6941/6941
f 6949/6949 6952/6952 6942/6942
f 6955/6955 6947/6947 6951/6951
f 6958/6958 3730/3730 6915/6915
f 6958/6958 5356/5356 6930/6930
f 6960/6960 6956/6956 6955/6955
f 6956/6956 6960/6960 6961/6961
f 6935/6935 6962/6962 6923/6923
f 6963/6963 6957/6957 6952/6952
f 6954/6954 6957/6957 6963/6963
f 6952/6952 6949/6949 6963/6963
f 6963/6963 6949/6949 6964/6964
f 6965/6965 5359/5359 5356/5356
f 6966/6966 6963/6963 6967/6967
f 6941/6941 6908/6908 6920/6920
f 6966/6966 6954/6954 6963/6963
f 6920/6920 6962/6962 6941/6941
f 6962/6962 6920/6920 6923/6923
f 6962/6962 6959/6959 6941/6941
f 6968/6968 6647/6647 6643/6643
f 6969/6969 6970/6970 6971/6971
f 6388/6388 6972/6972 6973/6973
f 6950/6950 6943/6943 6974/6974
f 6385/6385 6388/6388 6973/6973
f 6950/6950 6974/6974 6975/6975
f 6975/6975 6974/6974 6970/6970
f 6951/6951 6912/6912 6945/6945
f 6388/6388 6647/6647 6972/6972
f 6949/6949 6950/6950 6975/6975
f 6976/6976 6977/6977 6973/6973
f 6964/6964 6975/6975 6970/6970
f 6976/6976 6973/6973 6972/6972
f 6978/6978 6951/6951 6945/6945
f 6964/6964 6970/6970 6969/6969
f 6979/6979 6976/6976 6972/6972
f 6980/6980 5369/5369 5359/5359
f 6965/6965 6980/6980 5359/5359
f 6964/6964 6949/6949 6975/6975
f 6951/6951 6981/6981 6955/6955
f 6982/6982 6964/6964 6969/6969
f 6972/6972 6647/6647 6979/6979
f 6981/6981 6951/6951 6978/6978
f 6647/6647 6968/6968 6979/6979
f 6965/6965 5356/5356 6958/6958
f 6983/6983 6976/6976 6979/6979
f 6983/6983 6984/6984 6976/6976
f 6984/6984 6985/6985 6976/6976
f 6986/6986 6987/6987 6988/6988
f 6985/6985 6984/6984 6989/6989
f 6989/6989 6984/6984 6990/6990
f 6958/6958 6915/6915 6917/6917
f 6983/6983 6979/6979 6991/6991
f 6958/6958 6917/6917 6992/6992
f 6969/6969 6971/6971 6993/6993
f 6994/6994 6995/6995 6984/6984
f 6965/6965 6958/6958 6992/6992
f 6996/6996 6968/6968 6643/6643
f 6660/6660 6996/6996 6643/6643
f 6969/6969 6993/6993 6997/6997
f 6991/6991 6968/6968 6996/6996
f 6998/6998 6991/6991 6996/6996
f 6999/6999 6992/6992 6917/6917
f 7000/7000 6986/6986 7001/7001
f 6996/6996 6660/6660 6666/6666
f 7002/7002 7003/7003 6982/6982
f 7001/7001 6986/6986 7004/7004
f 6963/6963 6964/6964 6982/6982
f 7004/7004 6986/6986 6988/6988
f 7003/7003 6963/6963 6982/6982
f 6967/6967 6963/6963 7003/7003
f 6967/6967 7003/7003 7002/7002
f 6914/6914 3709/3709 3754/3754
f 7002/7002 6982/6982 6969/6969
f 7005/7005 6991/6991 6998/6998
f 7006/7006 6915/6915 6914/6914
f 6996/6996 7007/7007 6998/6998
f 7006/7006 6914/6914 3754/3754
f 3709/3709 3747/3747 3754/3754
f 7008/7008 6966/6966 6967/6967
f 6994/6994 6991/6991 7009/7009
f 6967/6967 7010/7010 7008/7008
f 7002/7002 7011/7011 7010/7010
f 7001/7001 7012/7012 6978/6978
f 6968/6968 6991/6991 6979/6979
f 7013/7013 7006/7006 3754/3754
f 7010/7010 7011/7011 7014/7014
f 6994/6994 6983/6983 6991/6991
f 6994/6994 6984/6984 6983/6983
f 6918/6918 7006/7006 7013/7013
f 7001/7001 7004/7004 7015/7015
f 7015/7015 7004/7004 7016/7016
f 7017/7017 7018/7018 6997/6997
f 7019/7019 6995/6995 6994/6994
f 7020/7020 7001/7001 7015/7015
f 7011/7011 7002/7002 6969/6969
f 7012/7012 7001/7001 7020/7020
f 7013/7013 3754/3754 7021/7021
f 6994/6994 7022/7022 7019/7019
f 6990/6990 7023/7023 6989/6989
f 7023/7023 7024/7024 6989/6989
f 7020/7020 7025/7025 7012/7012
f 7011/7011 6969/6969 7018/7018
f 7021/7021 3754/3754 3753/3753
f 7025/7025 7020/7020 7015/7015
f 7026/7026 7024/7024 7023/7023
f 7027/7027 7011/7011 7018/7018
f 7023/7023 6990/6990 7026/7026
f 6997/6997 7018/7018 6969/6969
f 6990/6990 6984/6984 6995/6995
f 7028/7028 7027/7027 7018/7018
f 7028/7028 7018/7018 7029/7029
f 6990/6990 6995/6995 7030/7030
f 7031/7031 7032/7032 7033/7033
f 3753/3753 7034/7034 7021/7021
f 6990/6990 7030/7030 7035/7035
f 7036/7036 7031/7031 7033/7033
f 6929/6929 6987/6987 6986/6986
f 7035/7035 7026/7026 6990/6990
f 7034/7034 3753/3753 3752/3752
f 7026/7026 7037/7037 7038/7038
f 7037/7037 7026/7026 7035/7035
f 6938/6938 6929/6929 6944/6944
f 7039/7039 7040/7040 7032/7032
f 7034/7034 3752/3752 3790/3790
f 7039/7039 6993/6993 7040/7040
f 7006/7006 6918/6918 6915/6915
f 6944/6944 6929/6929 6986/6986
f 7041/7041 7037/7037 7035/7035
f 7042/7042 6944/6944 6986/6986
f 7042/7042 6986/6986 7000/7000
f 6918/6918 7013/7013 7021/7021
f 6993/6993 7039/7039 6997/6997
f 7017/7017 6997/6997 7039/7039
f 6995/6995 7019/7019 7043/7043
f 6945/6945 6944/6944 7042/7042
f 6995/6995 7043/7043 7030/7030
f 6918/6918 7044/7044 7045/7045
f 7044/7044 6918/6918 7021/7021
f 7000/7000 6945/6945 7042/7042
f 7019/7019 7022/7022 7043/7043
f 7046/7046 7043/7043 7022/7022
f 7046/7046 7047/7047 7043/7043
f 7047/7047 7030/7030 7043/7043
f 7039/7039 7032/7032 7048/7048
f 7048/7048 7032/7032 7031/7031
f 7047/7047 7049/7049 7030/7030
f 7000/7000 6978/6978 6945/6945
f 6978/6978 7000/7000 7001/7001
f 7050/7050 7017/7017 7039/7039
f 7051/7051 7021/7021 7034/7034
f 7030/7030 7052/7052 7035/7035
f 7041/7041 7035/7035 7052/7052
f 7050/7050 7039/7039 7048/7048
f 7051/7051 7034/7034 7053/7053
f 7054/7054 7051/7051 7053/7053
f 7051/7051 7044/7044 7021/7021
f 7018/7018 7017/7017 7029/7029
f 7030/7030 7049/7049 7052/7052
f 7029/7029 7017/7017 7050/7050
f 7055/7055 7056/7056 5416/5416
f 7044/7044 7051/7051 7054/7054
f 7057/7057 7041/7041 7052/7052
f 7029/7029 7050/7050 7058/7058
f 7038/7038 7037/7037 7059/7059
f 6666/6666 6665/6665 6676/6676
f 6676/6676 7007/7007 6666/6666
f 7060/7060 7050/7050 7048/7048
f 7061/7061 7007/7007 6676/6676
f 7060/7060 7048/7048 7062/7062
f 7007/7007 6996/6996 6666/6666
f 7055/7055 7063/7063 7064/7064
f 7065/7065 7005/7005 6998/6998
f 7065/7065 6998/6998 7007/7007
f 7007/7007 7061/7061 7065/7065
f 7062/7062 7048/7048 7066/7066
f 6581/6581 7061/7061 6676/6676
f 6584/6584 7061/7061 6581/6581
f 6587/6587 7061/7061 6584/6584
f 7067/7067 7058/7058 7050/7050
f 7067/7067 7050/7050 7060/7060
f 5400/5400 5369/5369 6980/6980
f 7068/7068 7065/7065 7061/7061
f 7069/7069 7064/7064 7063/7063
f 7061/7061 6587/6587 7068/7068
f 7068/7068 6587/6587 7070/7070
f 7062/7062 7067/7067 7060/7060
f 7005/7005 7009/7009 6991/6991
f 7065/7065 7009/7009 7005/7005
f 7071/7071 6965/6965 6992/6992
f 7009/7009 7022/7022 6994/6994
f 6980/6980 6965/6965 7072/7072
f 7009/7009 7065/7065 7068/7068
f 7068/7068 7073/7073 7009/7009
f 7073/7073 7022/7022 7009/7009
f 7022/7022 7073/7073 7046/7046
f 7010/7010 7014/7014 7008/7008
f 7074/7074 7008/7008 7014/7014
f 7064/7064 7069/7069 7075/7075
f 5406/5406 5400/5400 6980/6980
f 7068/7068 7070/7070 7076/7076
f 7077/7077 7076/7076 7070/7070
f 7078/7078 7008/7008 7074/7074
f 7079/7079 7078/7078 7074/7074
f 7074/7074 7080/7080 7079/7079
f 7077/7077 7081/7081 7076/7076
f 7071/7071 7072/7072 6965/6965
f 5406/5406 6980/6980 7072/7072
f 7076/7076 7073/7073 7068/7068
f 7072/7072 7071/7071 7082/7082
f 7076/7076 7081/7081 7073/7073
f 7027/7027 7014/7014 7011/7011
f 7027/7027 7080/7080 7014/7014
f 7074/7074 7014/7014 7080/7080
f 7082/7082 5406/5406 7072/7072
f 7083/7083 7070/7070 6587/6587
f 7083/7083 6587/6587 7084/7084
f 7083/7083 7077/7077 7070/7070
f 7080/7080 7027/7027 7085/7085
f 7085/7085 7027/7027 7028/7028
f 7086/7086 7083/7083 7087/7087
f 6992/6992 6999/6999 7088/7088
f 7089/7089 7090/7090 7064/7064
f 7086/7086 7077/7077 7083/7083
f 6999/6999 6917/6917 6918/6918
f 7091/7091 7077/7077 7086/7086
f 7085/7085 7028/7028 7092/7092
f 7086/7086 7087/7087 7093/7093
f 7085/7085 7094/7094 7080/7080
f 7093/7093 7091/7091 7086/7086
f 7071/7071 6992/6992 7082/7082
f 7095/7095 7091/7091 7093/7093
f 7095/7095 7093/7093 7096/7096
f 7097/7097 7080/7080 7094/7094
f 7082/7082 6992/6992 7088/7088
f 7098/7098 7046/7046 7073/7073
f 7094/7094 7085/7085 7092/7092
f 7098/7098 7047/7047 7046/7046
f 7099/7099 7075/7075 7069/7069
f 7100/7100 7094/7094 7092/7092
f 7047/7047 7098/7098 7101/7101
f 7049/7049 7047/7047 7101/7101
f 7102/7102 6999/6999 7045/7045
f 6999/6999 7102/7102 7088/7088
f 7103/7103 7094/7094 7100/7100
f 7073/7073 7081/7081 7098/7098
f 7104/7104 7029/7029 7058/7058
f 7101/7101 7098/7098 7081/7081
f 7081/7081 7105/7105 7101/7101
f 5421/5421 5405/5405 5406/5406
f 7106/7106 7101/7101 7105/7105
f 7104/7104 7058/7058 7107/7107
f 7028/7028 7029/7029 7108/7108
f 7109/7109 5406/5406 7082/7082
f 7089/7089 7064/7064 7075/7075
f 7104/7104 7108/7108 7029/7029
f 7101/7101 7106/7106 7049/7049
f 7110/7110 7049/7049 7106/7106
f 7111/7111 7028/7028 7108/7108
f 7092/7092 7028/7028 7111/7111
f 7104/7104 7107/7107 7108/7108
f 7110/7110 7052/7052 7049/7049
f 7111/7111 7108/7108 7107/7107
f 7112/7112 7113/7113 7089/7089
f 7052/7052 7110/7110 7057/7057
f 7107/7107 7058/7058 7067/7067
f 7089/7089 7075/7075 7112/7112
f 7107/7107 7067/7067 7114/7114
f 5424/5424 5421/5421 7109/7109
f 5421/5421 5406/5406 7109/7109
f 7091/7091 7081/7081 7077/7077
f 7067/7067 7062/7062 7114/7114
f 7081/7081 7091/7091 7105/7105
f 7115/7115 7075/7075 7099/7099
f 7105/7105 7091/7091 7095/7095
f 7105/7105 7116/7116 7106/7106
f 7117/7117 7107/7107 7114/7114
f 7075/7075 7115/7115 7112/7112
f 7088/7088 7118/7118 7082/7082
f 7109/7109 7082/7082 7118/7118
f 7117/7117 7114/7114 7119/7119
f 7117/7117 7119/7119 7120/7120
f 7120/7120 7119/7119 7121/7121
f 7121/7121 7122/7122 7120/7120
f 7115/7115 7099/7099 7123/7123
f 7118/7118 7088/7088 7124/7124
f 7095/7095 7116/7116 7105/7105
f 7117/7117 7111/7111 7107/7107
f 7124/7124 7088/7088 7102/7102
f 7118/7118 7124/7124 7125/7125
f 7126/7126 7092/7092 7111/7111
f 7106/7106 7127/7127 7110/7110
f 7118/7118 7128/7128 7109/7109
f 7128/7128 7118/7118 7125/7125
f 7123/7123 7112/7112 7115/7115
f 7129/7129 7125/7125 7124/7124
f 7116/7116 7127/7127 7106/7106
f 7130/7130 7127/7127 7116/7116
f 7100/7100 7092/7092 7126/7126
f 7131/7131 7120/7120 7132/7132
f 7122/7122 7132/7132 7120/7120
f 7133/7133 7134/7134 7135/7135
f 7133/7133 7135/7135 7136/7136
f 7126/7126 7111/7111 7117/7117
f 7133/7133 7136/7136 7137/7137
f 7138/7138 7139/7139 7112/7112
f 7140/7140 7134/7134 7133/7133
f 7112/7112 7139/7139 7113/7113
f 7117/7117 7120/7120 7131/7131
f 7141/7141 7126/7126 7117/7117
f 7044/7044 7054/7054 7142/7142
f 7117/7117 7131/7131 7141/7141
f 7142/7142 7054/7054 7053/7053
f 7053/7053 7143/7143 7142/7142
f 7144/7144 7045/7045 7044/7044
f 7044/7044 7145/7145 7144/7144
f 7131/7131 7146/7146 7141/7141
f 7147/7147 7148/7148 7149/7149
f 7146/7146 7131/7131 7132/7132
f 7145/7145 7044/7044 7150/7150
f 7041/7041 7151/7151 7037/7037
f 7142/7142 7150/7150 7044/7044
f 7152/7152 7147/8350 7153/7153
f 7138/7138 7112/7112 7123/7123
f 7150/7150 7142/7142 7154/7154
f 7138/7138 7123/7123 7155/7155
f 7147/7147 7137/7137 7148/7148
f 7141/7141 7156/7156 7126/7126
f 7156/7156 7141/7141 7157/7157
f 7157/7157 7141/7141 7158/7158
f 7144/7144 7145/7145 7150/7150
f 7133/7133 7137/7137 7159/7159
f 7158/7158 7141/7141 7146/7146
f 7159/7159 7137/7137 7147/7147
f 7158/7158 7146/7146 7132/7132
f 7132/7132 7160/7160 7158/7158
f 7161/7161 7150/7150 7154/7154
f 7162/7162 7158/7158 7160/7160
f 7163/7163 7150/7150 7161/7161
f 7163/7163 7144/7144 7150/7150
f 7157/7157 7164/7164 7156/7156
f 7162/7162 7164/7164 7157/7157
f 7165/7165 7140/7140 7133/7133
f 7162/7162 7157/7157 7158/7158
f 7166/7166 7140/7140 7165/7165
f 7167/7167 7163/7163 7161/7161
f 7162/7162 7168/7168 7169/7169
f 7168/7168 7162/7162 7160/7160
f 7045/7045 6999/6999 6918/6918
f 7164/7164 7162/7162 7169/7169
f 7138/7138 7170/7170 7139/7139
f 7165/7165 7171/7171 7166/7166
f 7138/7138 7155/7155 7172/7172
f 7168/7168 7173/7173 7174/7174
f 7041/7041 7057/7057 7151/7151
f 7175/7175 5812/5812 5810/5810
f 7176/7176 5812/5812 7175/7175
f 7057/7057 7177/7177 7151/7151
f 7057/7057 7178/7178 7177/7177
f 7152/7152 7153/7153 7177/7177
f 7179/7179 7176/7176 7180/7180
f 6978/6978 7181/7181 6981/6981
f 5856/5856 5812/5812 7176/7176
f 7177/7177 7178/7178 7152/7152
f 7182/7182 5856/5856 7176/7176
f 6981/6981 7183/7183 7184/7184
f 7182/7182 7179/7179 7185/7185
f 7182/7182 7176/7176 7179/7179
f 7185/7185 7186/7186 7182/7182
f 5852/5852 5856/5856 7186/7186
f 7187/7187 5852/5852 7186/7186
f 7138/7138 7172/7172 7184/8353
f 7186/7186 5856/5856 7182/7182
f 7188/7188 7165/7165 7159/7159
f 7129/7129 7124/7124 7102/7102
f 7045/7045 7129/7129 7102/7102
f 7159/7159 7165/7165 7133/7133
f 7188/8354 7147/8350 7152/7152
f 7188/7188 7159/7159 7147/7147
f 7179/7179 7189/7189 7185/7185
f 7190/7190 7152/7152 7178/7178
f 7190/7190 7188/8354 7152/7152
f 7189/7189 7191/7191 7185/7185
f 7183/8352 7138/7138 7184/8353
f 7165/7165 7188/7188 7171/7171
f 7171/7171 7188/7188 7192/7192
f 7193/7193 7185/7185 7191/7191
f 7194/7194 7191/7191 6926/6926
f 7193/7193 7191/7191 7194/7194
f 7195/7195 7193/7193 7194/7194
f 7194/7194 6926/6926 6928/6928
f 7195/7195 7194/7194 6928/6928
f 7190/7190 7192/8355 7188/8354
f 7185/7185 7195/7195 7186/7186
f 7193/7193 7195/7195 7185/7185
f 7129/7129 7045/7045 7144/7144
f 7129/7129 7144/7144 7196/7196
f 7186/7186 7195/7195 7197/7197
f 6922/6922 7198/7198 7166/7166
f 7198/7198 7140/7140 7166/7166
f 7170/7170 7199/7199 7139/7139
f 7177/7177 7200/7200 7037/7037
f 7177/7177 7037/7037 7151/7151
f 7187/7187 7186/7186 7201/7201
f 7167/7167 7144/7144 7163/7163
f 7196/7196 7144/7144 7167/7167
f 7153/7153 7149/8351 7202/7202
f 7177/7177 7153/7153 7202/7202
f 5863/5863 5852/5852 7187/7187
f 7203/7203 7204/7204 7170/7170
f 7147/8350 7149/8351 7153/7153
f 7205/7205 5863/5863 7187/7187
f 7205/7205 5865/5865 5863/5863
f 7206/7206 7166/7166 7171/7171
f 7207/7207 7206/7206 7192/7192
f 7208/7208 5865/5865 7205/7205
f 7205/7205 7187/7187 7208/7208
f 7123/7123 6961/8349 6960/8348
f 6960/8348 7155/7155 7123/7123
f 7110/7110 7209/7209 7057/7057
f 7186/7186 7197/7197 7201/7201
f 6960/8348 6955/8347 7155/7155
f 7209/7209 7178/7178 7057/7057
f 7210/7210 7197/7197 7195/7195
f 6955/8347 7172/7172 7155/7155
f 7209/7209 7211/7211 7212/7212
f 7184/7184 6955/6955 6981/6981
f 6955/8347 7184/8353 7172/7172
f 7171/7171 7192/7192 7206/7206
f 7213/7213 7197/7197 7210/7210
f 7183/7183 6981/6981 7181/7181
f 7214/7214 3790/3790 3789/3789
f 7192/8355 7190/7190 7215/7215
f 7208/7208 7187/7187 7201/7201
f 7209/7209 7212/7212 7178/7178
f 7212/7212 7190/7190 7178/7178
f 6928/6928 6936/6936 7195/7195
f 7181/7181 6978/6978 7012/7012
f 6931/6931 6936/6936 6928/6928
f 7195/7195 6936/6936 7210/7210
f 7214/7214 3789/3789 3792/3792
f 7207/7207 7192/7192 7216/7216
f 7217/7217 7138/7138 7183/8352
f 6937/6937 7210/7210 6936/6936
f 7215/7215 7216/8356 7192/8355
f 7218/7218 7217/7217 7183/8352
f 7219/7219 7215/7215 7212/7212
f 7190/7190 7212/7212 7215/7215
f 7127/7127 7209/7209 7110/7110
f 7214/7214 3792/3792 7220/7220
f 7053/7053 7034/7034 3790/3790
f 7143/7143 3790/3790 7214/7214
f 7053/7053 3790/3790 7143/7143
f 7218/8357 7183/7183 7181/7181
f 7221/7221 7222/7222 7127/7127
f 6966/6966 6937/6937 6954/6954
f 7222/7222 7211/7211 7127/7127
f 6937/6937 6966/6966 7210/7210
f 7218/8357 7181/7181 7012/7012
f 7211/7211 7209/7209 7127/7127
f 5887/5887 5865/5865 7223/7223
f 7143/7143 7214/7214 7220/7220
f 7223/7223 5865/5865 7208/7208
f 7224/7224 7216/8356 7215/7215
f 7222/7222 7219/7219 7211/7211
f 7219/7219 7224/7224 7215/7215
f 7223/7223 7208/7208 7225/7225
f 7211/7211 7219/7219 7212/7212
f 7226/7226 7223/7223 7225/7225
f 7227/7227 7228/7228 7229/7229
f 7227/7227 7218/8357 7228/7228
f 7228/7228 7218/8357 7012/7012
f 7226/7226 5887/5887 7223/7223
f 5899/5899 5887/5887 7226/7226
f 5891/5891 5887/5887 5899/5899
f 5891/5891 5899/5899 5896/5896
f 7230/7230 7219/7219 7222/7222
f 7219/7219 7230/7230 7224/7224
f 7231/7231 5899/5899 7226/7226
f 7206/7206 6922/6922 7166/7166
f 7201/7201 7197/7197 7213/7213
f 7203/7203 7170/7170 7217/7217
f 7170/7170 7138/7138 7217/7217
f 7206/7206 6935/6935 6922/6922
f 3792/3792 7232/7232 7220/7220
f 7225/7225 7208/7208 7201/7201
f 7233/7233 7225/7225 7201/7201
f 7234/7234 7220/7220 7232/7232
f 7226/7226 7225/7225 7233/7233
f 7213/7213 7233/7233 7201/7201
f 7233/7233 7231/7231 7226/7226
f 7206/7206 7207/7207 6935/6935
f 3793/3793 7235/7235 3792/3792
f 7236/7236 7203/7203 7237/7237
f 7238/7238 7237/7237 7203/7203
f 6962/6962 6935/6935 7239/7239
f 7240/7240 5899/5899 7231/7231
f 6935/6935 7207/7207 7239/7239
f 7241/7241 7240/7240 7231/7231
f 7242/7242 7241/7241 7231/7231
f 3793/3793 3801/3801 7235/7235
f 7243/7243 7240/7240 7241/7241
f 7239/7239 7207/7207 7244/7244
f 7245/7245 7239/7239 7244/7244
f 7224/8358 7207/7207 7216/7216
f 7244/7244 7207/7207 7224/8358
f 7227/8359 7217/7217 7218/7218
f 7232/7232 3792/3792 7235/7235
f 7246/7246 7233/7233 7213/7213
f 7242/7242 7231/7231 7233/7233
f 7242/7242 7233/7233 7246/7246
f 7247/7247 7174/7174 7173/7173
f 7241/7241 7242/7242 7246/7246
f 7247/7247 7173/7173 7248/7248
f 7249/7249 7235/7235 3801/3801
f 7246/7246 7213/7213 7250/7250
f 7251/7251 7247/7247 7248/7248
f 7252/7252 7235/7235 7249/7249
f 7237/7237 7238/7238 7253/7253
f 7254/7254 7243/7243 7241/7241
f 3801/3801 3798/3798 7249/7249
f 7254/7254 7241/7241 7246/7246
f 7255/7255 7247/7247 7251/7251
f 7254/7254 7246/7246 7256/7256
f 7256/7256 7246/7246 7250/7250
f 3798/3798 3648/3648 7249/7249
f 7257/7257 7255/7255 7258/7258
f 7258/7258 7255/7255 7251/7251
f 5898/5898 5899/5899 7240/7240
f 5898/5898 7240/7240 7259/7259
f 7253/7253 7238/7238 7260/7260
f 7240/7240 7261/7261 7259/7259
f 7258/7258 7251/7251 7262/7262
f 7259/7259 7261/7261 5898/5898
f 7238/7238 7203/7203 7217/7217
f 7261/7261 7240/7240 7243/7243
f 7227/8359 7238/7238 7217/7217
f 7258/7258 7262/7262 7263/7263
f 7260/7260 7238/7238 7227/8359
f 7263/7263 7262/7262 7264/7264
f 7265/7265 7213/7213 7210/7210
f 7265/7265 7210/7210 6966/6966
f 7262/7262 7251/7251 7266/7266
f 7229/8360 7260/7260 7227/8359
f 7213/7213 7265/7265 7267/7267
f 7264/7264 7262/7262 7268/7268
f 7232/7232 7235/7235 7252/7252
f 6579/6579 6583/6583 7269/7269
f 7264/7264 7268/7268 7270/7270
f 7269/7269 7271/7271 6579/6579
f 7272/7272 3773/3773 3771/3771
f 7265/7265 6966/6966 7273/7273
f 7274/7274 7087/7087 7084/7084
f 7271/7271 7274/7274 7084/7084
f 7273/7273 6966/6966 7008/7008
f 7275/7275 3743/3743 3773/3773
f 7271/7271 7269/7269 7274/7274
f 7265/7265 7273/7273 7276/7276
f 7277/7277 7252/7252 7249/7249
f 7275/7275 3773/3773 7272/7272
f 6583/6583 7278/7278 7269/7269
f 7276/7276 7273/7273 7279/7279
f 7278/7278 7274/7274 7269/7269
f 3248/3248 7280/7280 3777/3777
f 7277/7277 7249/7249 7281/7281
f 7280/7280 3248/3248 3247/3247
f 7213/7213 7267/7267 7250/7250
f 7272/8361 3771/8296 7282/7282
f 7282/7282 3771/8296 3777/3777
f 7283/7283 7250/7250 7267/7267
f 7274/7274 7093/7093 7087/7087
f 7284/7284 7282/7282 7280/7280
f 3777/3777 7280/7280 7282/7282
f 6715/6715 7280/7280 3247/3247
f 6740/6740 7280/7280 6715/6715
f 7284/7284 7272/8361 7282/7282
f 7285/7285 7286/7286 7143/7143
f 6739/6739 7287/7287 6740/6740
f 7267/7267 7265/7265 7288/7288
f 7142/7142 7143/7143 7286/7286
f 7287/7287 7289/7289 7284/7284
f 7276/7276 7288/7288 7265/7265
f 7267/7267 7288/7288 7290/7290
f 7291/7291 7287/7287 6739/6739
f 7292/7292 7093/7093 7274/7274
f 7276/7276 7293/7293 7288/7288
f 7292/7292 7096/7096 7093/7093
f 7294/7294 7279/7279 7295/7295
f 7291/7291 6739/6739 6763/6763
f 7220/7220 7285/7285 7143/7143
f 7296/7296 7287/7287 7291/7291
f 7279/7279 7294/7294 7276/7276
f 7285/7285 7220/7220 7297/7297
f 7293/7293 7276/7276 7294/7294
f 7286/7286 7285/7285 7297/7297
f 7287/7287 7296/7296 7289/7289
f 7293/7293 7290/7290 7288/7288
f 7298/7298 7299/7299 7275/7275
f 7294/7294 7300/7300 7293/7293
f 7301/7301 7299/7299 7298/7298
f 7154/7154 7142/7142 7286/7286
f 7283/7283 7267/7267 7290/7290
f 7272/7272 7298/7298 7275/7275
f 7284/7284 7302/7302 7272/8361
f 7283/7283 7290/7290 7303/7303
f 7304/7304 7298/7298 7272/7272
f 7303/7303 7290/7290 7293/7293
f 7303/7303 7293/7293 7305/7305
f 7306/7306 7272/8361 7302/7302
f 7304/8362 7272/8361 7306/7306
f 7286/7286 7297/7297 7307/7307
f 7304/7304 7301/7301 7298/7298
f 7154/7154 7286/7286 7307/7307
f 7273/7273 7008/7008 7078/7078
f 7304/7304 7308/7308 7301/7301
f 7079/7079 7273/7273 7078/7078
f 6592/6592 7278/7278 6583/6583
f 7287/7287 7280/7280 6740/6740
f 7295/7295 7279/7279 7273/7273
f 7297/7297 7220/7220 7234/7234
f 7295/7295 7273/7273 7079/7079
f 7280/7280 7287/7287 7284/7284
f 7278/7278 6592/6592 7309/7309
f 7284/7284 7289/7289 7302/7302
f 7306/7306 7302/7302 7289/7289
f 7097/7097 7295/7295 7079/7079
f 7310/7310 7292/7292 7278/7278
f 7097/7097 7079/7079 7080/7080
f 7311/7311 6763/6763 6744/6744
f 7278/7278 7292/7292 7274/7274
f 7311/7311 7296/7296 6763/6763
f 6763/6763 7296/7296 7291/7291
f 7309/7309 7310/7310 7278/7278
f 7294/7294 7295/7295 7312/7312
f 7300/7300 7294/7294 7312/7312
f 7296/7296 7313/7313 7289/7289
f 7312/7312 7295/7295 7097/7097
f 7312/7312 7097/7097 7314/7314
f 7315/7315 7311/7311 6744/6744
f 7307/7307 7297/7297 7316/7316
f 7297/7297 7234/7234 7316/7316
f 6260/6260 7315/7315 6744/6744
f 7317/7317 7311/7311 7315/7315
f 7318/7318 7319/7319 7317/7317
f 7317/7317 7296/7296 7311/7311
f 7096/7096 7292/7292 7320/7320
f 7317/7317 7319/7319 7296/7296
f 7319/7319 7313/7313 7296/7296
f 7321/7321 7097/7097 7094/7094
f 7321/7321 7314/7314 7097/7097
f 7301/7301 7308/7308 7322/7322
f 7103/7103 7314/7314 7321/7321
f 7103/7103 7321/7321 7094/7094
f 7323/7323 7301/7301 7322/7322
f 7308/8363 7304/8362 7306/7306
f 7289/7289 7313/7313 7306/7306
f 7306/7306 7313/7313 7308/8363
f 7310/7310 7320/7320 7292/7292
f 7320/7320 7310/7310 7324/7324
f 7325/7325 7324/7324 7310/7310
f 7326/7326 7308/8363 7313/7313
f 7327/7327 7313/7313 7319/7319
f 7327/7327 7326/7326 7313/7313
f 7328/7328 5898/5898 7261/7261
f 7329/7329 7095/7095 7096/7096
f 7326/7326 7322/8364 7308/8363
f 7328/7328 5987/5987 5898/5898
f 7161/7161 7154/7154 7330/7330
f 7331/7331 7315/7315 6260/6260
f 7318/7318 7317/7317 7315/7315
f 7331/7331 7318/7318 7315/7315
f 7328/7328 7261/7261 7332/7332
f 7332/7332 7261/7261 7243/7243
f 7320/7320 7329/7329 7096/7096
f 7333/7333 7334/7334 7328/7328
f 7328/7328 7334/7334 5987/5987
f 5993/5993 5987/5987 7334/7334
f 7154/7154 7307/7307 7330/7330
f 7335/7335 7331/7331 6260/6260
f 5993/5993 7334/7334 7333/7333
f 7336/7336 7116/7116 7329/7329
f 7307/7307 7316/7316 7337/7337
f 7331/7331 7335/7335 7318/7318
f 7328/7328 7332/7332 7333/7333
f 7338/7338 7330/7330 7307/7307
f 7332/7332 7339/7339 7333/7333
f 7256/7256 7243/7243 7254/7254
f 7332/7332 7243/7243 7256/7256
f 7340/7340 7323/7323 7341/7341
f 7326/7326 7323/8365 7322/8364
f 7342/7342 7341/7341 7323/7323
f 7343/7343 7332/7332 7256/7256
f 7327/7327 7342/8366 7326/7326
f 7342/8366 7323/8365 7326/7326
f 7318/7318 7327/7327 7319/7319
f 7344/7344 7332/7332 7343/7343
f 7338/7338 7307/7307 7337/7337
f 7345/7345 7344/7344 7343/7343
f 7343/7343 7256/7256 7250/7250
f 7346/7346 7329/7329 7320/7320
f 7250/7250 7345/7345 7343/7343
f 7339/7339 6002/6002 5993/5993
f 7347/7347 7234/7234 7232/7232
f 7333/7333 7339/7339 5993/5993
f 7348/7348 7327/7327 7318/7318
f 7348/7348 7342/8366 7327/7327
f 7349/7349 7234/7234 7347/7347
f 7252/7252 7347/7347 7232/7232
f 7339/7339 7332/7332 7344/7344
f 7350/7350 7339/7339 7344/7344
f 7318/7318 7335/7335 7351/7351
f 7351/7351 7352/7352 7318/7318
f 7320/7320 7324/7324 7346/7346
f 7353/7353 7346/7346 7324/7324
f 7354/7354 7339/7339 7350/7350
f 7350/7350 7344/7344 7355/7355
f 7352/7352 7348/7348 7318/7318
f 7356/7356 7357/7357 7346/7346
f 7329/7329 7346/7346 7357/7357
f 6012/6012 6002/6002 7354/7354
f 7354/7354 6002/6002 7339/7339
f 6012/6012 6003/6003 6002/6002
f 7353/7353 7356/7356 7346/7346
f 7358/7358 7348/7348 7352/7352
f 7356/7356 7359/7359 7357/7357
f 7360/7360 7349/7349 7347/7347
f 7357/7357 7336/7336 7329/7329
f 7349/7349 7316/7316 7234/7234
f 7358/7358 7352/7352 7361/7361
f 7362/7362 7341/7341 7342/7342
f 7363/7363 7336/7336 7357/7357
f 7348/7348 7362/8367 7342/8366
f 7347/7347 7252/7252 7277/7277
f 7364/7364 7348/7348 7358/7358
f 7364/7364 7362/8367 7348/7348
f 7365/7365 7366/7366 7336/7336
f 7367/7367 7362/8367 7364/7364
f 7368/7368 7364/7364 7358/7358
f 7369/7369 7368/7368 7358/7358
f 7363/7363 7365/7365 7336/7336
f 7355/7355 7344/7344 7370/7370
f 7371/7371 7344/7344 7345/7345
f 7371/7371 7370/7370 7344/7344
f 7372/7372 7373/7373 7359/7359
f 5706/5706 5737/5737 5726/5726
f 7347/7347 7277/7277 7374/7374
f 7375/7375 5726/5726 5737/5737
f 7373/7373 7363/7363 7357/7357
f 7373/7373 7357/7357 7359/7359
f 7372/7372 7363/7363 7373/7373
f 7376/7376 5737/5737 5740/5740
f 7377/7377 7363/7363 7372/7372
f 7378/7378 7347/7347 7374/7374
f 6766/6766 6682/6682 6684/6684
f 7360/7360 7347/7347 7378/7378
f 7376/7376 5740/5740 5741/5741
f 7379/7379 7376/7376 5741/5741
f 7283/7283 7345/7345 7250/7250
f 7379/7379 5741/5741 7380/7380
f 7309/7309 6592/6592 6669/6669
f 7381/7381 5737/5737 7376/7376
f 7376/7376 7379/7379 7381/7381
f 7382/7382 7349/7349 7360/7360
f 6592/6592 6668/6668 6669/6669
f 7383/7383 7381/7381 7379/7379
f 7305/7305 7293/7293 7300/7300
f 7360/7360 7384/7384 7382/7382
f 7380/7380 7385/7385 7379/7379
f 7305/7305 7386/7386 7303/7303
f 7387/7387 7283/7283 7303/7303
f 7383/7383 7375/7375 5737/5737
f 7309/7309 6669/6669 7388/7388
f 7387/7387 7303/7303 7386/7386
f 5737/5737 7381/7381 7383/7383
f 7386/7386 7305/7305 7300/7300
f 7379/7379 7385/7385 7383/7383
f 7383/7383 7389/7389 7375/7375
f 7385/7385 7389/7389 7383/7383
f 7382/7382 7337/7337 7316/7316
f 6669/6669 6674/6674 7390/7390
f 7316/7316 7349/7349 7382/7382
f 7391/7391 7283/7283 7387/7387
f 7392/7392 7391/7391 7387/7387
f 7392/7392 7387/7387 7386/7386
f 7393/7393 7390/7390 6681/6681
f 7338/7338 7337/7337 7382/7382
f 7382/7382 7394/7394 7338/7338
f 7395/7395 7386/7386 7300/7300
f 7386/7386 7395/7395 7396/7396
f 7390/7390 7388/7388 6669/6669
f 7397/7397 7394/7394 7382/7382
f 7283/7283 7391/7391 7345/7345
f 5763/5763 6290/6290 4141/4141
f 7393/7393 7398/7398 7390/7390
f 7309/7309 7388/7388 7310/7310
f 7325/7325 7310/7310 7388/7388
f 5764/5764 6290/6290 5763/5763
f 7391/7391 7392/7392 7399/7399
f 7400/7400 7392/7392 7386/7386
f 7399/7399 7392/7392 7400/7400
f 7378/7378 7401/7401 7360/7360
f 7396/7396 7400/7400 7386/7386
f 6290/6290 5764/5764 7402/7402
f 7403/7403 7325/7325 7388/7388
f 7403/7403 7404/7404 7325/7325
f 7405/7405 6290/6290 7402/7402
f 7399/7399 7400/7400 7406/7406
f 7400/7400 7396/7396 7406/7406
f 7399/7399 7407/7407 7391/7391
f 5764/5764 5772/5772 7405/7405
f 7390/7390 7403/7403 7388/7388
f 7407/7407 7399/7399 7406/7406
f 7384/7384 7360/7360 7401/7401
f 7398/7398 7403/7403 7390/7390
f 7408/7408 7384/7384 7401/7401
f 7409/7409 7406/7406 7396/7396
f 7403/7403 7398/7398 7410/7410
f 5764/5764 7405/7405 7402/7402
f 6681/6681 7390/7390 6674/6674
f 7411/7411 7371/7371 7345/7345
f 6297/6297 6290/6290 7412/7412
f 7413/7413 6290/6290 7405/7405
f 7345/7345 7391/7391 7411/7411
f 7411/7411 7391/7391 7414/7414
f 7414/7414 7391/7391 7407/7407
f 7415/7415 6290/6290 7413/7413
f 7415/7415 7412/7412 6290/6290
f 7412/7412 7415/7415 6304/6304
f 7354/7354 7350/7350 7355/7355
f 7416/7416 7354/7354 7355/7355
f 7417/7417 7393/7393 6681/6681
f 7354/7354 7418/7418 6012/6012
f 7128/7128 5424/5424 7109/7109
f 7418/7418 7354/7354 7416/7416
f 6681/6681 6682/6682 7417/7417
f 6013/6013 6010/6010 6012/6012
f 6013/6013 6012/6012 7418/7418
f 7419/7419 7393/7393 7417/7417
f 7405/7405 7420/7420 7413/7413
f 7417/7417 7421/7421 7419/7419
f 7422/7422 7418/7418 7416/7416
f 7418/7418 7422/7422 6013/6013
f 7423/7423 7420/7420 7405/7405
f 6290/6290 6297/6297 6273/6273
f 7424/7424 7425/7425 7393/7393
f 6295/6295 6297/6297 7412/7412
f 7426/7426 7355/7355 7370/7370
f 7412/7412 6304/6304 6295/6295
f 7371/7371 7426/7426 7370/7370
f 7427/7427 7428/7428 7425/7425
f 7393/7393 7425/7425 7398/7398
f 7425/7425 7410/7410 7398/7398
f 7405/7405 5772/5772 5726/5726
f 7405/7405 5726/5726 7375/7375
f 7410/7410 7425/7425 7428/7428
f 7416/7416 7355/7355 7426/7426
f 7416/7416 7426/7426 7422/7422
f 7422/7422 7426/7426 7371/7371
f 7393/7393 7419/7419 7424/7424
f 7429/7429 7419/7419 7421/7421
f 7429/7429 7424/7424 7419/7419
f 7430/7430 7424/7424 7429/7429
f 7375/7375 7423/7423 7405/7405
f 7430/7430 7427/7427 7424/7424
f 7128/7128 7125/7125 7431/7431
f 7425/7425 7424/7424 7427/7427
f 7432/7432 7428/7428 7427/7427
f 7389/7389 7423/7423 7375/7375
f 7433/7433 7423/7423 7389/7389
f 7410/7410 7404/7404 7403/7403
f 7404/7404 7410/7410 7434/7434
f 7435/7435 5981/5981 6014/6014
f 7385/7385 7436/7436 7389/7389
f 7389/7389 7436/7436 7433/7433
f 7437/7437 6014/6014 6013/6013
f 7385/7385 7438/7438 7436/7436
f 7439/7439 7434/7434 7410/7410
f 7420/7420 7415/7415 7413/7413
f 6013/6013 7422/7422 7437/7437
f 7440/7440 5424/5424 7128/7128
f 7404/7404 7324/7324 7325/7325
f 7404/7404 7353/7353 7324/7324
f 7441/7441 7353/7353 7404/7404
f 7442/7442 7420/7420 7443/7443
f 7415/7415 7420/7420 7442/7442
f 7441/7441 7356/7356 7353/7353
f 7444/7444 7415/7415 7442/7442
f 7409/7409 7445/7445 7406/7406
f 7441/7441 7359/7359 7356/7356
f 7446/7446 7444/7444 7442/7442
f 7446/7446 7442/7442 7447/7447
f 7440/7440 5444/5444 5424/5424
f 7434/7434 7441/7441 7404/7404
f 7440/7440 5448/5448 5444/5444
f 7434/7434 7448/7448 7441/7441
f 7434/7434 7439/7439 7448/7448
f 7441/7441 7372/7372 7359/7359
f 6303/6303 6304/6304 7415/7415
f 7448/7448 7372/7372 7441/7441
f 7449/7449 7372/7372 7448/7448
f 7440/7440 7128/7128 7431/7431
f 7449/7449 7377/7377 7372/7372
f 7449/7449 7450/7450 7377/7377
f 6333/6333 6303/6303 7451/7451
f 7415/7415 7451/7451 6303/6303
f 7414/7414 7452/7452 7411/7411
f 7453/7453 7440/7440 7431/7431
f 7451/7451 7415/7415 7444/7444
f 7414/7414 7407/7407 7406/7406
f 7454/7454 6333/6333 7451/7451
f 7455/7455 7414/7414 7406/7406
f 7455/7455 7406/7406 7445/7445
f 7455/7455 7456/7456 7414/7414
f 7446/7446 7451/7451 7444/7444
f 7450/7450 7449/7449 7457/7457
f 7452/7452 7414/7414 7456/7456
f 7458/7458 7456/7456 7455/7455
f 7454/7454 7451/7451 7446/7446
f 7454/7454 7446/7446 6408/6408
f 7459/7459 7455/7455 7445/7445
f 6333/6333 7454/7454 6340/6340
f 7460/7460 7167/7167 7161/7161
f 7461/7461 7410/7410 7462/7462
f 6408/6408 6340/6340 7454/7454
f 7462/7462 7410/7410 7428/7428
f 7428/7428 7432/7432 7462/7462
f 7411/7411 7422/7422 7371/7371
f 7439/7439 7410/7410 7461/7461
f 7463/7463 7439/7439 7461/7461
f 7464/7464 7422/7422 7411/7411
f 7464/7464 7411/7411 7452/7452
f 7437/7437 7422/7422 7464/7464
f 7465/7465 7432/7432 7427/7427
f 7125/7125 7129/7129 7196/7196
f 7125/7125 7196/7196 7466/7466
f 7423/7423 7433/7433 7467/7467
f 7432/7432 7465/7465 7462/7462
f 7465/7465 7461/7461 7462/7462
f 7452/7452 7456/7456 7468/7468
f 7468/7468 7456/7456 7458/7458
f 7469/7469 7463/7463 7461/7461
f 7464/7464 7452/7452 7468/7468
f 7465/7465 7469/7469 7461/7461
f 7458/7458 7455/7455 7459/7459
f 7459/7459 7470/7470 7458/7458
f 7423/7423 7443/7443 7420/7420
f 7431/7431 7125/7125 7466/7466
f 7463/7463 7448/7448 7439/7439
f 7467/7467 7443/7443 7423/7423
f 7471/7471 7464/7464 7468/7468
f 7471/7471 7468/7468 7458/7458
f 7457/7457 7448/7448 7463/7463
f 7433/7433 7436/7436 7467/7467
f 7457/7457 7449/7449 7448/7448
f 7471/7471 7458/7458 7470/7470
f 7436/7436 7472/7472 7467/7467
f 7457/7457 7463/7463 7473/7473
f 7474/7474 7436/7436 7438/7438
f 7473/7473 7463/7463 7469/7469
f 7395/7395 7300/7300 7312/7312
f 7196/7196 7167/7167 7460/7460
f 7196/7196 7460/7460 7475/7475
f 7472/7472 7436/7436 7474/7474
f 7476/7476 7395/7395 7312/7312
f 7477/7477 7312/7312 7314/7314
f 7466/7466 7196/7196 7475/7475
f 7476/7476 7312/7312 7477/7477
f 7478/7478 7476/7476 7477/7477
f 7479/7479 7395/7395 7480/7480
f 7478/7478 7480/7480 7476/7476
f 7395/7395 7476/7476 7480/7480
f 7443/7443 7447/7447 7442/7442
f 7481/7481 7447/7447 7443/7443
f 7482/7482 7443/7443 7467/7467
f 7479/7479 7396/7396 7395/7395
f 7482/7482 7481/7481 7443/7443
f 7482/7482 7483/7483 7481/7481
f 7484/7484 7314/7314 7103/7103
f 7365/7365 7363/7363 7485/7485
f 7363/7363 7377/7377 7486/7486
f 7100/7100 7487/7487 7103/7103
f 7482/7482 7472/7472 7474/7474
f 7486/7486 7485/7485 7363/7363
f 7484/7484 7103/7103 7487/7487
f 7488/7488 7431/7431 7466/7466
f 7489/7489 7482/7482 7474/7474
f 7489/7489 7490/7490 7482/7482
f 7477/7477 7314/7314 7478/7478
f 7491/7491 7482/7482 7490/7490
f 7484/7484 7478/7478 7314/7314
f 7492/7492 7493/7493 7486/7486
f 7453/7453 7431/7431 7488/7488
f 7482/7482 7467/7467 7472/7472
f 7480/7480 7478/7478 7484/7484
f 7494/7494 7484/7484 7487/7487
f 7491/7491 7483/7483 7482/7482
f 7100/7100 7494/7494 7487/7487
f 7495/7495 6939/6939 6959/6959
f 7491/7491 7496/7496 7483/7483
f 7497/7497 6939/6939 7495/7495
f 7480/7480 7484/7484 7494/7494
f 7498/7498 7396/7396 7479/7479
f 5858/5858 5851/5851 7499/7499
f 5854/5854 7499/7499 5851/5851
f 7500/7500 7466/7466 7475/7475
f 7501/7501 7497/7497 7495/7495
f 7501/7501 7495/7495 6959/6959
f 6959/6959 7502/7502 7501/7501
f 7409/7409 7396/7396 7498/7498
f 7498/7498 7479/7479 7503/7503
f 7504/7504 7479/7479 7480/7480
f 7505/7505 7380/7380 5858/5858
f 7502/7502 6959/6959 7506/7506
f 5858/5858 7380/7380 5741/5741
f 6962/6962 7239/7239 7507/7507
f 7508/7508 7480/7480 7494/7494
f 7504/7504 7480/7480 7508/7508
f 7479/7479 7504/7504 7503/7503
f 5858/5858 7499/7499 7509/7509
f 5858/5858 7509/7509 7505/7505
f 7510/7510 5787/5787 5448/5448
f 7503/7503 7504/7504 7508/7508
f 7506/7506 6959/6959 6962/6962
f 7494/7494 7100/7100 7126/7126
f 7438/7438 7380/7380 7511/7511
f 7385/7385 7380/7380 7438/7438
f 7512/7512 7506/7506 6962/6962
f 7513/7513 7510/7510 5448/5448
f 7514/7514 7510/7510 7513/7513
f 6962/6962 7507/7507 7512/7512
f 7156/7156 7494/7494 7126/7126
f 7494/7494 7156/7156 7515/7515
f 7516/7516 7156/7156 7164/7164
f 7508/7508 7494/7494 7515/7515
f 7511/7511 7380/7380 7505/7505
f 7513/7513 5448/5448 7440/7440
f 7517/7517 7505/7505 7509/7509
f 7518/7518 7513/7513 7440/7440
f 7519/7519 7502/7502 7506/7506
f 7518/7518 7440/7440 7453/7453
f 7515/7515 7156/7156 7516/7516
f 7511/7511 7505/7505 7517/7517
f 7519/7519 7520/7520 7502/7502
f 7515/7515 7516/7516 7521/7521
f 7522/7522 7515/7515 7521/7521
f 7523/7523 7515/7515 7522/7522
f 7164/7164 7169/7169 7516/7516
f 5854/5854 5868/5868 7499/7499
f 7521/7521 7516/7516 7169/7169
f 7499/7499 7524/7524 7509/7509
f 7525/7525 7522/7522 7521/7521
f 7526/7526 7513/7513 7518/7518
f 7525/7525 7169/7169 7168/7168
f 7521/7521 7169/7169 7525/7525
f 7525/7525 7168/7168 7174/7174
f 7527/7527 7526/7526 7518/7518
f 7524/7524 7499/7499 5868/5868
f 7528/7528 7506/7506 7512/7512
f 7409/7409 7498/7498 7529/7529
f 7530/7530 7513/7513 7526/7526
f 7189/7189 7513/7513 7530/7530
f 7528/7528 7519/7519 7506/7506
f 7520/7520 7519/7519 7528/7528
f 7528/7528 7531/7531 7520/7520
f 7529/7529 7498/7498 7503/7503
f 5416/5416 7056/7056 5868/5868
f 7056/7056 7524/7524 5868/5868
f 7530/7530 7526/7526 7527/7527
f 7445/7445 7409/7409 7529/7529
f 7532/7532 7533/7533 7529/7529
f 7534/7534 7509/7509 7524/7524
f 7517/7517 7509/7509 7534/7534
f 7535/7535 7450/7450 7536/7536
f 7529/7529 7503/7503 7537/7537
f 7537/7537 7503/7503 7508/7508
f 7450/7450 7486/7486 7377/7377
f 7537/7537 7508/7508 7538/7538
f 7191/7191 7527/7527 6926/6926
f 7535/7535 7486/7486 7450/7450
f 7538/7538 7508/7508 7539/7539
f 7538/7538 7539/7539 7540/7540
f 7535/7535 7492/7492 7486/7486
f 7524/7524 7090/7090 7534/7534
f 7532/7532 7537/7537 7538/7538
f 7536/7536 7492/7492 7535/7535
f 7488/7488 7518/7518 7453/7453
f 7541/7541 7492/7492 7536/7536
f 7532/7532 7529/7529 7537/7537
f 7540/7540 7532/7532 7538/7538
f 7056/7056 7055/7055 7064/7064
f 7056/7056 7064/7064 7524/7524
f 7542/7542 7536/7536 7450/7450
f 7450/7450 7457/7457 7543/7543
f 7543/7543 7542/7542 7450/7450
f 7445/7445 7529/7529 7533/7533
f 6933/6933 7518/7518 7488/7488
f 7536/7536 7544/7544 7541/7541
f 7545/7545 7536/7536 7542/7542
f 7546/7546 7533/7533 7532/7532
f 7544/7544 7536/7536 7545/7545
f 7547/7547 7532/7532 7540/7540
f 7547/7547 7546/7546 7532/7532
f 7548/7548 6933/6933 7488/7488
f 7549/7549 7492/7492 7541/7541
f 7550/7550 7547/7547 7540/7540
f 7551/7551 7474/7474 7438/7438
f 7552/7552 7549/7549 7553/7553
f 7553/7553 7549/7549 7541/7541
f 7548/7548 7488/7488 7466/7466
f 7500/7500 7548/7548 7466/7466
f 7551/7551 7511/7511 7554/7554
f 7438/7438 7511/7511 7551/7551
f 7555/7555 7546/7546 7547/7547
f 7556/7556 7474/7474 7551/7551
f 7541/7541 7557/7557 7553/7553
f 7544/7544 7558/7558 7541/7541
f 7557/7557 7541/7541 7558/7558
f 7554/7554 7511/7511 7517/7517
f 7470/7470 7459/7459 7445/7445
f 7559/7559 7470/7470 7445/7445
f 7517/7517 7560/7560 7554/7554
f 7559/7559 7445/7445 7533/7533
f 7552/7552 7553/7553 7561/7561
f 7562/7562 7548/7548 7500/7500
f 7561/7561 7553/7553 7557/7557
f 7551/7551 7554/7554 7563/7563
f 7564/7564 7559/7559 7533/7533
f 7562/7562 7500/7500 7565/7565
f 7457/7457 7473/7473 7543/7543
f 7566/7566 7543/7543 7473/7473
f 7567/7567 7543/7543 7566/7566
f 7546/7546 7564/7564 7533/7533
f 7546/7546 7555/7555 7564/7564
f 7560/7560 7563/7563 7554/7554
f 7508/7508 7540/7540 7539/7539
f 7568/7568 7556/7556 7551/7551
f 6933/6933 7527/7527 7518/7518
f 7508/7508 7515/7515 7523/7523
f 7569/7569 7566/7566 7473/7473
f 7563/7563 7568/7568 7551/7551
f 7570/7570 7523/7523 7522/7522
f 7571/7571 6933/6933 7548/7548
f 7523/7523 7572/7572 7573/7573
f 7572/7572 7523/7523 7570/7570
f 7543/7543 7545/7545 7542/7542
f 7568/7568 7563/7563 7574/7574
f 7523/7523 7540/7540 7508/7508
f 7567/7567 7545/7545 7543/7543
f 6927/6927 7527/7527 6933/6933
f 7090/7090 7560/7560 7534/7534
f 7575/7575 7545/7545 7567/7567
f 7545/7545 7575/7575 7576/7576
f 7577/7577 7522/7522 7525/7525
f 6926/6926 7527/7527 6927/6927
f 7578/7578 7558/7558 7544/7544
f 7064/7064 7090/7090 7524/7524
f 7545/7545 7578/7578 7544/7544
f 7576/7576 7578/7578 7545/7545
f 7579/7579 7525/7525 7174/7174
f 7174/7174 7247/7247 7579/7579
f 7571/7571 6932/6932 6933/6933
f 7522/7522 7577/7577 7570/7570
f 7580/7580 7557/7557 7558/7558
f 7572/7572 7570/7570 7577/7577
f 7580/7580 7561/7561 7557/7557
f 7577/7577 7581/7581 7572/7572
f 7255/7255 7579/7579 7247/7247
f 7579/7579 7577/7577 7525/7525
f 7562/7562 6943/6943 7548/7548
f 7582/7582 7577/7577 7579/7579
f 7561/7561 7580/7580 7583/7583
f 7523/7523 7550/7550 7540/7540
f 7576/7576 7558/7558 7578/7578
f 7089/7089 7113/7113 7584/7584
f 7550/7550 7523/7523 7573/7573
f 7534/7534 7560/7560 7517/7517
f 7558/7558 7576/7576 7580/7580
f 6943/6943 7571/7571 7548/7548
f 7576/7576 7585/7585 7580/7580
f 7585/7585 7583/7583 7580/7580
f 7576/7576 7586/7586 7587/7587
f 7585/7585 7576/7576 7587/7587
f 7588/7588 7547/7547 7550/7550
f 6932/6932 7571/7571 6943/6943
f 7589/7589 7550/7550 7573/7573
f 7502/7502 7520/7520 7590/7590
f 7589/7589 7573/7573 7572/7572
f 7589/7589 7572/7572 7581/7581
f 7563/7563 7560/7560 7591/7591
f 7520/7520 7592/7592 7590/7590
f 7592/7592 7520/7520 7593/7593
f 7582/7582 7581/7581 7577/7577
f 7090/7090 7591/7591 7560/7560
f 7594/7594 7581/7581 7582/7582
f 7582/7582 7579/7579 7255/7255
f 7520/7520 7595/7595 7593/7593
f 7596/7596 7460/7460 7161/7161
f 7255/7255 7257/7257 7582/7582
f 7592/7592 7593/7593 7595/7595
f 7591/7591 7584/7584 7597/7597
f 7591/7591 7574/7574 7563/7563
f 7596/7596 7161/7161 7330/7330
f 7581/7581 7594/7594 7589/7589
f 7090/7090 7089/7089 7584/7584
f 7598/7598 7596/7596 7330/7330
f 7584/7584 7591/7591 7090/7090
f 7594/7594 7582/7582 7257/7257
f 7460/7460 7596/7596 7475/7475
f 7594/7594 7257/7257 7599/7599
f 7599/7599 7257/7257 7258/7258
f 7036/7036 7600/7600 7601/7601
f 7602/7602 7036/7036 7601/7601
f 7520/7520 7531/7531 7603/7603
f 7489/7489 7474/7474 7556/7556
f 7595/7595 7520/7520 7603/7603
f 7330/7330 7338/7338 7598/7598
f 7036/7036 7602/7602 7604/7604
f 7489/7489 7605/7605 7490/7490
f 7489/7489 7556/7556 7568/7568
f 7605/7605 7489/7489 7568/7568
f 7531/7531 7606/7606 7603/7603
f 7602/7602 7601/7601 7600/7600
f 7607/7607 7602/7602 7600/7600
f 7595/7595 7608/7608 7592/7592
f 7602/7602 7607/7607 7609/7609
f 7602/7602 7609/7609 7610/7610
f 7611/7611 7608/7608 7612/7612
f 7613/7613 7610/7610 7609/7609
f 7614/7614 7598/7598 7338/7338
f 7604/7604 7602/7602 7610/7610
f 7615/7615 7561/7561 7616/7616
f 7617/7617 6408/6408 7446/7446
f 7561/7561 7583/7583 7616/7616
f 7618/7618 7610/7610 7613/7613
f 6408/6408 6849/6849 6407/6407
f 7614/7614 7338/7338 7619/7619
f 7604/7604 7610/7610 7618/7618
f 7048/7048 7031/7031 7066/7066
f 7616/7616 7620/7620 7615/7615
f 7621/7621 7596/7596 7598/7598
f 7622/7622 6408/6408 7617/7617
f 7031/7031 7036/7036 7066/7066
f 7583/7583 7623/7623 7624/7624
f 7066/7066 7036/7036 7604/7604
f 7621/7621 7598/7598 7614/7614
f 7583/7583 7585/7585 7623/7623
f 7625/7625 7621/7621 7614/7614
f 7066/7066 7604/7604 7626/7626
f 7617/7617 7446/7446 7627/7627
f 7627/7627 7446/7446 7447/7447
f 7628/7628 7066/7066 7626/7626
f 7626/7626 7604/7604 7618/7618
f 7616/7616 7583/7583 7624/7624
f 7625/7625 7614/7614 7619/7619
f 7629/7629 7616/7616 7624/7624
f 7629/7629 7620/7620 7616/7616
f 7630/7630 7617/7617 7627/7627
f 7631/7631 7620/7620 7629/7629
f 7622/7622 6849/6849 6408/6408
f 7632/7632 7620/7620 7631/7631
f 7633/7633 7626/7626 7618/7618
f 7634/7634 7628/7628 7626/7626
f 7608/7608 7595/7595 7603/7603
f 7634/7634 7626/7626 7633/7633
f 7612/7612 7608/7608 7603/7603
f 7619/7619 7635/7635 7625/7625
f 7628/7628 7636/7636 7066/7066
f 7062/7062 7066/7066 7636/7636
f 7637/7637 7603/7603 7606/7606
f 7617/7617 7630/7630 7638/7638
f 7621/7621 7475/7475 7596/7596
f 7609/7609 7639/7639 7640/7640
f 7613/7613 7609/7609 7640/7640
f 7622/7622 7617/7617 7638/7638
f 7641/7641 7611/7611 7612/7612
f 7641/7641 7612/7612 7642/7642
f 7622/7622 7638/7638 7643/7643
f 7500/7500 7475/7475 7621/7621
f 7644/7644 7447/7447 7481/7481
f 7645/7645 7637/7637 7632/8369
f 7644/7644 7481/7481 7483/7483
f 7612/7612 7603/7603 7637/7637
f 7496/7496 7646/7646 7483/7483
f 7483/7483 7646/7646 7644/7644
f 7645/7645 7642/7642 7612/7612
f 7647/7647 7640/7640 7648/7648
f 7613/7613 7640/7640 7647/7647
f 7625/7625 7500/7500 7621/7621
f 7645/7645 7612/7612 7637/7637
f 7649/7649 7648/7648 7650/7650
f 7649/7649 7647/7647 7648/7648
f 7329/7329 7116/7116 7095/7095
f 7651/7651 7491/7491 7490/7490
f 7491/7491 7651/7651 7496/7496
f 7652/7652 7613/7613 7647/7647
f 7619/7619 7338/7338 7394/7394
f 7651/7651 7653/7653 7496/7496
f 7647/7647 7649/7649 7652/7652
f 7130/7130 7116/7116 7336/7336
f 7397/7397 7382/7382 7384/7384
f 7654/7654 7618/7618 7613/7613
f 7633/7633 7618/7618 7654/7654
f 7644/7644 7627/7627 7447/7447
f 7655/7655 7633/7633 7654/7654
f 7397/7397 7656/7656 7394/7394
f 7656/7656 7657/7657 7394/7394
f 7656/7656 7397/7397 7658/7658
f 7659/7659 7627/7627 7644/7644
f 7630/7630 7627/7627 7659/7659
f 7644/7644 7646/7646 7659/7659
f 7630/7630 7659/7659 7646/7646
f 7366/7366 7130/7130 7336/7336
f 7221/7221 7127/7127 7130/7130
f 7652/7652 7654/7654 7613/7613
f 7653/7653 7646/7646 7496/7496
f 7630/7630 7646/7646 7653/7653
f 7658/7658 7397/7397 7384/7384
f 7366/7366 7221/7221 7130/7130
f 7658/7658 7384/7384 7660/7660
f 7384/7384 7408/7408 7660/7660
f 7661/7661 7652/7652 7649/7649
f 7662/7662 7408/7408 7401/7401
f 7661/7661 7663/7663 7652/7652
f 7661/7661 7649/7649 7664/7664
f 7630/7630 7665/7665 7638/7638
f 7665/7665 7630/7630 7653/7653
f 7663/7663 7654/7654 7652/7652
f 7666/7666 7665/7665 7653/7653
f 7653/7653 7651/7651 7666/7666
f 7667/7667 7634/7634 7633/7633
f 7668/7668 7634/7634 7667/7667
f 7669/7669 7221/7221 7366/7366
f 7221/7221 7669/7669 7670/7670
f 7114/7114 7062/7062 7636/7636
f 7121/7121 7114/7114 7636/7636
f 7662/7662 7660/7660 7408/7408
f 7656/7656 7658/7658 7657/7657
f 7670/7670 7222/7222 7221/7221
f 7636/7636 7628/7628 7634/7634
f 7671/7671 7636/7636 7634/7634
f 7619/7619 7394/7394 7657/7657
f 7672/7672 7121/7121 7636/7636
f 7673/7673 7622/7622 7643/7643
f 7670/7670 7230/7230 7222/7222
f 7121/7121 7119/7119 7114/7114
f 7643/7643 7674/7674 7675/7675
f 7676/7676 7670/7670 7669/7669
f 7673/7673 7643/7643 7677/7677
f 7643/7643 7675/7675 7677/7677
f 7672/7672 7636/7636 7671/7671
f 7678/7678 7658/7658 7660/7660
f 7679/7679 7672/7672 7671/7671
f 7680/7680 7677/7677 7675/7675
f 7678/7678 7657/7657 7658/7658
f 7668/7668 7671/7671 7634/7634
f 7657/7657 7678/7678 7619/7619
f 7635/7635 7619/7619 7678/7678
f 7671/7671 7668/7668 7681/7681
f 7674/7674 7665/7665 7666/7666
f 7681/7681 7679/7679 7671/7671
f 7674/7674 7666/7666 7682/7682
f 7681/7681 7668/7668 7683/7683
f 7643/7643 7638/7638 7665/7665
f 7674/7674 7643/7643 7665/7665
f 7683/7683 7668/7668 7684/7684
f 7683/7683 7684/7684 7685/7685
f 7122/7122 7121/7121 7672/7672
f 7686/7686 7122/7122 7672/7672
f 7687/7687 7662/7662 7688/7688
f 7674/7674 7680/7680 7675/7675
f 7365/7365 7669/7669 7366/7366
f 7689/7689 7672/7672 7679/7679
f 7690/7690 7691/7691 7689/7689
f 7679/7679 7692/7692 7690/7690
f 7690/7690 7689/7689 7679/7679
f 7485/7485 7669/7669 7365/7365
f 7485/7485 7676/7676 7669/7669
f 7689/7689 7691/7691 7672/7672
f 7686/7686 7672/7672 7691/7691
f 7662/7662 7687/7687 7660/7660
f 7493/7493 7485/7485 7486/7486
f 7493/7493 7676/7676 7485/7485
f 7693/7693 7660/7660 7687/7687
f 7686/7686 7132/7132 7122/7122
f 7678/7678 7660/7660 7693/7693
f 7132/7132 7686/7686 7694/7694
f 7694/7694 7686/7686 7691/7691
f 7695/7695 7682/7682 7666/7666
f 7676/7676 7696/7696 7670/7670
f 7493/7493 7696/7696 7676/7676
f 7692/7692 7679/7679 7681/7681
f 7696/7696 7697/7697 7670/7670
f 7692/7692 7681/7681 7683/7683
f 7692/7692 7683/7683 7698/7698
f 7698/7698 7683/7683 7685/7685
f 7685/7685 7699/7699 7698/7698
f 7700/7700 7680/7680 7674/7674
f 7697/7697 7701/7701 7670/7670
f 7690/7690 7692/7692 7698/7698
f 7674/7674 7682/7682 7700/7700
f 7680/7680 7700/7700 7702/7702
f 7493/7493 7492/7492 7549/7549
f 7690/7690 7698/7698 7703/7703
f 7699/7699 7703/7703 7698/7698
f 7549/7549 7704/7704 7493/7493
f 7667/7667 7633/7633 7655/7655
f 7493/7493 7704/7704 7696/7696
f 7704/7704 7697/7697 7696/7696
f 7565/7565 7500/7500 7625/7625
f 7655/7655 7654/7654 7663/7663
f 7684/7684 7668/7668 7667/7667
f 7507/7507 7239/7239 7245/7245
f 7705/7705 7684/7684 7667/7667
f 7705/7705 7667/7667 7655/7655
f 7224/8358 7245/7245 7244/7244
f 7705/7705 7655/7655 7706/7706
f 7707/7707 7224/7224 7230/7230
f 7707/8370 7245/7245 7224/8358
f 7661/7661 7708/7708 7663/7663
f 7574/7574 7597/7597 7709/7709
f 7655/7655 7663/7663 7708/7708
f 7512/7512 7507/7507 7245/7245
f 7706/7706 7655/7655 7708/7708
f 7706/7706 7708/7708 7710/7710
f 7591/7591 7597/7597 7574/7574
f 7625/7625 7635/7635 7711/7711
f 7707/8370 7712/7712 7245/7245
f 7710/7710 7708/7708 7661/7661
f 7710/7710 7661/7661 7713/7713
f 7565/7565 7625/7625 7711/7711
f 7512/7512 7245/7245 7712/7712
f 7714/7714 7684/7684 7705/7705
f 7715/7715 7684/7684 7714/7714
f 7684/7684 7715/7715 7685/7685
f 7716/7716 7597/7597 7717/7717
f 7717/7717 7584/7584 7139/7139
f 7714/7714 7705/7705 7718/7718
f 7597/7597 7584/7584 7717/7717
f 7528/7528 7512/7512 7719/7719
f 7718/7718 7715/7715 7714/7714
f 7139/7139 7584/7584 7113/7113
f 7701/7701 7230/7230 7670/7670
f 7720/7720 7712/7712 7707/8370
f 7705/7705 7706/7706 7718/7718
f 7701/7701 7707/7707 7230/7230
f 7718/7718 7706/7706 7721/7721
f 6974/6974 7562/7562 7565/7565
f 7720/8371 7707/7707 7701/7701
f 7710/7710 7721/7721 7706/7706
f 7717/7717 7139/7139 7199/7199
f 7719/7719 7512/7512 7712/7712
f 7720/7720 7719/7719 7712/7712
f 6974/6974 7565/7565 6971/6971
f 7722/7722 7701/7701 7704/7704
f 7135/7135 7710/7710 7723/7723
f 7531/7531 7528/7528 7719/7719
f 7721/7721 7710/7710 7135/7135
f 7724/7724 7719/7719 7720/7720
f 7135/7135 7725/7725 7721/7721
f 7717/7717 7726/7726 7716/7716
f 7724/7724 7531/7531 7719/7719
f 7699/7699 7685/7685 7715/7715
f 7699/7699 7715/7715 7703/7703
f 7715/7715 7727/7727 7703/7703
f 6970/6970 6974/6974 6971/6971
f 7726/7726 7717/7717 7199/7199
f 7718/7718 7727/7727 7715/7715
f 6943/6943 7562/7562 6974/6974
f 7726/7726 7199/7199 7170/7170
f 7204/7204 7726/7726 7170/7170
f 7728/7728 7729/7729 7730/7730
f 7731/7731 7728/7728 7732/7732
f 7552/7552 7704/7704 7549/7549
f 6971/6971 7565/7565 7711/7711
f 7731/7731 7733/7733 7728/7728
f 7697/7697 7704/7704 7701/7701
f 7711/7711 7734/7734 7040/7040
f 7040/7040 6971/6971 7711/7711
f 7735/7735 7716/7716 7726/7726
f 6347/6347 6344/6344 6338/6338
f 7724/7724 7720/7720 7722/8372
f 7726/7726 7204/7204 7236/7236
f 7736/7736 7726/7726 7236/7236
f 6346/6346 7737/7737 6347/6347
f 6347/6347 7737/7737 6344/6344
f 6993/6993 6971/6971 7040/7040
f 7203/7203 7236/7236 7204/7204
f 7722/7722 7720/8371 7701/7701
f 7561/7561 7704/7704 7552/7552
f 7735/7735 7726/7726 7736/7736
f 7737/7737 7738/7738 6344/6344
f 7704/7704 7615/7615 7739/7739
f 7615/7615 7704/7704 7561/7561
f 7736/7736 7237/7237 7735/7735
f 7739/7739 7722/7722 7704/7704
f 7737/7737 7740/7740 7738/7738
f 7741/7741 7738/7738 7742/7742
f 7740/7740 7742/7742 7738/7738
f 7237/7237 7736/7736 7236/7236
f 7739/8373 7724/7724 7722/8372
f 7743/7743 7737/7737 6346/6346
f 7693/7693 7635/7635 7678/7678
f 7734/7734 7635/7635 7693/7693
f 7743/7743 7740/7740 7737/7737
f 7743/7743 7742/7742 7740/7740
f 7606/7606 7724/7724 7739/8373
f 7742/7742 7743/7743 7744/7744
f 7724/7724 7606/7606 7531/7531
f 7605/7605 7651/7651 7490/7490
f 7651/7651 7605/7605 7745/7745
f 7568/7568 7745/7745 7605/7605
f 7734/7734 7711/7711 7635/7635
f 7620/7620 7739/7739 7615/7615
f 7745/7745 7709/7709 7651/7651
f 7746/7746 7739/7739 7620/7620
f 7747/7747 6346/6346 6339/6339
f 7033/7033 7734/7734 7693/7693
f 7748/7748 7033/7033 7693/7693
f 7620/7620 7632/7632 7746/7746
f 7746/8374 7606/7606 7739/8373
f 6346/6346 7747/7747 7749/7749
f 7632/8369 7606/7606 7746/8374
f 7632/8369 7637/7637 7606/7606
f 7687/7687 7748/7748 7693/7693
f 7745/7745 7568/7568 7709/7709
f 7709/7709 7568/7568 7574/7574
f 7750/7750 6682/6682 6766/6766
f 7751/7751 7744/7744 7743/7743
f 7417/7417 6682/6682 7750/7750
f 7751/7751 7743/7743 6346/6346
f 7749/7749 7751/7751 6346/6346
f 7752/7752 7421/7421 7750/7750
f 7687/7687 7753/7753 7748/7748
f 7750/7750 7754/7754 7752/7752
f 7651/7651 7709/7709 7695/7695
f 7750/7750 6766/6766 6767/6767
f 7755/7755 7751/7751 7749/7749
f 7756/7756 7750/7750 6767/6767
f 7033/7033 7748/7748 7753/7753
f 7695/7695 7666/7666 7651/7651
f 7757/7757 7758/7758 7742/7742
f 7750/7750 7756/7756 7754/7754
f 7759/7759 7760/7760 7757/7757
f 7742/7742 7744/7744 7757/7757
f 7761/7761 7752/7752 7754/7754
f 7762/7762 7754/7754 7756/7756
f 7763/7763 7759/7759 7757/7757
f 7762/7762 7761/7761 7754/7754
f 7731/7731 7732/7732 7764/7764
f 7597/7597 7716/7716 7709/7709
f 7709/7709 7716/7716 7695/7695
f 7765/7765 7764/7764 7766/7766
f 7764/7764 7732/7732 7766/7766
f 7767/7767 7764/7764 7765/7765
f 6767/6767 7768/7768 7756/7756
f 7769/7769 7733/7733 7731/7731
f 7770/7770 7769/7769 7731/7731
f 7771/7771 7772/7772 7762/7762
f 7768/7768 6767/6767 6779/6779
f 7032/7032 7734/7734 7033/7033
f 7773/7773 7764/7764 7767/7767
f 7757/7757 7760/7760 7758/7758
f 7768/7768 7762/7762 7756/7756
f 7760/7760 7759/7759 7774/7774
f 7771/7771 7762/7762 7775/7775
f 7775/7775 7762/7762 7768/7768
f 7776/7776 7775/7775 7768/7768
f 7033/7033 7753/7753 7777/7777
f 7776/7776 7778/7778 7775/7775
f 7779/7779 7759/7759 7763/7763
f 7774/7774 7765/8375 7780/7780
f 7765/8375 7774/7774 7767/8376
f 7417/7417 7750/7750 7421/7421
f 7779/7779 7774/7774 7759/7759
f 7781/7781 7421/7421 7752/7752
f 7782/7782 7767/8376 7774/7774
f 7782/7782 7774/7774 7779/7779
f 7761/7761 7781/7781 7752/7752
f 7716/7716 7735/7735 7695/7695
f 7421/7421 7781/7781 7429/7429
f 7781/7781 7430/7430 7429/7429
f 7783/7783 7744/7744 7751/7751
f 7763/7763 7757/7757 7744/7744
f 7784/7784 7763/7763 7744/7744
f 7785/7785 7695/7695 7735/7735
f 7430/7430 7781/7781 7786/7786
f 7033/7033 7777/7777 7036/7036
f 7763/7763 7784/7784 7779/7779
f 7783/7783 7784/7784 7744/7744
f 7786/7786 7427/7427 7430/7430
f 7427/7427 7786/7786 7787/7787
f 7755/7755 7783/7783 7751/7751
f 7788/7788 7787/7787 7786/7786
f 7789/7789 7783/7783 7755/7755
f 7755/7755 7790/7790 7789/7789
f 7772/7772 7781/7781 7761/7761
f 7791/7791 7695/7695 7785/7785
f 7792/7792 7783/7783 7789/7789
f 7040/7040 7734/7734 7032/7032
f 7786/7786 7781/7781 7793/7793
f 7782/7782 7779/7779 7784/7784
f 7786/7786 7794/7794 7788/7788
f 7793/7793 7794/7794 7786/7786
f 7773/7773 7731/7731 7764/7764
f 7770/7770 7731/7731 7773/7773
f 7767/8376 7795/7795 7773/8377
f 7772/7772 7761/7761 7762/7762
f 7514/7514 5787/5787 7510/7510
f 7772/7772 7771/7771 7794/7794
f 5790/5790 5787/5787 7514/7514
f 7784/7784 7795/7795 7782/7782
f 7796/7796 7795/7795 7784/7784
f 7772/7772 7793/7793 7781/7781
f 7794/7794 7793/7793 7772/7772
f 7514/7514 7513/7513 7797/7797
f 7773/8377 7798/7798 7799/7799
f 7800/7800 7788/7788 7794/7794
f 5790/5790 7514/7514 5813/5813
f 7795/7795 7798/7798 7773/8377
f 7795/7795 7767/8376 7782/7782
f 7778/7778 7801/7801 7802/7802
f 7775/7775 7778/7778 7771/7771
f 7802/7802 7771/7771 7778/7778
f 6373/6373 7747/7747 6339/6339
f 7797/7797 5813/5813 7514/7514
f 7771/7771 7800/7800 7794/7794
f 7800/7800 7771/7771 7803/7803
f 7800/7800 7802/7802 7804/7804
f 6373/6373 7805/7805 7747/7747
f 7791/7791 7682/7682 7695/7695
f 7802/7802 7803/7803 7771/7771
f 7803/7803 7802/7802 7800/7800
f 7787/7787 7465/7465 7427/7427
f 7806/7806 7805/7805 6373/6373
f 7797/7797 7513/7513 7189/7189
f 5813/5813 7797/7797 7175/7175
f 7175/7175 7797/7797 7180/7180
f 7465/7465 7787/7787 7807/7807
f 7788/7788 7807/7807 7787/7787
f 7465/7465 7807/7807 7808/7808
f 7809/7809 7805/7805 7806/7806
f 5813/5813 7175/7175 5810/5810
f 7176/7176 7175/7175 7180/7180
f 6373/6373 7810/7810 7806/7806
f 7811/7811 7469/7469 7465/7465
f 7811/7811 7465/7465 7808/7808
f 6385/6385 7810/7810 6373/6373
f 7179/7179 7797/7797 7189/7189
f 7180/7180 7797/7797 7179/7179
f 7812/7812 7785/7785 7735/7735
f 7807/7807 7811/7811 7808/7808
f 7735/7735 7237/7237 7812/7812
f 6973/6973 7810/7810 6385/6385
f 7810/7810 6973/6973 6977/6977
f 7810/7810 7809/7809 7806/7806
f 7189/7189 7530/7530 7191/7191
f 7191/7191 7530/7530 7527/7527
f 7813/7813 7469/7469 7811/7811
f 7473/7473 7469/7469 7569/7569
f 7814/7814 7569/7569 7469/7469
f 7814/7814 7469/7469 7813/7813
f 7809/7809 7810/7810 6977/6977
f 7815/7815 7812/7812 7237/7237
f 7816/7816 7809/7809 6977/6977
f 7816/7816 7817/7817 7809/7809
f 6989/6989 7817/7817 7816/7816
f 6985/6985 6989/6989 7816/7816
f 7435/7435 5982/5982 5981/5981
f 7435/7435 6014/6014 7437/7437
f 7811/7811 7818/7818 7813/7813
f 7814/7814 7813/7813 7818/7818
f 7817/7817 6989/6989 7024/7024
f 7024/7024 7819/7819 7817/7817
f 5986/5986 5979/5979 5982/5982
f 5982/5982 7435/7435 7820/7820
f 7026/7026 7821/7821 7024/7024
f 3652/3652 3647/3647 3666/3666
f 7822/7822 5982/5982 7820/7820
f 7823/7823 7807/7807 7788/7788
f 7788/7788 7800/7800 7823/7823
f 7824/7824 7435/7435 7437/7437
f 7820/7820 7435/7435 7824/7824
f 7818/7818 7811/7811 7807/7807
f 7818/7818 7807/7807 7823/7823
f 7825/7825 7747/7747 7805/7805
f 7437/7437 7826/7826 7824/7824
f 7755/7755 7749/7749 7747/7747
f 7825/7825 7755/7755 7747/7747
f 7825/7825 7790/7790 7755/7755
f 7800/7800 7804/7804 7823/7823
f 7809/7809 7825/7825 7805/7805
f 7820/7820 7824/7824 7827/7827
f 7809/7809 7828/7828 7825/7825
f 7829/7829 5986/5986 5982/5982
f 5986/5986 7829/7829 5995/5995
f 7829/7829 5982/5982 7822/7822
f 7830/7830 7823/7823 7804/7804
f 7831/7831 7830/7830 7804/7804
f 7790/7790 7825/7825 7828/7828
f 7832/7832 7790/7790 7828/7828
f 7833/7833 3652/3652 3666/3666
f 7831/7831 7834/7834 7830/7830
f 7832/7832 7789/7789 7790/7790
f 7792/7792 7789/7789 7832/7832
f 5995/5995 7835/7835 5997/5997
f 7836/7836 7792/7792 7832/7832
f 7829/7829 7837/7837 5995/5995
f 7830/7830 7818/7818 7823/7823
f 7835/7835 5995/5995 7837/7837
f 7819/7819 7828/7828 7817/7817
f 7838/7838 7814/7814 7818/7818
f 7827/7827 7822/7822 7820/7820
f 7829/7829 7822/7822 7827/7827
f 7827/7827 7839/7839 7829/7829
f 7828/7828 7819/7819 7832/7832
f 7796/7796 7783/7783 7792/7792
f 7796/7796 7784/7784 7783/7783
f 7840/7840 7795/7795 7796/7796
f 7834/7834 7818/7818 7830/7830
f 7836/7836 7796/7796 7792/7792
f 7818/7818 7834/7834 7838/7838
f 7837/7837 7829/7829 7841/7841
f 7829/7829 7839/7839 7841/7841
f 7842/7842 7834/7834 7843/7843
f 7834/7834 7844/7844 7838/7838
f 7826/7826 7437/7437 7464/7464
f 7836/7836 7832/7832 7821/7821
f 7845/7845 7844/7844 7834/7834
f 7836/7836 7846/7846 7840/7840
f 7834/7834 7842/7842 7845/7845
f 7844/7844 7845/7845 7847/7847
f 7847/7847 7848/7848 7844/7844
f 7840/7840 7796/7796 7836/7836
f 7776/7776 7768/7768 6779/6779
f 7798/7798 7795/7795 7840/7840
f 6819/6819 7776/7776 6779/6779
f 7809/7809 7817/7817 7828/7828
f 7832/7832 7819/7819 7821/7821
f 6819/6819 7778/7778 7776/7776
f 7778/7778 6819/6819 7801/7801
f 7826/7826 7849/7849 7824/7824
f 7471/7471 7850/7850 7464/7464
f 7821/7821 7846/7846 7836/7836
f 7801/7801 6819/6819 7851/7851
f 7846/7846 7821/7821 7038/7038
f 7846/7846 7038/7038 7059/7059
f 7826/7826 7464/7464 7850/7850
f 7852/7852 6819/6819 6820/6820
f 7852/7852 6820/6820 6821/6821
f 7853/7853 7840/7840 7846/7846
f 7470/7470 7854/7854 7471/7471
f 7855/7855 6819/6819 7852/7852
f 7854/7854 7470/7470 7559/7559
f 7850/7850 7471/7471 7854/7854
f 7026/7026 7038/7038 7821/7821
f 7826/7826 7850/7850 7856/7856
f 7855/7855 7851/7851 6819/6819
f 7856/7856 7850/7850 7854/7854
f 7037/7037 7846/7846 7059/7059
f 7857/7857 7851/7851 7855/7855
f 7858/7858 3666/3666 3663/3663
f 7859/7859 7827/7827 7824/7824
f 7859/7859 7824/7824 7849/7849
f 7860/7860 7649/7649 7650/7650
f 7861/7861 7859/7859 7849/7849
f 7839/7839 7827/7827 7859/7859
f 7860/7860 7650/7650 7729/7729
f 6832/6832 7852/7852 6821/6821
f 6832/6832 7855/7855 7852/7852
f 7859/7859 7862/7862 7839/7839
f 7650/7650 7730/7730 7729/7729
f 7849/7849 7826/7826 7861/7861
f 7861/7861 7826/7826 7856/7856
f 7863/7863 7861/7861 7856/7856
f 7864/7864 7857/7857 7855/7855
f 6832/6832 7864/7864 7855/7855
f 7865/7865 7863/7863 7856/7856
f 7733/7733 7860/7860 7729/7729
f 7865/7865 7856/7856 7854/7854
f 7859/7859 7861/7861 7862/7862
f 7733/7733 7729/7729 7728/7728
f 7861/7861 7863/7863 7862/7862
f 7833/7833 3666/3666 7866/7866
f 7867/7867 7862/7862 7863/7863
f 6832/6832 6830/6830 7868/7868
f 7867/7867 7863/7863 7865/7865
f 6830/6830 6905/6905 7868/7868
f 7868/7868 7864/7864 6832/6832
f 5416/5416 5417/5417 7055/7055
f 7664/7664 7649/7649 7860/7860
f 7864/7864 7869/7869 7857/7857
f 7869/7869 7851/7851 7857/7857
f 7870/7870 7055/7055 5417/5417
f 7063/7063 7055/7055 7870/7870
f 7869/7869 7864/7864 7871/7871
f 7872/7872 7664/7664 7860/7860
f 7873/7873 7860/7860 7733/7733
f 7864/7864 7868/7868 7871/7871
f 7874/7874 7866/7866 3666/3666
f 7875/7875 7871/7871 7868/7868
f 7876/7876 7870/7870 6030/6030
f 7873/7873 7733/7733 7769/7769
f 7874/7874 3666/3666 7858/7858
f 7870/7870 5417/5417 6030/6030
f 7877/7877 7878/7878 7871/7871
f 7877/7877 7871/7871 7875/7875
f 7872/7872 7860/7860 7873/7873
f 7770/7770 7873/7873 7769/7769
f 7879/7879 7873/7873 7770/7770
f 7876/7876 7880/7880 7870/7870
f 7063/7063 7870/7870 7880/7880
f 7881/7881 7882/7882 7883/7883
f 7884/7884 7833/7833 7885/7885
f 7770/7770 7773/7773 7799/8378
f 7886/7886 7881/7881 7700/7700
f 7886/7886 7887/7887 7882/7882
f 7882/7882 7881/7881 7886/7886
f 7876/7876 7069/7069 7880/7880
f 7713/7713 7664/7664 7872/7872
f 7063/7063 7880/7880 7069/7069
f 7885/7885 7833/7833 7866/7866
f 7682/7682 7886/7886 7700/7700
f 7888/7888 7713/7713 7872/7872
f 7099/7099 7069/7069 7876/7876
f 7713/7713 7661/7661 7664/7664
f 6047/6047 7889/7889 6040/6040
f 7886/7886 7682/7682 7791/7791
f 5997/5997 7835/7835 6048/8341
f 7835/7835 7837/7837 7890/7890
f 7891/7891 7873/7873 7879/7879
f 7886/7886 7791/7791 7892/7892
f 7888/7888 7872/7872 7873/7873
f 6048/8341 7835/7835 6047/8340
f 7891/7891 7888/7888 7873/7873
f 6047/8340 7835/7835 7889/8379
f 7893/7893 7894/7894 7883/7883
f 7890/7890 7841/7841 7895/7895
f 7895/7895 7896/7896 7890/7890
f 7723/7723 7710/7710 7713/7713
f 7841/7841 7890/7890 7837/7837
f 7882/7882 7893/7893 7883/7883
f 7889/8379 7835/7835 7890/7890
f 7713/7713 7888/7888 7136/7136
f 7723/7723 7713/7713 7135/7135
f 7897/7897 7878/7878 7877/7877
f 7135/7135 7713/7713 7136/7136
f 7893/7893 7898/7898 7899/7899
f 7897/8381 7893/7893 7899/7899
f 6040/6040 7876/7876 6030/6030
f 7900/7900 7866/7866 7874/7874
f 7878/7878 7897/7897 7899/8383
f 7878/7878 7899/8383 7898/8382
f 7900/7900 7874/7874 7901/7901
f 7888/7888 7891/7891 7148/7148
f 7902/7902 7148/7148 7891/7891
f 7903/7903 7884/7884 7885/7885
f 7876/7876 6040/6040 7889/7889
f 7896/8380 7876/7876 7889/7889
f 7893/7893 7882/7882 7887/7887
f 7137/7137 7888/7888 7148/7148
f 7887/7887 7886/7886 7892/7892
f 7904/7904 7885/7885 7866/7866
f 7889/8379 7890/7890 7896/7896
f 7903/7903 7885/7885 7904/7904
f 7136/7136 7888/7888 7137/7137
f 7892/7892 7905/7905 7887/7887
f 7879/7879 7770/7770 7799/8378
f 7893/7893 7887/7887 7905/7905
f 7799/8378 7891/7891 7879/7879
f 7904/7904 7906/7906 7903/7903
f 7907/7907 7799/7799 7798/7798
f 7902/7902 7891/7891 7799/8378
f 7908/7908 7893/7893 7905/7905
f 7902/8384 7799/7799 7907/7907
f 7893/7893 7908/7908 7909/7909
f 7904/7904 7866/7866 7910/7910
f 7909/7909 7898/7898 7893/7893
f 7911/7911 7909/7909 7908/7908
f 7853/7853 7798/7798 7840/7840
f 7902/8384 7907/7907 7853/7853
f 7853/7853 7907/7907 7798/7798
f 7866/7866 7900/7900 7910/7910
f 7900/7900 7901/7901 7910/7910
f 7912/7912 7802/7802 7801/7801
f 7851/7851 7912/7912 7801/7801
f 7841/7841 7839/7839 7862/7862
f 7913/7913 7912/7912 7851/7851
f 7862/7862 7914/7914 7841/7841
f 7802/7802 7912/7912 7915/7915
f 7915/7915 7916/7916 7802/7802
f 7200/7200 7853/7853 7846/7846
f 7914/7914 7895/7895 7841/7841
f 7917/7917 7906/7906 7904/7904
f 7910/7910 7917/7917 7904/7904
f 7200/7200 7902/8384 7853/7853
f 7913/7913 7915/7915 7912/7912
f 7037/7037 7200/7200 7846/7846
f 7918/7918 7917/7917 7910/7910
f 7177/7177 7202/7202 7200/7200
f 7148/7148 7902/7902 7149/7149
f 7902/8384 7200/7200 7149/8351
f 7202/7202 7149/8351 7200/7200
f 7869/7869 7913/7913 7851/7851
f 7895/7895 7914/7914 7919/7919
f 7915/7915 7913/7913 7920/7920
f 7869/7869 7920/7920 7913/7913
f 7918/7918 7910/7910 7901/7901
f 7921/7921 7920/7920 7869/7869
f 7084/7084 6587/6587 7922/7922
f 6587/6587 6579/6579 7922/7922
f 7922/7922 6579/6579 7271/7271
f 7871/7871 7921/7921 7869/7869
f 7271/7271 7084/7084 7922/7922
f 7867/7867 6913/6913 7862/7862
f 7087/7087 7083/7083 7084/7084
f 7281/7281 3648/3648 3652/3652
f 7802/7802 7916/7916 7804/7804
f 6948/6948 7919/7919 7914/7914
f 6948/6948 7914/7914 6946/6946
f 7831/7831 7804/7804 7916/7916
f 7914/7914 7862/7862 6946/6946
f 6946/6946 7862/7862 6913/6913
f 7923/7923 7831/7831 7916/7916
f 7920/7920 7916/7916 7915/7915
f 7691/7691 7690/7690 7924/7924
f 7896/7896 7895/7895 7925/7925
f 7923/7923 7926/7926 7831/7831
f 7281/7281 7249/7249 3648/3648
f 7842/7842 7831/7831 7926/7926
f 7160/7160 7132/7132 7694/7694
f 7925/7925 7895/7895 7919/7919
f 7919/7919 7927/7927 7925/7925
f 7920/7920 7923/7923 7916/7916
f 7928/7928 7694/7694 7691/7691
f 7926/7926 7923/7923 7920/7920
f 7896/8380 7925/8387 7876/7876
f 7928/7928 7691/7691 7924/7924
f 7929/7929 7926/7926 7920/7920
f 7925/8387 7099/7099 7876/7876
f 7930/7930 7099/7099 7925/8387
f 7931/7931 7160/7160 7694/7694
f 7168/7168 7160/7160 7931/7931
f 7694/7694 7928/7928 7924/7924
f 7930/7930 7925/8387 7927/8388
f 7834/7834 7831/7831 7843/7843
f 7842/7842 7843/7843 7831/7831
f 7924/7924 7931/7931 7694/7694
f 6948/6948 7927/7927 7919/7919
f 7924/7924 7690/7690 7703/7703
f 6948/6948 6947/6947 6956/6956
f 7932/7932 7847/7847 7845/7845
f 7281/7281 3652/3652 7833/7833
f 7281/7281 7374/7374 7277/7277
f 7933/7933 7924/7924 7703/7703
f 6961/8349 7099/7099 7930/7930
f 7926/7926 7929/7929 7842/7842
f 6961/8349 7123/7123 7099/7099
f 6961/8349 7930/7930 7927/8388
f 6961/6961 7927/7927 6948/6948
f 7842/7842 7929/7929 7934/7934
f 6961/6961 6948/6948 6956/6956
f 7845/7845 7842/7842 7934/7934
f 7934/7934 7932/7932 7845/7845
f 7935/7935 7281/7281 7833/7833
f 7936/7936 7932/7932 7934/7934
f 7921/7921 7929/7929 7920/7920
f 7937/7937 7854/7854 7559/7559
f 7931/7931 7938/7938 7168/7168
f 7248/7248 7938/7938 7931/7931
f 7248/7248 7931/7931 7924/7924
f 7281/7281 7935/7935 7374/7374
f 7935/7935 7939/7939 7374/7374
f 7937/7937 7559/7559 7564/7564
f 7937/7937 7564/7564 7555/7555
f 7248/7248 7924/7924 7266/7266
f 7940/7940 7937/7937 7555/7555
f 7941/7941 7940/7940 7555/7555
f 7173/7173 7168/7168 7938/7938
f 7878/7878 7942/7942 7929/7929
f 7865/7865 7854/7854 7937/7937
f 7878/7878 7921/7921 7871/7871
f 7173/7173 7938/7938 7248/7248
f 7878/7878 7929/7929 7921/7921
f 7943/7943 7940/7940 7941/7941
f 7941/7941 7555/7555 7547/7547
f 7944/7944 7266/7266 7933/7933
f 7939/7939 7935/7935 7833/7833
f 7945/7945 7878/7878 7898/8382
f 7941/7941 7547/7547 7588/7588
f 7933/7933 7266/7266 7924/7924
f 7939/7939 7378/7378 7374/7374
f 7945/7945 7946/7946 7942/7942
f 7945/7945 7911/8386 7946/7946
f 7378/7378 7939/7939 7947/7947
f 6925/6925 7941/7941 7588/7588
f 7934/7934 7929/7929 7942/7942
f 7865/7865 7937/7937 6916/6916
f 6916/6916 7937/7937 7940/7940
f 7942/7942 7936/7936 7934/7934
f 7946/7946 7936/7936 7942/7942
f 7944/7944 7948/7948 7266/7266
f 6916/6916 7940/7940 7943/7943
f 7898/8382 7909/8385 7945/7945
f 7947/7947 7401/7401 7378/7378
f 7942/7942 7878/7878 7945/7945
f 7135/7135 7134/7134 7725/7725
f 7909/8385 7911/8386 7945/7945
f 7662/7662 7401/7401 7688/7688
f 7911/7911 7908/7908 7949/7949
f 7947/7947 7939/7939 7950/7950
f 6916/6916 7943/7943 6911/6911
f 7140/7140 7725/7725 7134/7134
f 7943/7943 7941/7941 6925/6925
f 7198/7198 7725/7725 7140/7140
f 7947/7947 7950/7950 7951/7951
f 7952/7952 7933/7933 7703/7703
f 7952/7952 7703/7703 7727/7727
f 7953/7953 7939/7939 7833/7833
f 7953/7953 7833/7833 7884/7884
f 7566/7566 7569/7569 7954/7954
f 7952/7952 7727/7727 7955/7955
f 7727/7727 7718/7718 7955/7955
f 7950/7950 7953/7953 7884/7884
f 7954/7954 7567/7567 7566/7566
f 7954/7954 7575/7575 7567/7567
f 6911/6911 7943/7943 6925/6925
f 7956/7956 7957/7957 7954/7954
f 7958/7958 7933/7933 7952/7952
f 7959/7959 7958/7958 7952/7952
f 7569/7569 7814/7814 7956/7956
f 7950/7950 7939/7939 7953/7953
f 7956/7956 7954/7954 7569/7569
f 7959/7959 7952/7952 7955/7955
f 7588/7588 7550/7550 7960/7960
f 7961/7961 7588/7588 7960/7960
f 7955/7955 7718/7718 7721/7721
f 7960/7960 7550/7550 7589/7589
f 7955/7955 7721/7721 7725/7725
f 7962/7962 7960/7960 7589/7589
f 7950/7950 7884/7884 7903/7903
f 7588/7588 7961/7961 7963/7963
f 7957/7957 7586/7586 7954/7954
f 7725/7725 7964/7964 7955/7955
f 7962/7962 7963/7963 7961/7961
f 7965/7965 7957/7957 7956/7956
f 7964/7964 7725/7725 7198/7198
f 7961/7961 7960/7960 7962/7962
f 7966/7966 7962/7962 7589/7589
f 7586/7586 7575/7575 7954/7954
f 7586/7586 7576/7576 7575/7575
f 7962/7962 7966/7966 7967/7967
f 7968/7968 7944/7944 7933/7933
f 7263/7263 7599/7599 7258/7258
f 7968/7968 7933/7933 7958/7958
f 7969/7969 7968/7968 7958/7958
f 7970/7970 7589/7589 7594/7594
f 3663/3663 3667/3667 7858/7858
f 7970/7970 7594/7594 7599/7599
f 7970/7970 7966/7966 7589/7589
f 7969/7969 7958/7958 7959/7959
f 7586/7586 7971/7971 7587/7587
f 7972/7972 7944/7944 7968/7968
f 7973/7973 7587/7587 7971/7971
f 7970/7970 7599/7599 7974/7974
f 7974/7974 7599/7599 7263/7263
f 7957/7957 7971/7971 7586/7586
f 7966/7966 7970/7970 7975/7975
f 7976/7976 7975/7975 7970/7970
f 7965/7965 7971/7971 7957/7957
f 7966/7966 7975/7975 7976/7976
f 7977/7977 7971/7971 7965/7965
f 7948/7948 7944/7944 7972/7972
f 7976/7976 7978/7978 7966/7966
f 7978/7978 7976/7976 7979/7979
f 7976/7976 7970/7970 7974/7974
f 7968/7968 6910/6910 7972/7972
f 7959/7959 7955/7955 7964/7964
f 7263/7263 7980/7980 7974/7974
f 7977/7977 7973/7973 7971/7971
f 7978/7978 7974/7974 7980/7980
f 7979/7979 7976/7976 7974/7974
f 7979/7979 7974/7974 7978/7978
f 7959/7959 7964/7964 7969/7969
f 7981/7981 7858/7858 3667/3667
f 7965/7965 7956/7956 7814/7814
f 7967/7967 7963/7963 7962/7962
f 7967/7967 7982/7982 7963/7963
f 7814/7814 7838/7838 7965/7965
f 3726/3726 7981/7981 3720/3720
f 6921/6921 7969/7969 7964/7964
f 6987/6987 7982/7982 6988/6988
f 7967/7967 7966/7966 7978/7978
f 3667/3667 3720/3720 7981/7981
f 7983/7983 7965/7965 7848/7848
f 7838/7838 7844/7844 7848/7848
f 7848/7848 7965/7965 7838/7838
f 7982/7982 7967/7967 7978/7978
f 7964/7964 7198/7198 6922/6922
f 3726/3726 3723/3723 3727/3727
f 6919/6919 7964/7964 6922/6922
f 6921/6921 7964/7964 6919/6919
f 7984/7984 7983/7983 7848/7848
f 7848/7848 7985/7985 7984/7984
f 6988/6988 7982/7982 7978/7978
f 7266/7266 7251/7251 7248/7248
f 7984/7984 7985/7985 7986/7986
f 7980/7980 7987/7987 7978/7978
f 6988/6988 7978/7978 7987/7987
f 7988/7988 7965/7965 7983/7983
f 7984/7984 7988/7988 7983/7983
f 7989/7989 7988/7988 7984/7984
f 7963/7963 6925/6925 7588/7588
f 7984/7984 7986/7986 7989/7989
f 7948/7948 7990/7990 7266/7266
f 7988/7988 7977/7977 7965/7965
f 6929/6929 6925/6925 7963/7963
f 3727/3727 7991/7991 3726/3726
f 7963/7963 6987/6987 6929/6929
f 6987/6987 7963/7963 7982/7982
f 7992/7992 7977/7977 7988/7988
f 7993/7993 7266/7266 7990/7990
f 7994/7994 7977/7977 7992/7992
f 7865/7865 6916/6916 7867/7867
f 6940/6940 7993/7993 7990/7990
f 7995/7995 7992/7992 7988/7988
f 7992/7992 7995/7995 7996/7996
f 7262/7262 7266/7266 7993/7993
f 7997/7997 7996/7996 7995/7995
f 6913/6913 7867/7867 6916/6916
f 7989/7989 7995/7995 7988/7988
f 7997/7997 7995/7995 7989/7989
f 7268/7268 7262/7262 7993/7993
f 6940/6940 7998/7998 7993/7993
f 6946/6946 6913/6913 6951/6951
f 7268/7268 7993/7993 7998/7998
f 7997/7997 7989/7989 7986/7986
f 7998/7998 6939/6939 7268/7268
f 7270/7270 7268/7268 6939/6939
f 7981/7981 7999/7999 7858/7858
f 6921/6921 6910/6910 7968/7968
f 6921/6921 7968/7968 7969/7969
f 8000/8000 7948/7948 7972/7972
f 7587/7587 7623/7623 7585/7585
f 7990/7990 7948/7948 8000/8000
f 7973/7973 7623/7623 7587/7587
f 8000/8000 7972/7972 6910/6910
f 8000/8000 6910/6910 6909/6909
f 7874/7874 7858/7858 7999/7999
f 6908/6908 6910/6910 6921/6921
f 7973/7973 7624/7624 7623/7623
f 8000/8000 6909/6909 7990/7990
f 7629/7629 7624/7624 7973/7973
f 8001/8001 7629/7629 7973/7973
f 6940/6940 7990/7990 6909/6909
f 7629/7629 8002/8002 7631/7631
f 8003/8003 7629/7629 8001/8001
f 8003/8003 8002/8002 7629/7629
f 8003/8003 8004/8004 8002/8002
f 7981/7981 3726/3726 7991/7991
f 8001/8001 7973/7973 7977/7977
f 8003/8003 8001/8001 7977/7977
f 8005/8005 7981/7981 7991/7991
f 8006/8006 8003/8003 7977/7977
f 8004/8004 8003/8003 8006/8006
f 7981/7981 8005/8005 7999/7999
f 8007/8007 8004/8004 8006/8006
f 7632/7632 7631/7631 8002/8002
f 8008/8008 7645/7645 7632/8369
f 8008/8390 7632/7632 8002/8002
f 8009/8009 8008/8390 8002/8002
f 8008/8008 8010/8010 7645/7645
f 8008/8008 8009/8391 8010/8010
f 3727/3727 3735/3735 8011/8011
f 7641/7641 7642/7642 8010/8010
f 8010/8010 7642/7642 7645/7645
f 8010/8010 8009/8391 8012/8012
f 8002/8002 8004/8004 8009/8009
f 8011/8011 3735/3735 3738/3738
f 8013/8013 8004/8004 8007/8007
f 8009/8009 8004/8004 8013/8013
f 8013/8392 8012/8012 8009/8391
f 8014/8014 8011/8011 3738/3738
f 3742/3742 8014/8014 3738/3738
f 8014/8014 3742/3742 3743/3743
f 7994/7994 8006/8006 7977/7977
f 8014/8014 3743/3743 7275/7275
f 7996/7996 7994/7994 7992/7992
f 7996/7996 8015/8015 7994/7994
f 8016/8016 8011/8011 8014/8014
f 8006/8006 7994/7994 8017/8017
f 7994/7994 8015/8015 8017/8017
f 8017/8017 8007/8007 8006/8006
f 8018/8018 8015/8015 7996/7996
f 7997/7997 8018/8018 7996/7996
f 7299/7299 8014/8014 7275/7275
f 8019/8019 8015/8015 8018/8018
f 8016/8016 8020/8020 8011/8011
f 8017/8017 8015/8015 8019/8019
f 8016/8016 8014/8014 7299/7299
f 8021/8021 8007/8007 8017/8017
f 8013/8013 8007/8007 8021/8021
f 7301/7301 8016/8016 7299/7299
f 8022/8022 8013/8013 8021/8021
f 8023/8023 8013/8392 8022/8393
f 8024/8024 8021/8021 8017/8017
f 8025/8025 8021/8021 8024/8024
f 8025/8025 8022/8022 8021/8021
f 8025/8025 8026/8026 8022/8022
f 7991/7991 3727/3727 8011/8011
f 8027/8027 8028/8028 8029/8029
f 8020/8020 7991/7991 8011/8011
f 7791/7791 7785/7785 8030/8030
f 8020/8020 8031/8031 7991/7991
f 8032/8032 8020/8020 8016/8016
f 7791/7791 8030/8030 8028/8028
f 8028/8028 8030/8030 8029/8029
f 7874/7874 7999/7999 8033/8033
f 7901/7901 7874/7874 8034/8034
f 8034/8034 7874/7874 8033/8033
f 8033/8033 7999/7999 8005/8005
f 7908/7908 8035/8035 8036/8036
f 8037/8037 7908/7908 8036/8036
f 8038/8038 8037/8037 8036/8036
f 8035/8035 7892/7892 7791/7791
f 8036/8036 8035/8035 7791/7791
f 7905/7905 7892/7892 8035/8035
f 8035/8035 7908/7908 7905/7905
f 8039/8039 8033/8033 8005/8005
f 8028/8028 8036/8036 7791/7791
f 8040/8040 8028/8028 8027/8027
f 8036/8036 8028/8028 8040/8040
f 7918/7918 7901/7901 8041/8041
f 8041/8041 7901/7901 8034/8034
f 8038/8038 8036/8036 8040/8040
f 8038/8038 8042/8042 8037/8037
f 8042/8042 8038/8038 8040/8040
f 7785/7785 7812/7812 8029/8029
f 7815/7815 8029/8029 7812/7812
f 8034/8034 8043/8043 8041/8041
f 8033/8033 8043/8043 8034/8034
f 8029/8029 7815/7815 8044/8044
f 8030/8030 7785/7785 8029/8029
f 8033/8033 8039/8039 8045/8045
f 8045/8045 8046/8046 8033/8033
f 7815/7815 7237/7237 7253/7253
f 7301/7301 8032/8032 8016/8016
f 7323/7323 8032/8032 7301/7301
f 8032/8032 7323/7323 7340/7340
f 8029/8029 8044/8044 8027/8027
f 8039/8039 8005/8005 7991/7991
f 8039/8039 7991/7991 8031/8031
f 8045/8045 8039/8039 8031/8031
f 8044/8044 7815/7815 8047/8047
f 8048/8048 8044/8044 8047/8047
f 8032/8032 8031/8031 8020/8020
f 8049/8049 8031/8031 8032/8032
f 8049/8049 8032/8032 7340/7340
f 8049/8049 8045/8045 8031/8031
f 8050/8050 7848/7848 7847/7847
f 8050/8050 7985/7985 7848/7848
f 8050/8050 7847/7847 7932/7932
f 8051/8051 8050/8050 7932/7932
f 7985/7985 8050/8050 7986/7986
f 8049/8049 8052/8052 8045/8045
f 8053/8053 8050/8050 8051/8051
f 8051/8051 7932/7932 7936/7936
f 8054/8054 8051/8051 7936/7936
f 8054/8054 8053/8053 8051/8051
f 8053/8053 8054/8054 8055/8055
f 7341/7341 8049/8049 7340/7340
f 8056/8056 8055/8055 8054/8054
f 7362/7362 8049/8049 7341/7341
f 8053/8053 7986/7986 8050/8050
f 7362/7362 8052/8052 8049/8049
f 8018/8018 7997/7997 7986/7986
f 8018/8018 7986/7986 8053/8053
f 8055/8055 8018/8018 8053/8053
f 8057/8057 8058/8058 8059/8059
f 8058/8058 7906/7906 7917/7917
f 8056/8056 8060/8060 8055/8055
f 8037/8037 7949/7949 7908/7908
f 7949/8389 7946/7946 7911/8386
f 8061/8061 7917/7917 7918/7918
f 8059/8059 7917/7917 8061/8061
f 8058/8058 7917/7917 8059/8059
f 7946/7946 8054/8054 7936/7936
f 8062/8062 8054/8054 7946/7946
f 7946/7946 7949/8389 8062/8062
f 8063/8063 8059/8059 8061/8061
f 8062/8062 8056/8056 8054/8054
f 8062/8062 7949/8389 8064/8064
f 8065/8065 8059/8059 8063/8063
f 8042/8042 8064/8395 8037/8037
f 8064/8395 7949/7949 8037/8037
f 8042/8042 8040/8040 8027/8027
f 8056/8056 8062/8062 8064/8064
f 7688/7688 7401/7401 7947/7947
f 8042/8042 8066/8066 8064/8395
f 8056/8056 8064/8064 8066/8396
f 8067/8067 8066/8066 8042/8042
f 7688/7688 7947/7947 7951/7951
f 8068/8068 8044/8044 8048/8048
f 8068/8068 8048/8048 8069/8069
f 8066/8396 8070/8070 8056/8056
f 7688/7688 7951/7951 8071/8071
f 8071/8071 7951/7951 8072/8072
f 8067/8067 8068/8068 8069/8069
f 8069/8069 8073/8073 8067/8067
f 8070/8397 8067/8067 8073/8073
f 8067/8067 8070/8397 8066/8066
f 7951/7951 7950/7950 8072/8072
f 8048/8048 8047/8047 8074/8074
f 8072/8072 7950/7950 7903/7903
f 8069/8069 8048/8048 8074/8074
f 8072/8072 7903/7903 8075/8075
f 8076/8076 8074/8074 8047/8047
f 8071/8071 8072/8072 8077/8077
f 8074/8074 8078/8078 8073/8073
f 8075/8075 8077/8077 8072/8072
f 8073/8073 8069/8069 8074/8074
f 8055/8055 8019/8019 8018/8018
f 8079/8079 8071/8071 8077/8077
f 8060/8060 8024/8024 8019/8019
f 8079/8079 7688/7688 8071/8071
f 8079/8079 7687/7687 7688/7688
f 8024/8024 8060/8060 8080/8080
f 7687/7687 8079/8079 7753/7753
f 8060/8060 8019/8019 8055/8055
f 8070/8070 8060/8060 8056/8056
f 8070/8070 8080/8080 8060/8060
f 8019/8019 8024/8024 8017/8017
f 8079/8079 8077/8077 8081/8081
f 8024/8024 8080/8080 8082/8082
f 8082/8082 8025/8025 8024/8024
f 8082/8082 8083/8083 8025/8025
f 8080/8080 8084/8084 8082/8082
f 8081/8081 8077/8077 8085/8085
f 8083/8083 8082/8082 8084/8084
f 8070/8397 8073/8073 8084/8398
f 8084/8084 8080/8080 8070/8070
f 8084/8398 8073/8073 8078/8078
f 8081/8081 8085/8085 8086/8086
f 8074/8074 8087/8087 8078/8078
f 8084/8398 8078/8078 8087/8087
f 8044/8044 8068/8068 8027/8027
f 8027/8027 8067/8067 8042/8042
f 8067/8067 8027/8027 8068/8068
f 8058/8058 7903/7903 7906/7906
f 8058/8058 8075/8075 7903/7903
f 8085/8085 8075/8075 8058/8058
f 8088/8088 7263/7263 7264/7264
f 8075/8075 8085/8085 8077/8077
f 8057/8057 8085/8085 8058/8058
f 7263/7263 8088/8088 7980/7980
f 8089/8089 8085/8085 8057/8057
f 8065/8065 8057/8057 8059/8059
f 8089/8089 8057/8057 8065/8065
f 8065/8065 8090/8090 8089/8089
f 8091/8091 7264/7264 8092/8092
f 7497/7497 7270/7270 6939/6939
f 8092/8092 7264/7264 7270/7270
f 8092/8092 7270/7270 7497/7497
f 8093/8093 8079/8079 8081/8081
f 8094/8094 8091/8091 8092/8092
f 8088/8088 7264/7264 8091/8091
f 8079/8079 8093/8093 7753/7753
f 7501/7501 8092/8092 7497/7497
f 8094/8094 8092/8092 7501/7501
f 7777/7777 7753/7753 8093/8093
f 8095/8095 8081/8081 8096/8096
f 8081/8081 8086/8086 8096/8096
f 8097/8097 7980/7980 8088/8088
f 8081/8081 8095/8095 8093/8093
f 8097/8097 7987/7987 7980/7980
f 8098/8098 8096/8096 8086/8086
f 8099/8099 8095/8095 8096/8096
f 8099/8099 8096/8096 8098/8098
f 8100/8100 8088/8088 8091/8091
f 8094/8094 8100/8100 8091/8091
f 8097/8097 8088/8088 8100/8100
f 8101/8101 7777/7777 8093/8093
f 8100/8100 8094/8094 8102/8102
f 8095/8095 8101/8101 8093/8093
f 7501/7501 8102/8102 8094/8094
f 7600/7600 7777/7777 8101/8101
f 8097/8097 8100/8100 8102/8102
f 8103/8103 8097/8097 8102/8102
f 8104/8104 8103/8103 8102/8102
f 7036/7036 7777/7777 7600/7600
f 8102/8102 7501/7501 8104/8104
f 8101/8101 8095/8095 8105/8105
f 8105/8105 8095/8095 8099/8099
f 7607/7607 8105/8105 8099/8099
f 7502/7502 8104/8104 7501/7501
f 8103/8103 8104/8104 7502/7502
f 7609/7609 7607/7607 8099/8099
f 7607/7607 8101/8101 8105/8105
f 7607/7607 7600/7600 8101/8101
f 8106/8106 7987/7987 8107/8107
f 8108/8108 8106/8106 8107/8107
f 8106/8106 6988/6988 7987/7987
f 8086/8086 8085/8085 8089/8089
f 8086/8086 8089/8089 8090/8090
f 7004/7004 6988/6988 8106/8106
f 8109/8109 7004/7004 8106/8106
f 8110/8110 8106/8106 8108/8108
f 8109/8109 8106/8106 8110/8110
f 8086/8086 8090/8090 8111/8111
f 8098/8098 8086/8086 8111/8111
f 8097/8097 8107/8107 7987/7987
f 7639/7639 8111/8111 8112/8112
f 7639/7639 8098/8098 8111/8111
f 8112/8112 8090/8090 8065/8065
f 8112/8112 8111/8111 8090/8090
f 8112/8112 8065/8065 8113/8113
f 8107/8107 8097/8097 8114/8114
f 8097/8097 8103/8103 8114/8114
f 8115/8115 8108/8108 8107/8107
f 7016/7016 7004/7004 8109/8109
f 7016/7016 8109/8109 8110/8110
f 8110/8110 8116/8116 7016/7016
f 7609/7609 8099/8099 8098/8098
f 7639/7639 7609/7609 8098/8098
f 8110/8110 8108/8108 8117/8117
f 7025/7025 7015/7015 7016/7016
f 7025/7025 7016/7016 8116/8116
f 7640/7640 7639/7639 8112/8112
f 8110/8110 8117/8117 8116/8116
f 8118/8118 8116/8116 8117/8117
f 7648/7648 8112/8112 8113/8113
f 8119/8119 8107/8107 8120/8120
f 7648/7648 8113/8113 7650/7650
f 8107/8107 8119/8119 8115/8115
f 7648/7648 7640/7640 8112/8112
f 8121/8121 8115/8115 8119/8119
f 8122/8122 8115/8115 8123/8123
f 8123/8123 8115/8115 8121/8121
f 8124/8124 7918/7918 8041/8041
f 8115/8115 8125/8125 8108/8108
f 8117/8117 8108/8108 8125/8125
f 8124/8124 8061/8061 7918/7918
f 8041/8041 8043/8043 8124/8124
f 8118/8118 8117/8117 8125/8125
f 8122/8122 8125/8125 8115/8115
f 8125/8125 8122/8122 8118/8118
f 8063/8063 8061/8061 8124/8124
f 8126/8126 8124/8124 8043/8043
f 7590/7590 8103/8103 7502/7502
f 8114/8114 8103/8103 7590/7590
f 8126/8126 8127/8127 8124/8124
f 8114/8114 7592/7592 8128/8128
f 8128/8128 8107/8107 8114/8114
f 8043/8043 8033/8033 8046/8046
f 7592/7592 8114/8114 7590/7590
f 8120/8120 8107/8107 8128/8128
f 8126/8126 8043/8043 8046/8046
f 8119/8119 8120/8120 8128/8128
f 8129/8129 8126/8126 8046/8046
f 7592/7592 8119/8119 8128/8128
f 8130/8130 8119/8119 7592/7592
f 8130/8130 7592/7592 7608/7608
f 8124/8124 8127/8127 8063/8063
f 8131/8131 8119/8119 8130/8130
f 8131/8131 8121/8121 8119/8119
f 8121/8121 8131/8131 8123/8123
f 8065/8065 8063/8063 8127/8127
f 8131/8131 8130/8130 7611/7611
f 7611/7611 8130/8130 7608/7608
f 8113/8113 8065/8065 8127/8127
f 8131/8131 7611/7611 7641/7641
f 8132/8132 8127/8127 8126/8126
f 8132/8132 8126/8126 8129/8129
f 7228/7228 7012/7012 7025/7025
f 8133/8133 7025/7025 8116/8116
f 8133/8133 8116/8116 8118/8118
f 7228/7228 7025/7025 8134/8134
f 7025/7025 8133/8133 8134/8134
f 8132/8132 8129/8129 8135/8135
f 8135/8135 8129/8129 8136/8136
f 7335/7335 6260/6260 6382/6382
f 6259/6259 6382/6382 6260/6260
f 7229/7229 7228/7228 8137/8137
f 8137/8137 7228/7228 8134/8134
f 7351/7351 7335/7335 6382/6382
f 8138/8138 8133/8133 8118/8118
f 8134/8134 8133/8133 8138/8138
f 8139/8139 7351/7351 6382/6382
f 8122/8122 8138/8138 8118/8118
f 8140/8140 8138/8138 8122/8122
f 8141/8141 7351/7351 8139/8139
f 8138/8138 8142/8142 8134/8134
f 7361/7361 7352/7352 7351/7351
f 7361/7361 7351/7351 8141/8141
f 8137/8137 8134/8134 8142/8142
f 8142/8142 8138/8138 8140/8140
f 8143/8143 8142/8142 8140/8140
f 6381/6381 8139/8139 6382/6382
f 8144/8144 8141/8141 8139/8139
f 7815/7815 7253/7253 8145/8145
f 6381/6381 8144/8144 8139/8139
f 8146/8146 8145/8145 7260/7260
f 8147/8147 7358/7358 7361/7361
f 8145/8145 7253/7253 7260/7260
f 8147/8147 7361/7361 8141/8141
f 8147/8147 7369/7369 7358/7358
f 8146/8399 7229/7229 8137/8137
f 8147/8147 8141/8141 8144/8144
f 8147/8147 8144/8144 8148/8148
f 8148/8148 7369/7369 8147/8147
f 7229/8360 8146/8146 7260/7260
f 8045/8045 8149/8149 8046/8046
f 8145/8145 8146/8146 8150/8150
f 8052/8052 8149/8149 8045/8045
f 8151/8151 8149/8149 8052/8052
f 8152/8152 8145/8145 8150/8150
f 8129/8129 8046/8046 8149/8149
f 8143/8143 8137/8137 8142/8142
f 8137/8137 8150/8400 8146/8399
f 8150/8400 8137/8137 8143/8143
f 8150/8400 8143/8143 8153/8153
f 8153/8153 8152/8401 8150/8400
f 8154/8154 8123/8123 8131/8131
f 8154/8154 8155/8155 8123/8123
f 8131/8131 8010/8010 8154/8154
f 8151/8151 8052/8052 7362/7362
f 8156/8156 8140/8140 8154/8154
f 8151/8151 8136/8136 8149/8149
f 8155/8155 8122/8122 8123/8123
f 8136/8136 8151/8151 8157/8157
f 8155/8155 8140/8140 8122/8122
f 8140/8140 8155/8155 8154/8154
f 8136/8136 8157/8157 8158/8158
f 8143/8143 8140/8140 8153/8153
f 8153/8153 8140/8140 8156/8156
f 8136/8136 8129/8129 8149/8149
f 8010/8010 8131/8131 7641/7641
f 8154/8154 8010/8010 8159/8159
f 8159/8159 8010/8010 8012/8012
f 7364/7364 7368/7368 7367/7367
f 8160/8160 7367/7367 7368/7368
f 7367/8368 8151/8151 7362/7362
f 8161/8161 8156/8156 8154/8154
f 8157/8157 8151/8151 7367/8368
f 8161/8161 8154/8154 8159/8159
f 8162/8162 8156/8156 8161/8161
f 8163/8163 8156/8156 8162/8162
f 8158/8158 8157/8157 8164/8164
f 8153/8153 8163/8163 8152/8401
f 8163/8163 8162/8162 8165/8165
f 8160/8160 7368/7368 7369/7369
f 8166/8166 8157/8157 7367/8368
f 8163/8163 8167/8167 8152/8401
f 8160/8160 8166/8402 7367/7367
f 8163/8163 8165/8165 8167/8167
f 8163/8163 8153/8153 8156/8156
f 8168/8168 8113/8113 8127/8127
f 8127/8127 8132/8132 8168/8168
f 8161/8161 8159/8159 8023/8023
f 8013/8392 8159/8159 8012/8012
f 8023/8023 8159/8159 8013/8392
f 8026/8394 8161/8161 8023/8023
f 8162/8162 8161/8161 8026/8394
f 8168/8168 8132/8132 8135/8135
f 8162/8162 8169/8169 8165/8165
f 8169/8169 8162/8162 8026/8394
f 8170/8170 8165/8165 8169/8169
f 8026/8394 8023/8023 8022/8393
f 8145/8145 8047/8047 7815/7815
f 8168/8168 8135/8135 8171/8171
f 7730/7730 8168/8168 8171/8171
f 8076/8076 8047/8047 8145/8145
f 8171/8171 8135/8135 8172/8172
f 7650/7650 8113/8113 8168/8168
f 8168/8168 7730/7730 7650/7650
f 8152/8152 8076/8076 8145/8145
f 8167/8403 8076/8076 8152/8152
f 7728/7728 7730/7730 8171/8171
f 7732/7732 8171/8171 8172/8172
f 8076/8076 8087/8087 8074/8074
f 7728/7728 8171/8171 7732/7732
f 8076/8076 8167/8403 8173/8173
f 8173/8173 8087/8087 8076/8076
f 8173/8173 8084/8398 8087/8087
f 8173/8406 8170/8170 8169/8169
f 8167/8167 8165/8165 8170/8170
f 8167/8167 8170/8170 8173/8406
f 8083/8083 8026/8026 8025/8025
f 8083/8083 8169/8404 8026/8026
f 8083/8083 8084/8084 8173/8405
f 8173/8405 8169/8404 8083/8083
f 7622/7622 6854/6854 6849/6849
f 7622/7622 7673/7673 6854/6854
f 8174/8174 6381/6381 6416/6416
f 8144/8144 6381/6381 8175/8175
f 8175/8175 8148/8148 8144/8144
f 8176/8176 6854/6854 7673/7673
f 8174/8174 8175/8175 6381/6381
f 8175/8175 8177/8177 8148/8148
f 6854/6854 8176/8176 6882/6882
f 6884/6884 6882/6882 6886/6886
f 6344/6344 6416/6416 6317/6317
f 8176/8176 6886/6886 6882/6882
f 6885/6885 6886/6886 6901/6901
f 8176/8176 6901/6901 6886/6886
f 7677/7677 8176/8176 7673/7673
f 6344/6344 7738/7738 6416/6416
f 8176/8176 7677/7677 8178/8178
f 7677/7677 7680/7680 8178/8178
f 8179/8179 8180/8180 8178/8178
f 8181/8181 8176/8176 8178/8178
f 7738/7738 8174/8174 6416/6416
f 8179/8179 8178/8178 7680/7680
f 7741/7741 8174/8174 7738/7738
f 7741/7741 8177/8177 8174/8174
f 8174/8174 8177/8177 8175/8175
f 8181/8181 8182/8182 6902/6902
f 7741/7741 7758/7758 8177/8177
f 7742/7742 7758/7758 7741/7741
f 8183/8183 6902/6902 8182/8182
f 8172/8172 8135/8135 8136/8136
f 8181/8181 6901/6901 8176/8176
f 8181/8181 6902/6902 6901/6901
f 8183/8183 6903/6903 6902/6902
f 8172/8172 8136/8136 8158/8158
f 8184/8184 8172/8172 8158/8158
f 8180/8180 8181/8181 8178/8178
f 8179/8179 7680/7680 7702/7702
f 8180/8180 8179/8179 8185/8185
f 8185/8185 8179/8179 7702/7702
f 8164/8164 8186/8186 8184/8184
f 7894/7894 8182/8182 8180/8180
f 8187/8187 8160/8160 7369/7369
f 7369/7369 8148/8148 8187/8187
f 8182/8182 8181/8181 8180/8180
f 8164/8164 8157/8157 8166/8166
f 7894/7894 8180/8180 8185/8185
f 8188/8188 8160/8160 8187/8187
f 8166/8402 8160/8160 8188/8188
f 8186/8186 8164/8164 8166/8166
f 8185/8185 7883/7883 7894/7894
f 6906/6906 6903/8345 8183/8407
f 6906/6906 8189/8189 6905/6905
f 8183/8407 8189/8189 6906/6906
f 8148/8148 8190/8190 8187/8187
f 8190/8190 8148/8148 8177/8177
f 8183/8183 8182/8182 8191/8191
f 8186/8408 8166/8402 8188/8188
f 8189/8189 8183/8407 8191/8409
f 7875/7875 8189/8189 8191/8409
f 8192/8192 8188/8188 8187/8187
f 8189/8189 7868/7868 6905/6905
f 8184/8184 8158/8158 8164/8164
f 7875/7875 7868/7868 8189/8189
f 8184/8184 8186/8186 8193/8193
f 8193/8410 8186/8408 8188/8188
f 7732/7732 8172/8172 8184/8184
f 7894/7894 8191/8191 8182/8182
f 8191/8191 7894/7894 8194/8194
f 8194/8194 7894/7894 7897/8381
f 8191/8409 7877/7877 7875/7875
f 7766/7766 7732/7732 8184/8184
f 8191/8409 8194/8411 7877/7877
f 7877/7877 8194/8411 7897/7897
f 8185/8185 7702/7702 7881/7881
f 7881/7881 7702/7702 7700/7700
f 7883/7883 8185/8185 7881/7881
f 7758/7758 8192/8192 8177/8177
f 8190/8190 8177/8177 8192/8192
f 7897/8381 7894/7894 7893/7893
f 8192/8192 8187/8187 8190/8190
f 7780/7780 8188/8188 8192/8192
f 7760/7760 8192/8192 7758/7758
f 7760/7760 7780/7780 8192/8192
f 7774/7774 7780/7780 7760/7760
f 7780/7780 8193/8410 8188/8188
f 7766/7766 8184/8184 7765/7765
f 7765/7765 8184/8184 8193/8193
f 7765/8375 8193/8410 7780/7780
f 6977/6977 6976/6976 7816/7816
f 6985/6985 7816/7816 6976/6976
f 6967/6967 7002/7002 7010/7010
f 7819/7819 7024/7024 7821/7821
f 6939/6939 7998/7998 6940/6940
